chain,credential,family,path,in_core_schema,required,type,status,applicable,value,basis,source,locator,note,schema_description
1 chips (stretch),01-h100-sxm5-passport,DPP,$,yes,yes,object,container,yes,,,,,Structural: see the fields beneath.,A digital Product Passport (DPP) credential.
1 chips (stretch),01-h100-sxm5-passport,DPP,$.type,yes,no,array<string>,issuer-controlled,yes,,issuer-controlled,ODS,,,
1 chips (stretch),01-h100-sxm5-passport,DPP,$.@context,yes,yes,array<string>,issuer-controlled,yes,,issuer-controlled,ODS,,Third entry is the proposed AI compute and models extension context (fictional URL; local copy in extension/).,A list of JSON-LD context URIs that define the semantic meaning of properties within the credential. 
1 chips (stretch),01-h100-sxm5-passport,DPP,$.id,yes,yes,string,issuer-controlled,yes,https://example.org/untp-ai/credentials/h100-sxm5-passport,issuer-controlled,ODS,,,A unique identifier (URI) assigned to this verifiable credential.
1 chips (stretch),01-h100-sxm5-passport,DPP,$.issuer,yes,yes,object,issuer-controlled,yes,,issuer-controlled,ODS,,Fictional issuer. The DID does not resolve and nothing is signed.,"The organisation that is the issuer of this VC. Note that the ""id"" property MUST be a W3C DID.  Other identifiers such as tax registration numbers can be lis..."
1 chips (stretch),01-h100-sxm5-passport,DPP,$.issuer.type,yes,no,array<string>,issuer-controlled,yes,,issuer-controlled,ODS,,Fictional issuer. The DID does not resolve and nothing is signed. (inherited from parent field),
1 chips (stretch),01-h100-sxm5-passport,DPP,$.issuer.id,yes,yes,string,issuer-controlled,yes,did:web:example.org,issuer-controlled,ODS,,Fictional issuer. The DID does not resolve and nothing is signed. (inherited from parent field),The W3C DID of the issuer - should be a did:web or did:webvh
1 chips (stretch),01-h100-sxm5-passport,DPP,$.issuer.name,yes,yes,string,issuer-controlled,yes,Example reconstruction issuer (fictional; ODS AI Supply Chains prototype),issuer-controlled,ODS,,Fictional issuer. The DID does not resolve and nothing is signed. (inherited from parent field),The name of the issuer person or organisation
1 chips (stretch),01-h100-sxm5-passport,DPP,$.issuer.issuerAlsoKnownAs[],yes,no,object,not published,no,,,,,Not applicable to this item or not used by this reconstruction.,An optional list of other registered identifiers for this credential issuer 
1 chips (stretch),01-h100-sxm5-passport,DPP,$.issuer.issuerAlsoKnownAs[].type,yes,no,array<string>,not published,no,,,,,Not applicable to this item or not used by this reconstruction.,
1 chips (stretch),01-h100-sxm5-passport,DPP,$.issuer.issuerAlsoKnownAs[].id,yes,yes,string,not published,no,,,,,Not applicable to this item or not used by this reconstruction.,Globally unique identifier of this party. Typically represented as a URI identifierScheme/Identifier URI
1 chips (stretch),01-h100-sxm5-passport,DPP,$.issuer.issuerAlsoKnownAs[].name,yes,yes,string,not published,no,,,,,Not applicable to this item or not used by this reconstruction.,Legal registered name of this party.
1 chips (stretch),01-h100-sxm5-passport,DPP,$.issuer.issuerAlsoKnownAs[].registeredId,yes,no,string,not published,no,,,,,Not applicable to this item or not used by this reconstruction.,The registration number (alphanumeric) of the Party within the register. Unique within the register.
1 chips (stretch),01-h100-sxm5-passport,DPP,$.validFrom,yes,yes,string,issuer-controlled,yes,2026-09-30T00:00:00Z,issuer-controlled,ODS,,,The date and time from which the credential is valid.
1 chips (stretch),01-h100-sxm5-passport,DPP,$.validUntil,yes,no,string,not published,no,,,,,Not applicable to this item or not used by this reconstruction.,The expiry date (if applicable) of this verifiable credential.
1 chips (stretch),01-h100-sxm5-passport,DPP,$.name,yes,yes,string,issuer-controlled,yes,"Digital Product Passport (stretch): NVIDIA H100 SXM5 80GB, model level",issuer-controlled,ODS,,,"Name of this verifiable credential instance (eg the title of a digital product passport, facility record, lifecycle event, or conformity credential)"
1 chips (stretch),01-h100-sxm5-passport,DPP,$.credentialStatus,yes,no,object,not published,no,,,,,Not applicable to this item or not used by this reconstruction.,A W3C VCDM2.0 compliant object containing credential status information.
1 chips (stretch),01-h100-sxm5-passport,DPP,$.credentialStatus.type,yes,yes,string enum['BitstringStatusListEntry'],not published,no,,,,,Not applicable to this item or not used by this reconstruction.,"The type of status list - must be set to ""The type property MUST be BitstringStatusListEntry."""
1 chips (stretch),01-h100-sxm5-passport,DPP,$.credentialStatus.id,yes,no,string,not published,no,,,,,Not applicable to this item or not used by this reconstruction.,optional identifier of this status list entry.
1 chips (stretch),01-h100-sxm5-passport,DPP,$.credentialStatus.statusPurpose,yes,yes,"string enum['refresh', 'revocation', 'suspension', 'message']",not published,no,,,,,Not applicable to this item or not used by this reconstruction.,Status purpose drawn from a standard list but extensible as per w3c bitstring status list specification.
1 chips (stretch),01-h100-sxm5-passport,DPP,$.credentialStatus.statusListIndex,yes,yes,integer,not published,no,,,,,Not applicable to this item or not used by this reconstruction.,"	The statusListIndex property MUST be an arbitrary size integer greater than or equal to 0, expressed as a string in base 10. The value identifies the positi..."
1 chips (stretch),01-h100-sxm5-passport,DPP,$.credentialStatus.statusListCredential,yes,yes,string,not published,no,,,,,Not applicable to this item or not used by this reconstruction.,"The statusListCredential property MUST be a URL to a verifiable credential. When the URL is dereferenced, the resulting verifiable credential MUST have type ..."
1 chips (stretch),01-h100-sxm5-passport,DPP,$.renderMethod[],yes,no,object,not published,no,,,,,Not applicable to this item or not used by this reconstruction.,Human rendering information for this credential. An array of render methods (eg RenderTemplate2024) that may be used to display the credential.
1 chips (stretch),01-h100-sxm5-passport,DPP,$.renderMethod[].type,yes,no,array<string>,not published,no,,,,,Not applicable to this item or not used by this reconstruction.,
1 chips (stretch),01-h100-sxm5-passport,DPP,$.renderMethod[].name,yes,no,string,not published,no,,,,,Not applicable to this item or not used by this reconstruction.,Human facing display name for selection
1 chips (stretch),01-h100-sxm5-passport,DPP,$.renderMethod[].mediaQuery,yes,no,string,not published,no,,,,,Not applicable to this item or not used by this reconstruction.,Media query as defined in https://www.w3.org/TR/mediaqueries-4/
1 chips (stretch),01-h100-sxm5-passport,DPP,$.renderMethod[].template,yes,no,string,not published,no,,,,,Not applicable to this item or not used by this reconstruction.,An inline template field for use cases where remote retrieval of a render method is suboptimal
1 chips (stretch),01-h100-sxm5-passport,DPP,$.renderMethod[].url,yes,no,string,not published,no,,,,,Not applicable to this item or not used by this reconstruction.,URL for remotely hosted template
1 chips (stretch),01-h100-sxm5-passport,DPP,$.renderMethod[].mediaType,yes,no,string,not published,no,,,,,Not applicable to this item or not used by this reconstruction.,media type of the rendered output (eg text/html)
1 chips (stretch),01-h100-sxm5-passport,DPP,$.renderMethod[].digestMultibase,yes,no,string,not published,no,,,,,Not applicable to this item or not used by this reconstruction.,Used for resource integrity and/or validation of the inline `template`
1 chips (stretch),01-h100-sxm5-passport,DPP,$.credentialSubject,yes,yes,object,container,yes,,,,,Structural: see the fields beneath.,The product that is the subject of this digital product passport.
1 chips (stretch),01-h100-sxm5-passport,DPP,$.credentialSubject.type,yes,no,array<string>,container,yes,,,,,Structural: see the fields beneath.,
1 chips (stretch),01-h100-sxm5-passport,DPP,$.credentialSubject.id,yes,yes,string,issuer-controlled,yes,https://example.org/untp-ai/product/nvidia-h100-sxm5-80gb,issuer-controlled,ODS,,No public GTIN or registered part number for the SXM5 module; ODS-minted URI.,"Globally unique identifier of this product. Typically represented as a URI identifierScheme/Identifier URI or, if self-issued, as a did."
1 chips (stretch),01-h100-sxm5-passport,DPP,$.credentialSubject.name,yes,yes,string,published,yes,"NVIDIA H100 Tensor Core GPU, SXM5, 80 GB HBM3",stated,NV-PRODUCT; NV-WP,,,The product name as known to the market.
1 chips (stretch),01-h100-sxm5-passport,DPP,$.credentialSubject.description,yes,no,string,published,yes,"Data-centre GPU accelerator module (Hopper architecture, GH100 die). The lots installed at Jupiter and Augusta are not identified publicly.",stated,NV-BLOG; NV-WP,,,Description of the product.
1 chips (stretch),01-h100-sxm5-passport,DPP,$.credentialSubject.idScheme,yes,yes,object,issuer-controlled,yes,,issuer-controlled,ODS,,,"The identifier scheme for this product.  Eg a GS1 GTIN or an AU Livestock NLIS, or similar. If self issued then use the party ID of the issuer.  "
1 chips (stretch),01-h100-sxm5-passport,DPP,$.credentialSubject.idScheme.type,yes,no,array<string>,issuer-controlled,yes,,issuer-controlled,ODS,,(inherited from parent field),
1 chips (stretch),01-h100-sxm5-passport,DPP,$.credentialSubject.idScheme.id,yes,yes,string,issuer-controlled,yes,did:web:example.org,issuer-controlled,ODS,,(inherited from parent field),The URI of this identifier scheme
1 chips (stretch),01-h100-sxm5-passport,DPP,$.credentialSubject.idScheme.name,yes,yes,string,issuer-controlled,yes,"ODS reconstruction identifiers (self-issued, fictional)",issuer-controlled,ODS,,(inherited from parent field),The name of the identifier scheme. 
1 chips (stretch),01-h100-sxm5-passport,DPP,$.credentialSubject.modelNumber,yes,no,string,not published,yes,H100 SXM5 80GB,placeholder,ODS,,Nvidia part number for the SXM5 module (699-2G520-...) appears only on reseller listings; unconfirmed.,"Where available, the model number (for manufactured products) or material identification (for bulk materials)"
1 chips (stretch),01-h100-sxm5-passport,DPP,$.credentialSubject.batchNumber,yes,no,string,not published,no,,,,,Not applicable to this item or not used by this reconstruction.,Identifier of the specific production batch of the product.  Unique within the product class.
1 chips (stretch),01-h100-sxm5-passport,DPP,$.credentialSubject.itemNumber,yes,no,string,not published,no,,,,,Not applicable to this item or not used by this reconstruction.,A number or code representing a specific serialised item of the product. Unique within product class.
1 chips (stretch),01-h100-sxm5-passport,DPP,$.credentialSubject.idGranularity,yes,yes,"string enum['model', 'batch', 'item']",published,yes,model,ODS-assigned,ODS,,"Model level: no lot, batch or serial numbers for the installed GPUs are published.","The identification granularity for this product (item, batch, model)"
1 chips (stretch),01-h100-sxm5-passport,DPP,$.credentialSubject.productImage,yes,no,object,not published,yes,,,,,,"Reference information (location, type, name) of an image of the product."
1 chips (stretch),01-h100-sxm5-passport,DPP,$.credentialSubject.productImage.linkURL,yes,yes,string,not published,yes,,,,,,The URL of the target resource.  
1 chips (stretch),01-h100-sxm5-passport,DPP,$.credentialSubject.productImage.linkName,yes,yes,string,not published,yes,,,,,,Display name for this link.
1 chips (stretch),01-h100-sxm5-passport,DPP,$.credentialSubject.productImage.digestMultibase,yes,no,string,not published,yes,,,,,,An optional multi-base encoded digest to ensure the content of the link has not changed. See https://www.w3.org/TR/vc-data-integrity/#resource-integrity for ...
1 chips (stretch),01-h100-sxm5-passport,DPP,$.credentialSubject.productImage.mediaType,yes,no,string,not published,yes,,,,,,The media type of the target resource.
1 chips (stretch),01-h100-sxm5-passport,DPP,$.credentialSubject.productImage.linkType,yes,no,string,not published,yes,,,,,,The type of the target resource - drawn from a controlled vocabulary 
1 chips (stretch),01-h100-sxm5-passport,DPP,$.credentialSubject.characteristics,yes,no,object,container,yes,,,,,Structural: see the fields beneath.,A set of industry specific product information. 
1 chips (stretch),01-h100-sxm5-passport,DPP,$.credentialSubject.productCategory[],yes,yes,object,needs extension vocabulary,yes,,ODS-assigned,CPC21; CPC-HS; CBP-N304787; ODS,,Via HS 8473.30 by analogy with CBP ruling N304787 (V100 SXM2). No H100 ruling found.,"A code representing the product's class, typically using the UN CPC (United Nations Central Product Classification) https://unstats.un.org/unsd/classificatio..."
1 chips (stretch),01-h100-sxm5-passport,DPP,$.credentialSubject.productCategory[].code,yes,yes,string,needs extension vocabulary,yes,45290 | gpu-accelerator,ODS-assigned,CPC21; CPC-HS; CBP-N304787; ODS,,Via HS 8473.30 by analogy with CBP ruling N304787 (V100 SXM2). No H100 ruling found. (inherited from parent field),classification code within the scheme
1 chips (stretch),01-h100-sxm5-passport,DPP,$.credentialSubject.productCategory[].name,yes,yes,string,needs extension vocabulary,yes,Parts and accessories of computing machines | GPU accelerator,ODS-assigned,CPC21; CPC-HS; CBP-N304787; ODS,,Via HS 8473.30 by analogy with CBP ruling N304787 (V100 SXM2). No H100 ruling found. (inherited from parent field),Name of the classification represented by the code
1 chips (stretch),01-h100-sxm5-passport,DPP,$.credentialSubject.productCategory[].definition,yes,no,string,not published,yes,,,,,,A rich definition of this classification code.
1 chips (stretch),01-h100-sxm5-passport,DPP,$.credentialSubject.productCategory[].schemeId,yes,yes,string,needs extension vocabulary,yes,https://unstats.un.org/unsd/classifications/Econ/cpc/ | https://example.org/untp-ai/0.1/productClass,ODS-assigned,CPC21; CPC-HS; CBP-N304787; ODS,,Via HS 8473.30 by analogy with CBP ruling N304787 (V100 SXM2). No H100 ruling found. (inherited from parent field),Classification scheme ID
1 chips (stretch),01-h100-sxm5-passport,DPP,$.credentialSubject.productCategory[].schemeName,yes,yes,string,needs extension vocabulary,yes,UN CPC v2.1 | AI compute and models product classes (proposed),ODS-assigned,CPC21; CPC-HS; CBP-N304787; ODS,,Via HS 8473.30 by analogy with CBP ruling N304787 (V100 SXM2). No H100 ruling found. (inherited from parent field),The name of the classification scheme
1 chips (stretch),01-h100-sxm5-passport,DPP,$.credentialSubject.relatedDocument[],yes,no,object,published,yes,,stated,NV-BLOG; NV-PRODUCT,,,A list of links to documents providing additional product information. Documents that support a conformity claim (e.g. permits or certificates) SHOULD be ref...
1 chips (stretch),01-h100-sxm5-passport,DPP,$.credentialSubject.relatedDocument[].linkURL,yes,yes,string,published,yes,https://developer.nvidia.com/blog/nvidia-hopper-architecture-in-depth/ | https://www.nvidia.com/en-us/data-center/h100/,stated,NV-BLOG; NV-PRODUCT,,(inherited from parent field),The URL of the target resource.  
1 chips (stretch),01-h100-sxm5-passport,DPP,$.credentialSubject.relatedDocument[].linkName,yes,yes,string,published,yes,NVIDIA Hopper Architecture In-Depth | NVIDIA H100 product page,stated,NV-BLOG; NV-PRODUCT,,(inherited from parent field),Display name for this link.
1 chips (stretch),01-h100-sxm5-passport,DPP,$.credentialSubject.relatedDocument[].digestMultibase,yes,no,string,not published,yes,,,,,,An optional multi-base encoded digest to ensure the content of the link has not changed. See https://www.w3.org/TR/vc-data-integrity/#resource-integrity for ...
1 chips (stretch),01-h100-sxm5-passport,DPP,$.credentialSubject.relatedDocument[].mediaType,yes,no,string,published,yes,text/html,stated,NV-BLOG; NV-PRODUCT,,(inherited from parent field),The media type of the target resource.
1 chips (stretch),01-h100-sxm5-passport,DPP,$.credentialSubject.relatedDocument[].linkType,yes,no,string,not published,yes,,,,,,The type of the target resource - drawn from a controlled vocabulary 
1 chips (stretch),01-h100-sxm5-passport,DPP,$.credentialSubject.relatedParty[],yes,no,object,published,yes,,stated,NV-PRODUCT; NV-BLOG,'fabricated using the TSMC 4N process customized for NVIDIA',"Nvidia is designer and brand owner. PartyRole has no 'designer' role.; TSMC fabricates the GH100 die, not the finished module; UNTP roles apply to the whole product.",A list of parties with a defined relationship to this product
1 chips (stretch),01-h100-sxm5-passport,DPP,$.credentialSubject.relatedParty[].role,yes,yes,"string enum['owner', 'producer', 'manufacturer', 'processor', 'remanufacturer', 'recycler', 'operator', 'serviceProvider', 'inspector', 'certifier', 'logisticsProvider', 'carrier', 'consignor', 'consignee', 'importer', 'exporter', 'distributor', 'retailer', 'brandOwner', 'regulator']",published,yes,brandOwner | manufacturer,stated,NV-PRODUCT; NV-BLOG,'fabricated using the TSMC 4N process customized for NVIDIA',"Nvidia is designer and brand owner. PartyRole has no 'designer' role.; TSMC fabricates the GH100 die, not the finished module; UNTP roles apply to the whole product. (inherited from parent field)",The role played by the party in this relationship
1 chips (stretch),01-h100-sxm5-passport,DPP,$.credentialSubject.relatedParty[].party,yes,yes,object,published,yes,,stated,NV-PRODUCT; NV-BLOG,'fabricated using the TSMC 4N process customized for NVIDIA',"Nvidia is designer and brand owner. PartyRole has no 'designer' role.; TSMC fabricates the GH100 die, not the finished module; UNTP roles apply to the whole product. (inherited from parent field)",The party that has the specified role.
1 chips (stretch),01-h100-sxm5-passport,DPP,$.credentialSubject.relatedParty[].party.type,yes,no,array<string>,published,yes,,stated,NV-PRODUCT; NV-BLOG,'fabricated using the TSMC 4N process customized for NVIDIA',"Nvidia is designer and brand owner. PartyRole has no 'designer' role.; TSMC fabricates the GH100 die, not the finished module; UNTP roles apply to the whole product. (inherited from parent field)",
1 chips (stretch),01-h100-sxm5-passport,DPP,$.credentialSubject.relatedParty[].party.id,yes,yes,string,published,yes,https://www.nvidia.com | https://www.tsmc.com,stated,NV-PRODUCT; NV-BLOG,'fabricated using the TSMC 4N process customized for NVIDIA',"Nvidia is designer and brand owner. PartyRole has no 'designer' role.; TSMC fabricates the GH100 die, not the finished module; UNTP roles apply to the whole product. (inherited from parent field)",Globally unique identifier of this party. Typically represented as a URI identifierScheme/Identifier URI
1 chips (stretch),01-h100-sxm5-passport,DPP,$.credentialSubject.relatedParty[].party.name,yes,yes,string,published,yes,NVIDIA Corporation | Taiwan Semiconductor Manufacturing Company (TSMC),stated,NV-PRODUCT; NV-BLOG,'fabricated using the TSMC 4N process customized for NVIDIA',"Nvidia is designer and brand owner. PartyRole has no 'designer' role.; TSMC fabricates the GH100 die, not the finished module; UNTP roles apply to the whole product. (inherited from parent field)",Legal registered name of this party.
1 chips (stretch),01-h100-sxm5-passport,DPP,$.credentialSubject.relatedParty[].party.description,yes,no,string,not published,yes,,,,,,Description of the party including function and other names.
1 chips (stretch),01-h100-sxm5-passport,DPP,$.credentialSubject.relatedParty[].party.registeredId,yes,no,string,not published,yes,,,,,,The registration number (alphanumeric) of the Party within the register. Unique within the register.
1 chips (stretch),01-h100-sxm5-passport,DPP,$.credentialSubject.relatedParty[].party.idScheme,yes,no,object,not published,yes,,,,,,The identifier scheme of the party.  Typically a national business register or a global scheme such as GLEIF. 
1 chips (stretch),01-h100-sxm5-passport,DPP,$.credentialSubject.relatedParty[].party.idScheme.type,yes,no,array<string>,not published,yes,,,,,,
1 chips (stretch),01-h100-sxm5-passport,DPP,$.credentialSubject.relatedParty[].party.idScheme.id,yes,yes,string,not published,yes,,,,,,The URI of this identifier scheme
1 chips (stretch),01-h100-sxm5-passport,DPP,$.credentialSubject.relatedParty[].party.idScheme.name,yes,yes,string,not published,yes,,,,,,The name of the identifier scheme. 
1 chips (stretch),01-h100-sxm5-passport,DPP,$.credentialSubject.relatedParty[].party.registrationCountry,yes,no,object,not published,yes,,,,,,the country in which this organisation is registered - using ISO-3166 code and name.
1 chips (stretch),01-h100-sxm5-passport,DPP,$.credentialSubject.relatedParty[].party.registrationCountry.countryCode,yes,yes,string,not published,yes,,,,,,"ISO 3166 country code      This is an enumerated value, but the list of valid values are too big, or change too often to include here. You can access the lis..."
1 chips (stretch),01-h100-sxm5-passport,DPP,$.credentialSubject.relatedParty[].party.registrationCountry.countryName,yes,no,string,not published,yes,,,,,,Country Name as defined in ISO 3166
1 chips (stretch),01-h100-sxm5-passport,DPP,$.credentialSubject.relatedParty[].party.partyAddress,yes,no,object,not published,yes,,,,,,The address of the party
1 chips (stretch),01-h100-sxm5-passport,DPP,$.credentialSubject.relatedParty[].party.partyAddress.streetAddress,yes,yes,string,not published,yes,,,,,,the street address as an unstructured string.
1 chips (stretch),01-h100-sxm5-passport,DPP,$.credentialSubject.relatedParty[].party.partyAddress.postalCode,yes,yes,string,not published,yes,,,,,,The postal code or zip code for this address.
1 chips (stretch),01-h100-sxm5-passport,DPP,$.credentialSubject.relatedParty[].party.partyAddress.addressLocality,yes,yes,string,not published,yes,,,,,,"The city, suburb or township name."
1 chips (stretch),01-h100-sxm5-passport,DPP,$.credentialSubject.relatedParty[].party.partyAddress.addressRegion,yes,yes,string,not published,yes,,,,,,The state or territory or province
1 chips (stretch),01-h100-sxm5-passport,DPP,$.credentialSubject.relatedParty[].party.partyAddress.addressCountry,yes,yes,object,not published,yes,,,,,,The address country as an ISO-3166 two letter country code and name.
1 chips (stretch),01-h100-sxm5-passport,DPP,$.credentialSubject.relatedParty[].party.partyAddress.addressCountry.countryCode,yes,yes,string,not published,yes,,,,,,"ISO 3166 country code      This is an enumerated value, but the list of valid values are too big, or change too often to include here. You can access the lis..."
1 chips (stretch),01-h100-sxm5-passport,DPP,$.credentialSubject.relatedParty[].party.partyAddress.addressCountry.countryName,yes,no,string,not published,yes,,,,,,Country Name as defined in ISO 3166
1 chips (stretch),01-h100-sxm5-passport,DPP,$.credentialSubject.relatedParty[].party.organisationWebsite,yes,no,string,not published,yes,,,,,,Website for this organisation
1 chips (stretch),01-h100-sxm5-passport,DPP,$.credentialSubject.relatedParty[].party.industryCategory[],yes,no,object,not published,yes,,,,,,The industry categories for this organisation.  Recommend use of UNCPC as the category scheme. for example - unstats.un.org/isic/1030
1 chips (stretch),01-h100-sxm5-passport,DPP,$.credentialSubject.relatedParty[].party.industryCategory[].code,yes,yes,string,not published,yes,,,,,,classification code within the scheme
1 chips (stretch),01-h100-sxm5-passport,DPP,$.credentialSubject.relatedParty[].party.industryCategory[].name,yes,yes,string,not published,yes,,,,,,Name of the classification represented by the code
1 chips (stretch),01-h100-sxm5-passport,DPP,$.credentialSubject.relatedParty[].party.industryCategory[].definition,yes,no,string,not published,yes,,,,,,A rich definition of this classification code.
1 chips (stretch),01-h100-sxm5-passport,DPP,$.credentialSubject.relatedParty[].party.industryCategory[].schemeId,yes,yes,string,not published,yes,,,,,,Classification scheme ID
1 chips (stretch),01-h100-sxm5-passport,DPP,$.credentialSubject.relatedParty[].party.industryCategory[].schemeName,yes,yes,string,not published,yes,,,,,,The name of the classification scheme
1 chips (stretch),01-h100-sxm5-passport,DPP,$.credentialSubject.relatedParty[].party.partyAlsoKnownAs[],yes,no,object,not published,yes,,,,,,"An optional list of other registered identifiers for this organisation. For example DUNS, GLN, LEI, etc"
1 chips (stretch),01-h100-sxm5-passport,DPP,$.credentialSubject.relatedParty[].party.partyAlsoKnownAs[].type,yes,no,array<string>,not published,yes,,,,,,
1 chips (stretch),01-h100-sxm5-passport,DPP,$.credentialSubject.relatedParty[].party.partyAlsoKnownAs[].id,yes,yes,string,not published,yes,,,,,,Globally unique identifier of this party. Typically represented as a URI identifierScheme/Identifier URI
1 chips (stretch),01-h100-sxm5-passport,DPP,$.credentialSubject.relatedParty[].party.partyAlsoKnownAs[].name,yes,yes,string,not published,yes,,,,,,Legal registered name of this party.
1 chips (stretch),01-h100-sxm5-passport,DPP,$.credentialSubject.relatedParty[].party.partyAlsoKnownAs[].registeredId,yes,no,string,not published,yes,,,,,,The registration number (alphanumeric) of the Party within the register. Unique within the register.
1 chips (stretch),01-h100-sxm5-passport,DPP,$.credentialSubject.producedAtFacility,yes,yes,object,not published,yes,,placeholder,ODS,,"Required field. Module assembly site not published. Nvidia's 10-K names contract manufacturers (Hon Hai, Wistron, Fabrinet) without product mapping.",The Facility where the product batch was produced / manufactured.
1 chips (stretch),01-h100-sxm5-passport,DPP,$.credentialSubject.producedAtFacility.type,yes,no,array<string>,not published,yes,,placeholder,ODS,,"Required field. Module assembly site not published. Nvidia's 10-K names contract manufacturers (Hon Hai, Wistron, Fabrinet) without product mapping. (inherited from parent field)",
1 chips (stretch),01-h100-sxm5-passport,DPP,$.credentialSubject.producedAtFacility.id,yes,yes,string,not published,yes,https://example.org/untp-ai/facility/not-published,placeholder,ODS,,"Required field. Module assembly site not published. Nvidia's 10-K names contract manufacturers (Hon Hai, Wistron, Fabrinet) without product mapping. (inherited from parent field)",Globally unique identifier of this facility. Typically represented as a URI identifierScheme/Identifier URI
1 chips (stretch),01-h100-sxm5-passport,DPP,$.credentialSubject.producedAtFacility.name,yes,yes,string,not published,yes,Not published,placeholder,ODS,,"Required field. Module assembly site not published. Nvidia's 10-K names contract manufacturers (Hon Hai, Wistron, Fabrinet) without product mapping. (inherited from parent field)",Name of this facility as defined the location register.
1 chips (stretch),01-h100-sxm5-passport,DPP,$.credentialSubject.producedAtFacility.registeredId,yes,no,string,not published,yes,,,,,,The registration number (alphanumeric) of the facility within the identifier scheme. Unique within the register.
1 chips (stretch),01-h100-sxm5-passport,DPP,$.credentialSubject.productionDate,yes,no,string,not published,yes,,,,,,The ISO 8601 date on which the product batch or individual serialised item was manufactured.
1 chips (stretch),01-h100-sxm5-passport,DPP,$.credentialSubject.expiryDate,yes,no,string,not published,no,,,,,Not applicable to this item or not used by this reconstruction.,The date at which this product is no longer fit for use. Typically used for a food product use-by date but may also represent the usable life of any product.
1 chips (stretch),01-h100-sxm5-passport,DPP,$.credentialSubject.countryOfProduction,yes,yes,object,not published,yes,,placeholder,ODS,,"Required field. No public source states where this was produced. ZZ is the ISO 3166 user-assigned code, used here as an explicit placeholder.",The country in which this item was produced / manufactured.using ISO-3166 code and name.
1 chips (stretch),01-h100-sxm5-passport,DPP,$.credentialSubject.countryOfProduction.countryCode,yes,yes,string,not published,yes,ZZ,placeholder,ODS,,"Required field. No public source states where this was produced. ZZ is the ISO 3166 user-assigned code, used here as an explicit placeholder. (inherited from parent field)","ISO 3166 country code      This is an enumerated value, but the list of valid values are too big, or change too often to include here. You can access the lis..."
1 chips (stretch),01-h100-sxm5-passport,DPP,$.credentialSubject.countryOfProduction.countryName,yes,no,string,not published,yes,Not published,placeholder,ODS,,"Required field. No public source states where this was produced. ZZ is the ISO 3166 user-assigned code, used here as an explicit placeholder. (inherited from parent field)",Country Name as defined in ISO 3166
1 chips (stretch),01-h100-sxm5-passport,DPP,$.credentialSubject.dimensions,yes,no,object,not published,yes,,,,,,The physical dimensions of the product. Not every dimension is relevant to every products.  For example bulk materials may have weight and volume but not len...
1 chips (stretch),01-h100-sxm5-passport,DPP,$.credentialSubject.dimensions.weight,yes,no,object,not published,yes,,,,,,"the weight of the product. EG {""value"":10, ""unit"":""KGM""}"
1 chips (stretch),01-h100-sxm5-passport,DPP,$.credentialSubject.dimensions.weight.value,yes,yes,number,not published,yes,,,,,,The numeric value of the measure
1 chips (stretch),01-h100-sxm5-passport,DPP,$.credentialSubject.dimensions.weight.upperTolerance,yes,no,number,not published,yes,,,,,,"The upper tolerance associated with this measure expressed in the same units as the measure.  For example value=10, upperTolerance=0.1, unit=KGM would mean t..."
1 chips (stretch),01-h100-sxm5-passport,DPP,$.credentialSubject.dimensions.weight.lowerTolerance,yes,no,number,not published,yes,,,,,,"The lower tolerance associated with this measure expressed in the same units as the measure.  For example value=10, lowerTolerance=0.1, unit=KGM would mean t..."
1 chips (stretch),01-h100-sxm5-passport,DPP,$.credentialSubject.dimensions.weight.unit,yes,yes,string,not published,yes,,,,,,"Unit of measure drawn from the UNECE Rec20 measure code list.      This is an enumerated value, but the list of valid values are too big, or change too often..."
1 chips (stretch),01-h100-sxm5-passport,DPP,$.credentialSubject.dimensions.length,yes,no,object,not published,yes,,,,,,"The length of the product or packaging eg {""value"":840, ""unit"":""MMT""}"
1 chips (stretch),01-h100-sxm5-passport,DPP,$.credentialSubject.dimensions.length.value,yes,yes,number,not published,yes,,,,,,The numeric value of the measure
1 chips (stretch),01-h100-sxm5-passport,DPP,$.credentialSubject.dimensions.length.upperTolerance,yes,no,number,not published,yes,,,,,,"The upper tolerance associated with this measure expressed in the same units as the measure.  For example value=10, upperTolerance=0.1, unit=KGM would mean t..."
1 chips (stretch),01-h100-sxm5-passport,DPP,$.credentialSubject.dimensions.length.lowerTolerance,yes,no,number,not published,yes,,,,,,"The lower tolerance associated with this measure expressed in the same units as the measure.  For example value=10, lowerTolerance=0.1, unit=KGM would mean t..."
1 chips (stretch),01-h100-sxm5-passport,DPP,$.credentialSubject.dimensions.length.unit,yes,yes,string,not published,yes,,,,,,"Unit of measure drawn from the UNECE Rec20 measure code list.      This is an enumerated value, but the list of valid values are too big, or change too often..."
1 chips (stretch),01-h100-sxm5-passport,DPP,$.credentialSubject.dimensions.width,yes,no,object,not published,yes,,,,,,"The width of the product or packaging. eg {""value"":150, ""unit"":""MMT""}"
1 chips (stretch),01-h100-sxm5-passport,DPP,$.credentialSubject.dimensions.width.value,yes,yes,number,not published,yes,,,,,,The numeric value of the measure
1 chips (stretch),01-h100-sxm5-passport,DPP,$.credentialSubject.dimensions.width.upperTolerance,yes,no,number,not published,yes,,,,,,"The upper tolerance associated with this measure expressed in the same units as the measure.  For example value=10, upperTolerance=0.1, unit=KGM would mean t..."
1 chips (stretch),01-h100-sxm5-passport,DPP,$.credentialSubject.dimensions.width.lowerTolerance,yes,no,number,not published,yes,,,,,,"The lower tolerance associated with this measure expressed in the same units as the measure.  For example value=10, lowerTolerance=0.1, unit=KGM would mean t..."
1 chips (stretch),01-h100-sxm5-passport,DPP,$.credentialSubject.dimensions.width.unit,yes,yes,string,not published,yes,,,,,,"Unit of measure drawn from the UNECE Rec20 measure code list.      This is an enumerated value, but the list of valid values are too big, or change too often..."
1 chips (stretch),01-h100-sxm5-passport,DPP,$.credentialSubject.dimensions.height,yes,no,object,not published,yes,,,,,,"The height of the product or packaging. eg {""value"":220, ""unit"":""MMT""}"
1 chips (stretch),01-h100-sxm5-passport,DPP,$.credentialSubject.dimensions.height.value,yes,yes,number,not published,yes,,,,,,The numeric value of the measure
1 chips (stretch),01-h100-sxm5-passport,DPP,$.credentialSubject.dimensions.height.upperTolerance,yes,no,number,not published,yes,,,,,,"The upper tolerance associated with this measure expressed in the same units as the measure.  For example value=10, upperTolerance=0.1, unit=KGM would mean t..."
1 chips (stretch),01-h100-sxm5-passport,DPP,$.credentialSubject.dimensions.height.lowerTolerance,yes,no,number,not published,yes,,,,,,"The lower tolerance associated with this measure expressed in the same units as the measure.  For example value=10, lowerTolerance=0.1, unit=KGM would mean t..."
1 chips (stretch),01-h100-sxm5-passport,DPP,$.credentialSubject.dimensions.height.unit,yes,yes,string,not published,yes,,,,,,"Unit of measure drawn from the UNECE Rec20 measure code list.      This is an enumerated value, but the list of valid values are too big, or change too often..."
1 chips (stretch),01-h100-sxm5-passport,DPP,$.credentialSubject.dimensions.volume,yes,no,object,not published,yes,,,,,,"The displacement volume of the product. eg {""value"":7.5, ""unit"":""LTR""}"
1 chips (stretch),01-h100-sxm5-passport,DPP,$.credentialSubject.dimensions.volume.value,yes,yes,number,not published,yes,,,,,,The numeric value of the measure
1 chips (stretch),01-h100-sxm5-passport,DPP,$.credentialSubject.dimensions.volume.upperTolerance,yes,no,number,not published,yes,,,,,,"The upper tolerance associated with this measure expressed in the same units as the measure.  For example value=10, upperTolerance=0.1, unit=KGM would mean t..."
1 chips (stretch),01-h100-sxm5-passport,DPP,$.credentialSubject.dimensions.volume.lowerTolerance,yes,no,number,not published,yes,,,,,,"The lower tolerance associated with this measure expressed in the same units as the measure.  For example value=10, lowerTolerance=0.1, unit=KGM would mean t..."
1 chips (stretch),01-h100-sxm5-passport,DPP,$.credentialSubject.dimensions.volume.unit,yes,yes,string,not published,yes,,,,,,"Unit of measure drawn from the UNECE Rec20 measure code list.      This is an enumerated value, but the list of valid values are too big, or change too often..."
1 chips (stretch),01-h100-sxm5-passport,DPP,$.credentialSubject.materialProvenance[],yes,no,object,needs extension vocabulary,yes,,,,,"Composition of datasets and models is by tokens or components, not mass fraction and origin country; for the H100 no mass fractions are published. See aic:composition / aic:components.",A list of materials provenance objects providing details on the origin and mass fraction of materials of the product or batch.
1 chips (stretch),01-h100-sxm5-passport,DPP,$.credentialSubject.materialProvenance[].name,yes,yes,string,needs extension vocabulary,yes,,,,,"Composition of datasets and models is by tokens or components, not mass fraction and origin country; for the H100 no mass fractions are published. See aic:composition / aic:components.","Name of this material (eg ""Egyptian Cotton"")"
1 chips (stretch),01-h100-sxm5-passport,DPP,$.credentialSubject.materialProvenance[].originCountry,yes,yes,object,needs extension vocabulary,yes,,,,,"Composition of datasets and models is by tokens or components, not mass fraction and origin country; for the H100 no mass fractions are published. See aic:composition / aic:components.",A ISO 3166-1 code representing the country of origin of the component or ingredient.
1 chips (stretch),01-h100-sxm5-passport,DPP,$.credentialSubject.materialProvenance[].originCountry.countryCode,yes,yes,string,needs extension vocabulary,yes,,,,,"Composition of datasets and models is by tokens or components, not mass fraction and origin country; for the H100 no mass fractions are published. See aic:composition / aic:components.","ISO 3166 country code      This is an enumerated value, but the list of valid values are too big, or change too often to include here. You can access the lis..."
1 chips (stretch),01-h100-sxm5-passport,DPP,$.credentialSubject.materialProvenance[].originCountry.countryName,yes,no,string,needs extension vocabulary,yes,,,,,"Composition of datasets and models is by tokens or components, not mass fraction and origin country; for the H100 no mass fractions are published. See aic:composition / aic:components.",Country Name as defined in ISO 3166
1 chips (stretch),01-h100-sxm5-passport,DPP,$.credentialSubject.materialProvenance[].materialType,yes,yes,object,needs extension vocabulary,yes,,,,,"Composition of datasets and models is by tokens or components, not mass fraction and origin country; for the H100 no mass fractions are published. See aic:composition / aic:components.",The type of this material - as a value drawn from a controlled vocabulary eg from UN Framework Classification for Resources (UNFC).
1 chips (stretch),01-h100-sxm5-passport,DPP,$.credentialSubject.materialProvenance[].materialType.code,yes,yes,string,needs extension vocabulary,yes,,,,,"Composition of datasets and models is by tokens or components, not mass fraction and origin country; for the H100 no mass fractions are published. See aic:composition / aic:components.",classification code within the scheme
1 chips (stretch),01-h100-sxm5-passport,DPP,$.credentialSubject.materialProvenance[].materialType.name,yes,yes,string,needs extension vocabulary,yes,,,,,"Composition of datasets and models is by tokens or components, not mass fraction and origin country; for the H100 no mass fractions are published. See aic:composition / aic:components.",Name of the classification represented by the code
1 chips (stretch),01-h100-sxm5-passport,DPP,$.credentialSubject.materialProvenance[].materialType.definition,yes,no,string,needs extension vocabulary,yes,,,,,"Composition of datasets and models is by tokens or components, not mass fraction and origin country; for the H100 no mass fractions are published. See aic:composition / aic:components.",A rich definition of this classification code.
1 chips (stretch),01-h100-sxm5-passport,DPP,$.credentialSubject.materialProvenance[].materialType.schemeId,yes,yes,string,needs extension vocabulary,yes,,,,,"Composition of datasets and models is by tokens or components, not mass fraction and origin country; for the H100 no mass fractions are published. See aic:composition / aic:components.",Classification scheme ID
1 chips (stretch),01-h100-sxm5-passport,DPP,$.credentialSubject.materialProvenance[].materialType.schemeName,yes,yes,string,needs extension vocabulary,yes,,,,,"Composition of datasets and models is by tokens or components, not mass fraction and origin country; for the H100 no mass fractions are published. See aic:composition / aic:components.",The name of the classification scheme
1 chips (stretch),01-h100-sxm5-passport,DPP,$.credentialSubject.materialProvenance[].massFraction,yes,yes,number,needs extension vocabulary,yes,,,,,"Composition of datasets and models is by tokens or components, not mass fraction and origin country; for the H100 no mass fractions are published. See aic:composition / aic:components.",The mass fraction as a decimal of the product (or facility reporting period)  represented by this material. 
1 chips (stretch),01-h100-sxm5-passport,DPP,$.credentialSubject.materialProvenance[].mass,yes,no,object,needs extension vocabulary,yes,,,,,"Composition of datasets and models is by tokens or components, not mass fraction and origin country; for the H100 no mass fractions are published. See aic:composition / aic:components.",The mass of the material component.
1 chips (stretch),01-h100-sxm5-passport,DPP,$.credentialSubject.materialProvenance[].mass.value,yes,yes,number,needs extension vocabulary,yes,,,,,"Composition of datasets and models is by tokens or components, not mass fraction and origin country; for the H100 no mass fractions are published. See aic:composition / aic:components.",The numeric value of the measure
1 chips (stretch),01-h100-sxm5-passport,DPP,$.credentialSubject.materialProvenance[].mass.upperTolerance,yes,no,number,needs extension vocabulary,yes,,,,,"Composition of datasets and models is by tokens or components, not mass fraction and origin country; for the H100 no mass fractions are published. See aic:composition / aic:components.","The upper tolerance associated with this measure expressed in the same units as the measure.  For example value=10, upperTolerance=0.1, unit=KGM would mean t..."
1 chips (stretch),01-h100-sxm5-passport,DPP,$.credentialSubject.materialProvenance[].mass.lowerTolerance,yes,no,number,needs extension vocabulary,yes,,,,,"Composition of datasets and models is by tokens or components, not mass fraction and origin country; for the H100 no mass fractions are published. See aic:composition / aic:components.","The lower tolerance associated with this measure expressed in the same units as the measure.  For example value=10, lowerTolerance=0.1, unit=KGM would mean t..."
1 chips (stretch),01-h100-sxm5-passport,DPP,$.credentialSubject.materialProvenance[].mass.unit,yes,yes,string,needs extension vocabulary,yes,,,,,"Composition of datasets and models is by tokens or components, not mass fraction and origin country; for the H100 no mass fractions are published. See aic:composition / aic:components.","Unit of measure drawn from the UNECE Rec20 measure code list.      This is an enumerated value, but the list of valid values are too big, or change too often..."
1 chips (stretch),01-h100-sxm5-passport,DPP,$.credentialSubject.materialProvenance[].recycledMassFraction,yes,no,number,needs extension vocabulary,yes,,,,,"Composition of datasets and models is by tokens or components, not mass fraction and origin country; for the H100 no mass fractions are published. See aic:composition / aic:components.",Mass fraction of this material that is recycled (eg 50% recycled Lithium)
1 chips (stretch),01-h100-sxm5-passport,DPP,$.credentialSubject.materialProvenance[].hazardous,yes,no,boolean,needs extension vocabulary,yes,,,,,"Composition of datasets and models is by tokens or components, not mass fraction and origin country; for the H100 no mass fractions are published. See aic:composition / aic:components.",Indicates whether this material is hazardous. If true then the materialSafetyInformation property must be present
1 chips (stretch),01-h100-sxm5-passport,DPP,$.credentialSubject.materialProvenance[].symbol,yes,no,object,needs extension vocabulary,yes,,,,,"Composition of datasets and models is by tokens or components, not mass fraction and origin country; for the H100 no mass fractions are published. See aic:composition / aic:components.",Based 64 encoded binary used to represent a visual symbol for a given material. 
1 chips (stretch),01-h100-sxm5-passport,DPP,$.credentialSubject.materialProvenance[].symbol.name,yes,yes,string,needs extension vocabulary,yes,,,,,"Composition of datasets and models is by tokens or components, not mass fraction and origin country; for the H100 no mass fractions are published. See aic:composition / aic:components.",the display name for this image
1 chips (stretch),01-h100-sxm5-passport,DPP,$.credentialSubject.materialProvenance[].symbol.description,yes,no,string,needs extension vocabulary,yes,,,,,"Composition of datasets and models is by tokens or components, not mass fraction and origin country; for the H100 no mass fractions are published. See aic:composition / aic:components.",The detailed description / supporting information for this image.
1 chips (stretch),01-h100-sxm5-passport,DPP,$.credentialSubject.materialProvenance[].symbol.imageData,yes,yes,string,needs extension vocabulary,yes,,,,,"Composition of datasets and models is by tokens or components, not mass fraction and origin country; for the H100 no mass fractions are published. See aic:composition / aic:components.",The image data encoded as a base64 string.
1 chips (stretch),01-h100-sxm5-passport,DPP,$.credentialSubject.materialProvenance[].symbol.mediaType,yes,yes,string,needs extension vocabulary,yes,,,,,"Composition of datasets and models is by tokens or components, not mass fraction and origin country; for the H100 no mass fractions are published. See aic:composition / aic:components.","The media type of this image (eg image/png)      This is an enumerated value, but the list of valid values are too big, or change too often to include here. ..."
1 chips (stretch),01-h100-sxm5-passport,DPP,$.credentialSubject.materialProvenance[].materialSafetyInformation,yes,no,object,needs extension vocabulary,yes,,,,,"Composition of datasets and models is by tokens or components, not mass fraction and origin country; for the H100 no mass fractions are published. See aic:composition / aic:components.",Reference to further information about safe handling of this hazardous material (for example a link to a material safety data sheet)
1 chips (stretch),01-h100-sxm5-passport,DPP,$.credentialSubject.materialProvenance[].materialSafetyInformation.linkURL,yes,yes,string,needs extension vocabulary,yes,,,,,"Composition of datasets and models is by tokens or components, not mass fraction and origin country; for the H100 no mass fractions are published. See aic:composition / aic:components.",The URL of the target resource.  
1 chips (stretch),01-h100-sxm5-passport,DPP,$.credentialSubject.materialProvenance[].materialSafetyInformation.linkName,yes,yes,string,needs extension vocabulary,yes,,,,,"Composition of datasets and models is by tokens or components, not mass fraction and origin country; for the H100 no mass fractions are published. See aic:composition / aic:components.",Display name for this link.
1 chips (stretch),01-h100-sxm5-passport,DPP,$.credentialSubject.materialProvenance[].materialSafetyInformation.digestMultibase,yes,no,string,needs extension vocabulary,yes,,,,,"Composition of datasets and models is by tokens or components, not mass fraction and origin country; for the H100 no mass fractions are published. See aic:composition / aic:components.",An optional multi-base encoded digest to ensure the content of the link has not changed. See https://www.w3.org/TR/vc-data-integrity/#resource-integrity for ...
1 chips (stretch),01-h100-sxm5-passport,DPP,$.credentialSubject.materialProvenance[].materialSafetyInformation.mediaType,yes,no,string,needs extension vocabulary,yes,,,,,"Composition of datasets and models is by tokens or components, not mass fraction and origin country; for the H100 no mass fractions are published. See aic:composition / aic:components.",The media type of the target resource.
1 chips (stretch),01-h100-sxm5-passport,DPP,$.credentialSubject.materialProvenance[].materialSafetyInformation.linkType,yes,no,string,needs extension vocabulary,yes,,,,,"Composition of datasets and models is by tokens or components, not mass fraction and origin country; for the H100 no mass fractions are published. See aic:composition / aic:components.",The type of the target resource - drawn from a controlled vocabulary 
1 chips (stretch),01-h100-sxm5-passport,DPP,$.credentialSubject.packaging,yes,no,object,not published,no,,,,,Not applicable to this item or not used by this reconstruction.,The packaging for this product.
1 chips (stretch),01-h100-sxm5-passport,DPP,$.credentialSubject.packaging.description,yes,yes,string,not published,no,,,,,Not applicable to this item or not used by this reconstruction.,Description of the packaging.
1 chips (stretch),01-h100-sxm5-passport,DPP,$.credentialSubject.packaging.dimensions,yes,yes,object,not published,no,,,,,Not applicable to this item or not used by this reconstruction.,dimensions of the packaging
1 chips (stretch),01-h100-sxm5-passport,DPP,$.credentialSubject.packaging.dimensions.weight,yes,no,object,not published,no,,,,,Not applicable to this item or not used by this reconstruction.,"the weight of the product. EG {""value"":10, ""unit"":""KGM""}"
1 chips (stretch),01-h100-sxm5-passport,DPP,$.credentialSubject.packaging.dimensions.weight.value,yes,yes,number,not published,no,,,,,Not applicable to this item or not used by this reconstruction.,The numeric value of the measure
1 chips (stretch),01-h100-sxm5-passport,DPP,$.credentialSubject.packaging.dimensions.weight.upperTolerance,yes,no,number,not published,no,,,,,Not applicable to this item or not used by this reconstruction.,"The upper tolerance associated with this measure expressed in the same units as the measure.  For example value=10, upperTolerance=0.1, unit=KGM would mean t..."
1 chips (stretch),01-h100-sxm5-passport,DPP,$.credentialSubject.packaging.dimensions.weight.lowerTolerance,yes,no,number,not published,no,,,,,Not applicable to this item or not used by this reconstruction.,"The lower tolerance associated with this measure expressed in the same units as the measure.  For example value=10, lowerTolerance=0.1, unit=KGM would mean t..."
1 chips (stretch),01-h100-sxm5-passport,DPP,$.credentialSubject.packaging.dimensions.weight.unit,yes,yes,string,not published,no,,,,,Not applicable to this item or not used by this reconstruction.,"Unit of measure drawn from the UNECE Rec20 measure code list.      This is an enumerated value, but the list of valid values are too big, or change too often..."
1 chips (stretch),01-h100-sxm5-passport,DPP,$.credentialSubject.packaging.dimensions.length,yes,no,object,not published,no,,,,,Not applicable to this item or not used by this reconstruction.,"The length of the product or packaging eg {""value"":840, ""unit"":""MMT""}"
1 chips (stretch),01-h100-sxm5-passport,DPP,$.credentialSubject.packaging.dimensions.length.value,yes,yes,number,not published,no,,,,,Not applicable to this item or not used by this reconstruction.,The numeric value of the measure
1 chips (stretch),01-h100-sxm5-passport,DPP,$.credentialSubject.packaging.dimensions.length.upperTolerance,yes,no,number,not published,no,,,,,Not applicable to this item or not used by this reconstruction.,"The upper tolerance associated with this measure expressed in the same units as the measure.  For example value=10, upperTolerance=0.1, unit=KGM would mean t..."
1 chips (stretch),01-h100-sxm5-passport,DPP,$.credentialSubject.packaging.dimensions.length.lowerTolerance,yes,no,number,not published,no,,,,,Not applicable to this item or not used by this reconstruction.,"The lower tolerance associated with this measure expressed in the same units as the measure.  For example value=10, lowerTolerance=0.1, unit=KGM would mean t..."
1 chips (stretch),01-h100-sxm5-passport,DPP,$.credentialSubject.packaging.dimensions.length.unit,yes,yes,string,not published,no,,,,,Not applicable to this item or not used by this reconstruction.,"Unit of measure drawn from the UNECE Rec20 measure code list.      This is an enumerated value, but the list of valid values are too big, or change too often..."
1 chips (stretch),01-h100-sxm5-passport,DPP,$.credentialSubject.packaging.dimensions.width,yes,no,object,not published,no,,,,,Not applicable to this item or not used by this reconstruction.,"The width of the product or packaging. eg {""value"":150, ""unit"":""MMT""}"
1 chips (stretch),01-h100-sxm5-passport,DPP,$.credentialSubject.packaging.dimensions.width.value,yes,yes,number,not published,no,,,,,Not applicable to this item or not used by this reconstruction.,The numeric value of the measure
1 chips (stretch),01-h100-sxm5-passport,DPP,$.credentialSubject.packaging.dimensions.width.upperTolerance,yes,no,number,not published,no,,,,,Not applicable to this item or not used by this reconstruction.,"The upper tolerance associated with this measure expressed in the same units as the measure.  For example value=10, upperTolerance=0.1, unit=KGM would mean t..."
1 chips (stretch),01-h100-sxm5-passport,DPP,$.credentialSubject.packaging.dimensions.width.lowerTolerance,yes,no,number,not published,no,,,,,Not applicable to this item or not used by this reconstruction.,"The lower tolerance associated with this measure expressed in the same units as the measure.  For example value=10, lowerTolerance=0.1, unit=KGM would mean t..."
1 chips (stretch),01-h100-sxm5-passport,DPP,$.credentialSubject.packaging.dimensions.width.unit,yes,yes,string,not published,no,,,,,Not applicable to this item or not used by this reconstruction.,"Unit of measure drawn from the UNECE Rec20 measure code list.      This is an enumerated value, but the list of valid values are too big, or change too often..."
1 chips (stretch),01-h100-sxm5-passport,DPP,$.credentialSubject.packaging.dimensions.height,yes,no,object,not published,no,,,,,Not applicable to this item or not used by this reconstruction.,"The height of the product or packaging. eg {""value"":220, ""unit"":""MMT""}"
1 chips (stretch),01-h100-sxm5-passport,DPP,$.credentialSubject.packaging.dimensions.height.value,yes,yes,number,not published,no,,,,,Not applicable to this item or not used by this reconstruction.,The numeric value of the measure
1 chips (stretch),01-h100-sxm5-passport,DPP,$.credentialSubject.packaging.dimensions.height.upperTolerance,yes,no,number,not published,no,,,,,Not applicable to this item or not used by this reconstruction.,"The upper tolerance associated with this measure expressed in the same units as the measure.  For example value=10, upperTolerance=0.1, unit=KGM would mean t..."
1 chips (stretch),01-h100-sxm5-passport,DPP,$.credentialSubject.packaging.dimensions.height.lowerTolerance,yes,no,number,not published,no,,,,,Not applicable to this item or not used by this reconstruction.,"The lower tolerance associated with this measure expressed in the same units as the measure.  For example value=10, lowerTolerance=0.1, unit=KGM would mean t..."
1 chips (stretch),01-h100-sxm5-passport,DPP,$.credentialSubject.packaging.dimensions.height.unit,yes,yes,string,not published,no,,,,,Not applicable to this item or not used by this reconstruction.,"Unit of measure drawn from the UNECE Rec20 measure code list.      This is an enumerated value, but the list of valid values are too big, or change too often..."
1 chips (stretch),01-h100-sxm5-passport,DPP,$.credentialSubject.packaging.dimensions.volume,yes,no,object,not published,no,,,,,Not applicable to this item or not used by this reconstruction.,"The displacement volume of the product. eg {""value"":7.5, ""unit"":""LTR""}"
1 chips (stretch),01-h100-sxm5-passport,DPP,$.credentialSubject.packaging.dimensions.volume.value,yes,yes,number,not published,no,,,,,Not applicable to this item or not used by this reconstruction.,The numeric value of the measure
1 chips (stretch),01-h100-sxm5-passport,DPP,$.credentialSubject.packaging.dimensions.volume.upperTolerance,yes,no,number,not published,no,,,,,Not applicable to this item or not used by this reconstruction.,"The upper tolerance associated with this measure expressed in the same units as the measure.  For example value=10, upperTolerance=0.1, unit=KGM would mean t..."
1 chips (stretch),01-h100-sxm5-passport,DPP,$.credentialSubject.packaging.dimensions.volume.lowerTolerance,yes,no,number,not published,no,,,,,Not applicable to this item or not used by this reconstruction.,"The lower tolerance associated with this measure expressed in the same units as the measure.  For example value=10, lowerTolerance=0.1, unit=KGM would mean t..."
1 chips (stretch),01-h100-sxm5-passport,DPP,$.credentialSubject.packaging.dimensions.volume.unit,yes,yes,string,not published,no,,,,,Not applicable to this item or not used by this reconstruction.,"Unit of measure drawn from the UNECE Rec20 measure code list.      This is an enumerated value, but the list of valid values are too big, or change too often..."
1 chips (stretch),01-h100-sxm5-passport,DPP,$.credentialSubject.packaging.materialUsed[],yes,yes,object,not published,no,,,,,Not applicable to this item or not used by this reconstruction.,materials used for the packaging.
1 chips (stretch),01-h100-sxm5-passport,DPP,$.credentialSubject.packaging.materialUsed[].name,yes,yes,string,not published,no,,,,,Not applicable to this item or not used by this reconstruction.,"Name of this material (eg ""Egyptian Cotton"")"
1 chips (stretch),01-h100-sxm5-passport,DPP,$.credentialSubject.packaging.materialUsed[].originCountry,yes,yes,object,not published,no,,,,,Not applicable to this item or not used by this reconstruction.,A ISO 3166-1 code representing the country of origin of the component or ingredient.
1 chips (stretch),01-h100-sxm5-passport,DPP,$.credentialSubject.packaging.materialUsed[].originCountry.countryCode,yes,yes,string,not published,no,,,,,Not applicable to this item or not used by this reconstruction.,"ISO 3166 country code      This is an enumerated value, but the list of valid values are too big, or change too often to include here. You can access the lis..."
1 chips (stretch),01-h100-sxm5-passport,DPP,$.credentialSubject.packaging.materialUsed[].originCountry.countryName,yes,no,string,not published,no,,,,,Not applicable to this item or not used by this reconstruction.,Country Name as defined in ISO 3166
1 chips (stretch),01-h100-sxm5-passport,DPP,$.credentialSubject.packaging.materialUsed[].materialType,yes,yes,object,not published,no,,,,,Not applicable to this item or not used by this reconstruction.,The type of this material - as a value drawn from a controlled vocabulary eg from UN Framework Classification for Resources (UNFC).
1 chips (stretch),01-h100-sxm5-passport,DPP,$.credentialSubject.packaging.materialUsed[].materialType.code,yes,yes,string,not published,no,,,,,Not applicable to this item or not used by this reconstruction.,classification code within the scheme
1 chips (stretch),01-h100-sxm5-passport,DPP,$.credentialSubject.packaging.materialUsed[].materialType.name,yes,yes,string,not published,no,,,,,Not applicable to this item or not used by this reconstruction.,Name of the classification represented by the code
1 chips (stretch),01-h100-sxm5-passport,DPP,$.credentialSubject.packaging.materialUsed[].materialType.definition,yes,no,string,not published,no,,,,,Not applicable to this item or not used by this reconstruction.,A rich definition of this classification code.
1 chips (stretch),01-h100-sxm5-passport,DPP,$.credentialSubject.packaging.materialUsed[].materialType.schemeId,yes,yes,string,not published,no,,,,,Not applicable to this item or not used by this reconstruction.,Classification scheme ID
1 chips (stretch),01-h100-sxm5-passport,DPP,$.credentialSubject.packaging.materialUsed[].materialType.schemeName,yes,yes,string,not published,no,,,,,Not applicable to this item or not used by this reconstruction.,The name of the classification scheme
1 chips (stretch),01-h100-sxm5-passport,DPP,$.credentialSubject.packaging.materialUsed[].massFraction,yes,yes,number,not published,no,,,,,Not applicable to this item or not used by this reconstruction.,The mass fraction as a decimal of the product (or facility reporting period)  represented by this material. 
1 chips (stretch),01-h100-sxm5-passport,DPP,$.credentialSubject.packaging.materialUsed[].mass,yes,no,object,not published,no,,,,,Not applicable to this item or not used by this reconstruction.,The mass of the material component.
1 chips (stretch),01-h100-sxm5-passport,DPP,$.credentialSubject.packaging.materialUsed[].mass.value,yes,yes,number,not published,no,,,,,Not applicable to this item or not used by this reconstruction.,The numeric value of the measure
1 chips (stretch),01-h100-sxm5-passport,DPP,$.credentialSubject.packaging.materialUsed[].mass.upperTolerance,yes,no,number,not published,no,,,,,Not applicable to this item or not used by this reconstruction.,"The upper tolerance associated with this measure expressed in the same units as the measure.  For example value=10, upperTolerance=0.1, unit=KGM would mean t..."
1 chips (stretch),01-h100-sxm5-passport,DPP,$.credentialSubject.packaging.materialUsed[].mass.lowerTolerance,yes,no,number,not published,no,,,,,Not applicable to this item or not used by this reconstruction.,"The lower tolerance associated with this measure expressed in the same units as the measure.  For example value=10, lowerTolerance=0.1, unit=KGM would mean t..."
1 chips (stretch),01-h100-sxm5-passport,DPP,$.credentialSubject.packaging.materialUsed[].mass.unit,yes,yes,string,not published,no,,,,,Not applicable to this item or not used by this reconstruction.,"Unit of measure drawn from the UNECE Rec20 measure code list.      This is an enumerated value, but the list of valid values are too big, or change too often..."
1 chips (stretch),01-h100-sxm5-passport,DPP,$.credentialSubject.packaging.materialUsed[].recycledMassFraction,yes,no,number,not published,no,,,,,Not applicable to this item or not used by this reconstruction.,Mass fraction of this material that is recycled (eg 50% recycled Lithium)
1 chips (stretch),01-h100-sxm5-passport,DPP,$.credentialSubject.packaging.materialUsed[].hazardous,yes,no,boolean,not published,no,,,,,Not applicable to this item or not used by this reconstruction.,Indicates whether this material is hazardous. If true then the materialSafetyInformation property must be present
1 chips (stretch),01-h100-sxm5-passport,DPP,$.credentialSubject.packaging.materialUsed[].symbol,yes,no,object,not published,no,,,,,Not applicable to this item or not used by this reconstruction.,Based 64 encoded binary used to represent a visual symbol for a given material. 
1 chips (stretch),01-h100-sxm5-passport,DPP,$.credentialSubject.packaging.materialUsed[].symbol.name,yes,yes,string,not published,no,,,,,Not applicable to this item or not used by this reconstruction.,the display name for this image
1 chips (stretch),01-h100-sxm5-passport,DPP,$.credentialSubject.packaging.materialUsed[].symbol.description,yes,no,string,not published,no,,,,,Not applicable to this item or not used by this reconstruction.,The detailed description / supporting information for this image.
1 chips (stretch),01-h100-sxm5-passport,DPP,$.credentialSubject.packaging.materialUsed[].symbol.imageData,yes,yes,string,not published,no,,,,,Not applicable to this item or not used by this reconstruction.,The image data encoded as a base64 string.
1 chips (stretch),01-h100-sxm5-passport,DPP,$.credentialSubject.packaging.materialUsed[].symbol.mediaType,yes,yes,string,not published,no,,,,,Not applicable to this item or not used by this reconstruction.,"The media type of this image (eg image/png)      This is an enumerated value, but the list of valid values are too big, or change too often to include here. ..."
1 chips (stretch),01-h100-sxm5-passport,DPP,$.credentialSubject.packaging.materialUsed[].materialSafetyInformation,yes,no,object,not published,no,,,,,Not applicable to this item or not used by this reconstruction.,Reference to further information about safe handling of this hazardous material (for example a link to a material safety data sheet)
1 chips (stretch),01-h100-sxm5-passport,DPP,$.credentialSubject.packaging.materialUsed[].materialSafetyInformation.linkURL,yes,yes,string,not published,no,,,,,Not applicable to this item or not used by this reconstruction.,The URL of the target resource.  
1 chips (stretch),01-h100-sxm5-passport,DPP,$.credentialSubject.packaging.materialUsed[].materialSafetyInformation.linkName,yes,yes,string,not published,no,,,,,Not applicable to this item or not used by this reconstruction.,Display name for this link.
1 chips (stretch),01-h100-sxm5-passport,DPP,$.credentialSubject.packaging.materialUsed[].materialSafetyInformation.digestMultibase,yes,no,string,not published,no,,,,,Not applicable to this item or not used by this reconstruction.,An optional multi-base encoded digest to ensure the content of the link has not changed. See https://www.w3.org/TR/vc-data-integrity/#resource-integrity for ...
1 chips (stretch),01-h100-sxm5-passport,DPP,$.credentialSubject.packaging.materialUsed[].materialSafetyInformation.mediaType,yes,no,string,not published,no,,,,,Not applicable to this item or not used by this reconstruction.,The media type of the target resource.
1 chips (stretch),01-h100-sxm5-passport,DPP,$.credentialSubject.packaging.materialUsed[].materialSafetyInformation.linkType,yes,no,string,not published,no,,,,,Not applicable to this item or not used by this reconstruction.,The type of the target resource - drawn from a controlled vocabulary 
1 chips (stretch),01-h100-sxm5-passport,DPP,$.credentialSubject.packaging.packageLabel[],yes,no,object,not published,no,,,,,Not applicable to this item or not used by this reconstruction.,An array of package labels that may appear on the packaging together with their meaning. Use for small images that represent certification marks or regulator...
1 chips (stretch),01-h100-sxm5-passport,DPP,$.credentialSubject.packaging.packageLabel[].name,yes,yes,string,not published,no,,,,,Not applicable to this item or not used by this reconstruction.,the display name for this image
1 chips (stretch),01-h100-sxm5-passport,DPP,$.credentialSubject.packaging.packageLabel[].description,yes,no,string,not published,no,,,,,Not applicable to this item or not used by this reconstruction.,The detailed description / supporting information for this image.
1 chips (stretch),01-h100-sxm5-passport,DPP,$.credentialSubject.packaging.packageLabel[].imageData,yes,yes,string,not published,no,,,,,Not applicable to this item or not used by this reconstruction.,The image data encoded as a base64 string.
1 chips (stretch),01-h100-sxm5-passport,DPP,$.credentialSubject.packaging.packageLabel[].mediaType,yes,yes,string,not published,no,,,,,Not applicable to this item or not used by this reconstruction.,"The media type of this image (eg image/png)      This is an enumerated value, but the list of valid values are too big, or change too often to include here. ..."
1 chips (stretch),01-h100-sxm5-passport,DPP,$.credentialSubject.packaging.performanceClaim[],yes,no,object,not published,no,,,,,Not applicable to this item or not used by this reconstruction.,conformity claims made about the packaging.
1 chips (stretch),01-h100-sxm5-passport,DPP,$.credentialSubject.packaging.performanceClaim[].type,yes,no,array<string>,not published,no,,,,,Not applicable to this item or not used by this reconstruction.,
1 chips (stretch),01-h100-sxm5-passport,DPP,$.credentialSubject.packaging.performanceClaim[].id,yes,yes,string,not published,no,,,,,Not applicable to this item or not used by this reconstruction.,Globally unique identifier of this claim. Typically represented as a URI companyURL/claimID URI or a UUID
1 chips (stretch),01-h100-sxm5-passport,DPP,$.credentialSubject.packaging.performanceClaim[].name,yes,yes,string,not published,no,,,,,Not applicable to this item or not used by this reconstruction.,Name of this claim - typically similar or the same as the referenced criterion name.
1 chips (stretch),01-h100-sxm5-passport,DPP,$.credentialSubject.packaging.performanceClaim[].description,yes,no,string,not published,no,,,,,Not applicable to this item or not used by this reconstruction.,Description of this conformity claim
1 chips (stretch),01-h100-sxm5-passport,DPP,$.credentialSubject.packaging.performanceClaim[].referenceCriteria[],yes,yes,object,not published,no,,,,,Not applicable to this item or not used by this reconstruction.,The criterion against which the claim is made.
1 chips (stretch),01-h100-sxm5-passport,DPP,$.credentialSubject.packaging.performanceClaim[].referenceCriteria[].type,yes,no,array<string>,not published,no,,,,,Not applicable to this item or not used by this reconstruction.,
1 chips (stretch),01-h100-sxm5-passport,DPP,$.credentialSubject.packaging.performanceClaim[].referenceCriteria[].id,yes,yes,string,not published,no,,,,,Not applicable to this item or not used by this reconstruction.,Globally unique identifier of this conformity criterion. Typically represented as a URI SchemeOwner/CriterionID URI
1 chips (stretch),01-h100-sxm5-passport,DPP,$.credentialSubject.packaging.performanceClaim[].referenceCriteria[].name,yes,yes,string,not published,no,,,,,Not applicable to this item or not used by this reconstruction.,Name of this criterion as defined by the scheme owner.
1 chips (stretch),01-h100-sxm5-passport,DPP,$.credentialSubject.packaging.performanceClaim[].referenceRegulation[],yes,no,object,not published,no,,,,,Not applicable to this item or not used by this reconstruction.,List of references to regulation to which conformity is claimed claimed for this product
1 chips (stretch),01-h100-sxm5-passport,DPP,$.credentialSubject.packaging.performanceClaim[].referenceRegulation[].type,yes,no,array<string>,not published,no,,,,,Not applicable to this item or not used by this reconstruction.,
1 chips (stretch),01-h100-sxm5-passport,DPP,$.credentialSubject.packaging.performanceClaim[].referenceRegulation[].id,yes,yes,string,not published,no,,,,,Not applicable to this item or not used by this reconstruction.,Globally unique identifier of this standard. Typically represented as a URI government/regulation URI
1 chips (stretch),01-h100-sxm5-passport,DPP,$.credentialSubject.packaging.performanceClaim[].referenceRegulation[].name,yes,yes,string,not published,no,,,,,Not applicable to this item or not used by this reconstruction.,Name of this regulation as defined by the regulator.
1 chips (stretch),01-h100-sxm5-passport,DPP,$.credentialSubject.packaging.performanceClaim[].referenceStandard[],yes,no,object,not published,no,,,,,Not applicable to this item or not used by this reconstruction.,List of references to standards to which conformity is claimed claimed for this product
1 chips (stretch),01-h100-sxm5-passport,DPP,$.credentialSubject.packaging.performanceClaim[].referenceStandard[].type,yes,no,array<string>,not published,no,,,,,Not applicable to this item or not used by this reconstruction.,
1 chips (stretch),01-h100-sxm5-passport,DPP,$.credentialSubject.packaging.performanceClaim[].referenceStandard[].id,yes,yes,string,not published,no,,,,,Not applicable to this item or not used by this reconstruction.,Globally unique identifier of this standard. Typically represented as a URI issuer/standard URI
1 chips (stretch),01-h100-sxm5-passport,DPP,$.credentialSubject.packaging.performanceClaim[].referenceStandard[].name,yes,yes,string,not published,no,,,,,Not applicable to this item or not used by this reconstruction.,Name for this standard
1 chips (stretch),01-h100-sxm5-passport,DPP,$.credentialSubject.packaging.performanceClaim[].claimDate,yes,yes,string,not published,no,,,,,Not applicable to this item or not used by this reconstruction.,That date on which the claimed performance is applicable.
1 chips (stretch),01-h100-sxm5-passport,DPP,$.credentialSubject.packaging.performanceClaim[].applicablePeriod,yes,no,object,not published,no,,,,,Not applicable to this item or not used by this reconstruction.,The applicable reporting period for this facility record.
1 chips (stretch),01-h100-sxm5-passport,DPP,$.credentialSubject.packaging.performanceClaim[].applicablePeriod.startDate,yes,yes,string,not published,no,,,,,Not applicable to this item or not used by this reconstruction.,The period start date
1 chips (stretch),01-h100-sxm5-passport,DPP,$.credentialSubject.packaging.performanceClaim[].applicablePeriod.endDate,yes,yes,string,not published,no,,,,,Not applicable to this item or not used by this reconstruction.,The period end date
1 chips (stretch),01-h100-sxm5-passport,DPP,$.credentialSubject.packaging.performanceClaim[].applicablePeriod.periodInformation,yes,no,string,not published,no,,,,,Not applicable to this item or not used by this reconstruction.,Additional information relevant to this reporting period
1 chips (stretch),01-h100-sxm5-passport,DPP,$.credentialSubject.packaging.performanceClaim[].claimedPerformance[],yes,yes,object,not published,no,,,,,Not applicable to this item or not used by this reconstruction.,The claimed performance level 
1 chips (stretch),01-h100-sxm5-passport,DPP,$.credentialSubject.packaging.performanceClaim[].claimedPerformance[].metric,yes,no,object,not published,no,,,,,Not applicable to this item or not used by this reconstruction.,The metric (eg material emissions intensity CO2e/Kg or percentage of young workers) that is measured.
1 chips (stretch),01-h100-sxm5-passport,DPP,$.credentialSubject.packaging.performanceClaim[].claimedPerformance[].metric.type,yes,no,array<string>,not published,no,,,,,Not applicable to this item or not used by this reconstruction.,
1 chips (stretch),01-h100-sxm5-passport,DPP,$.credentialSubject.packaging.performanceClaim[].claimedPerformance[].metric.id,yes,yes,string,not published,no,,,,,Not applicable to this item or not used by this reconstruction.,Globally unique identifier of this reporting metric. 
1 chips (stretch),01-h100-sxm5-passport,DPP,$.credentialSubject.packaging.performanceClaim[].claimedPerformance[].metric.name,yes,yes,string,not published,no,,,,,Not applicable to this item or not used by this reconstruction.,"A human readable name for this metric (for example ""water usage per Kg of material"")"
1 chips (stretch),01-h100-sxm5-passport,DPP,$.credentialSubject.packaging.performanceClaim[].claimedPerformance[].measure,yes,no,object,not published,no,,,,,Not applicable to this item or not used by this reconstruction.,The measured performance value
1 chips (stretch),01-h100-sxm5-passport,DPP,$.credentialSubject.packaging.performanceClaim[].claimedPerformance[].measure.value,yes,yes,number,not published,no,,,,,Not applicable to this item or not used by this reconstruction.,The numeric value of the measure
1 chips (stretch),01-h100-sxm5-passport,DPP,$.credentialSubject.packaging.performanceClaim[].claimedPerformance[].measure.upperTolerance,yes,no,number,not published,no,,,,,Not applicable to this item or not used by this reconstruction.,"The upper tolerance associated with this measure expressed in the same units as the measure.  For example value=10, upperTolerance=0.1, unit=KGM would mean t..."
1 chips (stretch),01-h100-sxm5-passport,DPP,$.credentialSubject.packaging.performanceClaim[].claimedPerformance[].measure.lowerTolerance,yes,no,number,not published,no,,,,,Not applicable to this item or not used by this reconstruction.,"The lower tolerance associated with this measure expressed in the same units as the measure.  For example value=10, lowerTolerance=0.1, unit=KGM would mean t..."
1 chips (stretch),01-h100-sxm5-passport,DPP,$.credentialSubject.packaging.performanceClaim[].claimedPerformance[].measure.unit,yes,yes,string,not published,no,,,,,Not applicable to this item or not used by this reconstruction.,"Unit of measure drawn from the UNECE Rec20 measure code list.      This is an enumerated value, but the list of valid values are too big, or change too often..."
1 chips (stretch),01-h100-sxm5-passport,DPP,$.credentialSubject.packaging.performanceClaim[].claimedPerformance[].score,yes,no,object,not published,no,,,,,Not applicable to this item or not used by this reconstruction.,"A performance score (eg ""AA"") drawn from a scoring framework defined by the scheme or criterion."
1 chips (stretch),01-h100-sxm5-passport,DPP,$.credentialSubject.packaging.performanceClaim[].claimedPerformance[].score.code,yes,yes,string,not published,no,,,,,Not applicable to this item or not used by this reconstruction.,"The coded value for this score (eg ""AAA"")"
1 chips (stretch),01-h100-sxm5-passport,DPP,$.credentialSubject.packaging.performanceClaim[].claimedPerformance[].score.rank,yes,no,integer,not published,no,,,,,Not applicable to this item or not used by this reconstruction.,"The ranking of this score within the scoring framework - using an integer where ""1"" is the highest rank."
1 chips (stretch),01-h100-sxm5-passport,DPP,$.credentialSubject.packaging.performanceClaim[].claimedPerformance[].score.definition,yes,no,string,not published,no,,,,,Not applicable to this item or not used by this reconstruction.,A description of the meaning of this score.
1 chips (stretch),01-h100-sxm5-passport,DPP,$.credentialSubject.packaging.performanceClaim[].evidence[],yes,no,object,not published,no,,,,,Not applicable to this item or not used by this reconstruction.,A URI pointing to the evidence supporting the claim. SHOULD be a URL to a UNTP Digital Conformity Credential (DCC)
1 chips (stretch),01-h100-sxm5-passport,DPP,$.credentialSubject.packaging.performanceClaim[].evidence[].linkURL,yes,yes,string,not published,no,,,,,Not applicable to this item or not used by this reconstruction.,The URL of the target resource.  
1 chips (stretch),01-h100-sxm5-passport,DPP,$.credentialSubject.packaging.performanceClaim[].evidence[].linkName,yes,yes,string,not published,no,,,,,Not applicable to this item or not used by this reconstruction.,Display name for this link.
1 chips (stretch),01-h100-sxm5-passport,DPP,$.credentialSubject.packaging.performanceClaim[].evidence[].digestMultibase,yes,no,string,not published,no,,,,,Not applicable to this item or not used by this reconstruction.,An optional multi-base encoded digest to ensure the content of the link has not changed. See https://www.w3.org/TR/vc-data-integrity/#resource-integrity for ...
1 chips (stretch),01-h100-sxm5-passport,DPP,$.credentialSubject.packaging.performanceClaim[].evidence[].mediaType,yes,no,string,not published,no,,,,,Not applicable to this item or not used by this reconstruction.,The media type of the target resource.
1 chips (stretch),01-h100-sxm5-passport,DPP,$.credentialSubject.packaging.performanceClaim[].evidence[].linkType,yes,no,string,not published,no,,,,,Not applicable to this item or not used by this reconstruction.,The type of the target resource - drawn from a controlled vocabulary 
1 chips (stretch),01-h100-sxm5-passport,DPP,$.credentialSubject.packaging.performanceClaim[].conformityTopic[],yes,yes,object,not published,no,,,,,Not applicable to this item or not used by this reconstruction.,The conformity topic category for this assessment
1 chips (stretch),01-h100-sxm5-passport,DPP,$.credentialSubject.packaging.performanceClaim[].conformityTopic[].type,yes,no,array<string>,not published,no,,,,,Not applicable to this item or not used by this reconstruction.,
1 chips (stretch),01-h100-sxm5-passport,DPP,$.credentialSubject.packaging.performanceClaim[].conformityTopic[].id,yes,yes,string,not published,no,,,,,Not applicable to this item or not used by this reconstruction.,The unique identifier for this conformity topic
1 chips (stretch),01-h100-sxm5-passport,DPP,$.credentialSubject.packaging.performanceClaim[].conformityTopic[].name,yes,yes,string,not published,no,,,,,Not applicable to this item or not used by this reconstruction.,The human readable name for this conformity topic.
1 chips (stretch),01-h100-sxm5-passport,DPP,$.credentialSubject.packaging.performanceClaim[].conformityTopic[].definition,yes,no,string,not published,no,,,,,Not applicable to this item or not used by this reconstruction.,The rich definition of this conformity topic.
1 chips (stretch),01-h100-sxm5-passport,DPP,$.credentialSubject.productLabel[],yes,no,object,not published,yes,,,,,,An array of labels that may appear on the product such as certification marks or regulatory labels.
1 chips (stretch),01-h100-sxm5-passport,DPP,$.credentialSubject.productLabel[].name,yes,yes,string,not published,yes,,,,,,the display name for this image
1 chips (stretch),01-h100-sxm5-passport,DPP,$.credentialSubject.productLabel[].description,yes,no,string,not published,yes,,,,,,The detailed description / supporting information for this image.
1 chips (stretch),01-h100-sxm5-passport,DPP,$.credentialSubject.productLabel[].imageData,yes,yes,string,not published,yes,,,,,,The image data encoded as a base64 string.
1 chips (stretch),01-h100-sxm5-passport,DPP,$.credentialSubject.productLabel[].mediaType,yes,yes,string,not published,yes,,,,,,"The media type of this image (eg image/png)      This is an enumerated value, but the list of valid values are too big, or change too often to include here. ..."
1 chips (stretch),01-h100-sxm5-passport,DPP,$.credentialSubject.performanceClaim[],yes,no,object,not published,yes,,,,,,A list of performance claims (eg emissions intensity) for this product.
1 chips (stretch),01-h100-sxm5-passport,DPP,$.credentialSubject.performanceClaim[].type,yes,no,array<string>,not published,yes,,,,,,
1 chips (stretch),01-h100-sxm5-passport,DPP,$.credentialSubject.performanceClaim[].id,yes,yes,string,not published,yes,,,,,,Globally unique identifier of this claim. Typically represented as a URI companyURL/claimID URI or a UUID
1 chips (stretch),01-h100-sxm5-passport,DPP,$.credentialSubject.performanceClaim[].name,yes,yes,string,not published,yes,,,,,,Name of this claim - typically similar or the same as the referenced criterion name.
1 chips (stretch),01-h100-sxm5-passport,DPP,$.credentialSubject.performanceClaim[].description,yes,no,string,not published,yes,,,,,,Description of this conformity claim
1 chips (stretch),01-h100-sxm5-passport,DPP,$.credentialSubject.performanceClaim[].referenceCriteria[],yes,yes,object,not published,yes,,,,,,The criterion against which the claim is made.
1 chips (stretch),01-h100-sxm5-passport,DPP,$.credentialSubject.performanceClaim[].referenceCriteria[].type,yes,no,array<string>,not published,yes,,,,,,
1 chips (stretch),01-h100-sxm5-passport,DPP,$.credentialSubject.performanceClaim[].referenceCriteria[].id,yes,yes,string,not published,yes,,,,,,Globally unique identifier of this conformity criterion. Typically represented as a URI SchemeOwner/CriterionID URI
1 chips (stretch),01-h100-sxm5-passport,DPP,$.credentialSubject.performanceClaim[].referenceCriteria[].name,yes,yes,string,not published,yes,,,,,,Name of this criterion as defined by the scheme owner.
1 chips (stretch),01-h100-sxm5-passport,DPP,$.credentialSubject.performanceClaim[].referenceRegulation[],yes,no,object,not published,yes,,,,,,List of references to regulation to which conformity is claimed claimed for this product
1 chips (stretch),01-h100-sxm5-passport,DPP,$.credentialSubject.performanceClaim[].referenceRegulation[].type,yes,no,array<string>,not published,yes,,,,,,
1 chips (stretch),01-h100-sxm5-passport,DPP,$.credentialSubject.performanceClaim[].referenceRegulation[].id,yes,yes,string,not published,yes,,,,,,Globally unique identifier of this standard. Typically represented as a URI government/regulation URI
1 chips (stretch),01-h100-sxm5-passport,DPP,$.credentialSubject.performanceClaim[].referenceRegulation[].name,yes,yes,string,not published,yes,,,,,,Name of this regulation as defined by the regulator.
1 chips (stretch),01-h100-sxm5-passport,DPP,$.credentialSubject.performanceClaim[].referenceStandard[],yes,no,object,not published,yes,,,,,,List of references to standards to which conformity is claimed claimed for this product
1 chips (stretch),01-h100-sxm5-passport,DPP,$.credentialSubject.performanceClaim[].referenceStandard[].type,yes,no,array<string>,not published,yes,,,,,,
1 chips (stretch),01-h100-sxm5-passport,DPP,$.credentialSubject.performanceClaim[].referenceStandard[].id,yes,yes,string,not published,yes,,,,,,Globally unique identifier of this standard. Typically represented as a URI issuer/standard URI
1 chips (stretch),01-h100-sxm5-passport,DPP,$.credentialSubject.performanceClaim[].referenceStandard[].name,yes,yes,string,not published,yes,,,,,,Name for this standard
1 chips (stretch),01-h100-sxm5-passport,DPP,$.credentialSubject.performanceClaim[].claimDate,yes,yes,string,not published,yes,,,,,,That date on which the claimed performance is applicable.
1 chips (stretch),01-h100-sxm5-passport,DPP,$.credentialSubject.performanceClaim[].applicablePeriod,yes,no,object,not published,yes,,,,,,The applicable reporting period for this facility record.
1 chips (stretch),01-h100-sxm5-passport,DPP,$.credentialSubject.performanceClaim[].applicablePeriod.startDate,yes,yes,string,not published,yes,,,,,,The period start date
1 chips (stretch),01-h100-sxm5-passport,DPP,$.credentialSubject.performanceClaim[].applicablePeriod.endDate,yes,yes,string,not published,yes,,,,,,The period end date
1 chips (stretch),01-h100-sxm5-passport,DPP,$.credentialSubject.performanceClaim[].applicablePeriod.periodInformation,yes,no,string,not published,yes,,,,,,Additional information relevant to this reporting period
1 chips (stretch),01-h100-sxm5-passport,DPP,$.credentialSubject.performanceClaim[].claimedPerformance[],yes,yes,object,not published,yes,,,,,,The claimed performance level 
1 chips (stretch),01-h100-sxm5-passport,DPP,$.credentialSubject.performanceClaim[].claimedPerformance[].metric,yes,no,object,not published,yes,,,,,,The metric (eg material emissions intensity CO2e/Kg or percentage of young workers) that is measured.
1 chips (stretch),01-h100-sxm5-passport,DPP,$.credentialSubject.performanceClaim[].claimedPerformance[].metric.type,yes,no,array<string>,not published,yes,,,,,,
1 chips (stretch),01-h100-sxm5-passport,DPP,$.credentialSubject.performanceClaim[].claimedPerformance[].metric.id,yes,yes,string,not published,yes,,,,,,Globally unique identifier of this reporting metric. 
1 chips (stretch),01-h100-sxm5-passport,DPP,$.credentialSubject.performanceClaim[].claimedPerformance[].metric.name,yes,yes,string,not published,yes,,,,,,"A human readable name for this metric (for example ""water usage per Kg of material"")"
1 chips (stretch),01-h100-sxm5-passport,DPP,$.credentialSubject.performanceClaim[].claimedPerformance[].measure,yes,no,object,not published,yes,,,,,,The measured performance value
1 chips (stretch),01-h100-sxm5-passport,DPP,$.credentialSubject.performanceClaim[].claimedPerformance[].measure.value,yes,yes,number,not published,yes,,,,,,The numeric value of the measure
1 chips (stretch),01-h100-sxm5-passport,DPP,$.credentialSubject.performanceClaim[].claimedPerformance[].measure.upperTolerance,yes,no,number,not published,yes,,,,,,"The upper tolerance associated with this measure expressed in the same units as the measure.  For example value=10, upperTolerance=0.1, unit=KGM would mean t..."
1 chips (stretch),01-h100-sxm5-passport,DPP,$.credentialSubject.performanceClaim[].claimedPerformance[].measure.lowerTolerance,yes,no,number,not published,yes,,,,,,"The lower tolerance associated with this measure expressed in the same units as the measure.  For example value=10, lowerTolerance=0.1, unit=KGM would mean t..."
1 chips (stretch),01-h100-sxm5-passport,DPP,$.credentialSubject.performanceClaim[].claimedPerformance[].measure.unit,yes,yes,string,not published,yes,,,,,,"Unit of measure drawn from the UNECE Rec20 measure code list.      This is an enumerated value, but the list of valid values are too big, or change too often..."
1 chips (stretch),01-h100-sxm5-passport,DPP,$.credentialSubject.performanceClaim[].claimedPerformance[].score,yes,no,object,not published,yes,,,,,,"A performance score (eg ""AA"") drawn from a scoring framework defined by the scheme or criterion."
1 chips (stretch),01-h100-sxm5-passport,DPP,$.credentialSubject.performanceClaim[].claimedPerformance[].score.code,yes,yes,string,not published,yes,,,,,,"The coded value for this score (eg ""AAA"")"
1 chips (stretch),01-h100-sxm5-passport,DPP,$.credentialSubject.performanceClaim[].claimedPerformance[].score.rank,yes,no,integer,not published,yes,,,,,,"The ranking of this score within the scoring framework - using an integer where ""1"" is the highest rank."
1 chips (stretch),01-h100-sxm5-passport,DPP,$.credentialSubject.performanceClaim[].claimedPerformance[].score.definition,yes,no,string,not published,yes,,,,,,A description of the meaning of this score.
1 chips (stretch),01-h100-sxm5-passport,DPP,$.credentialSubject.performanceClaim[].evidence[],yes,no,object,not published,yes,,,,,,A URI pointing to the evidence supporting the claim. SHOULD be a URL to a UNTP Digital Conformity Credential (DCC)
1 chips (stretch),01-h100-sxm5-passport,DPP,$.credentialSubject.performanceClaim[].evidence[].linkURL,yes,yes,string,not published,yes,,,,,,The URL of the target resource.  
1 chips (stretch),01-h100-sxm5-passport,DPP,$.credentialSubject.performanceClaim[].evidence[].linkName,yes,yes,string,not published,yes,,,,,,Display name for this link.
1 chips (stretch),01-h100-sxm5-passport,DPP,$.credentialSubject.performanceClaim[].evidence[].digestMultibase,yes,no,string,not published,yes,,,,,,An optional multi-base encoded digest to ensure the content of the link has not changed. See https://www.w3.org/TR/vc-data-integrity/#resource-integrity for ...
1 chips (stretch),01-h100-sxm5-passport,DPP,$.credentialSubject.performanceClaim[].evidence[].mediaType,yes,no,string,not published,yes,,,,,,The media type of the target resource.
1 chips (stretch),01-h100-sxm5-passport,DPP,$.credentialSubject.performanceClaim[].evidence[].linkType,yes,no,string,not published,yes,,,,,,The type of the target resource - drawn from a controlled vocabulary 
1 chips (stretch),01-h100-sxm5-passport,DPP,$.credentialSubject.performanceClaim[].conformityTopic[],yes,yes,object,not published,yes,,,,,,The conformity topic category for this assessment
1 chips (stretch),01-h100-sxm5-passport,DPP,$.credentialSubject.performanceClaim[].conformityTopic[].type,yes,no,array<string>,not published,yes,,,,,,
1 chips (stretch),01-h100-sxm5-passport,DPP,$.credentialSubject.performanceClaim[].conformityTopic[].id,yes,yes,string,not published,yes,,,,,,The unique identifier for this conformity topic
1 chips (stretch),01-h100-sxm5-passport,DPP,$.credentialSubject.performanceClaim[].conformityTopic[].name,yes,yes,string,not published,yes,,,,,,The human readable name for this conformity topic.
1 chips (stretch),01-h100-sxm5-passport,DPP,$.credentialSubject.performanceClaim[].conformityTopic[].definition,yes,no,string,not published,yes,,,,,,The rich definition of this conformity topic.
1 chips (stretch),01-h100-sxm5-passport,DPP,$.issuingSoftware,yes,no,object,not published,no,,,,,Not applicable to this item or not used by this reconstruction.,Optional metadata identifying the software product (and its vendor) that issued this credential. Useful for vendor traceability and conformity testing. Issue...
1 chips (stretch),01-h100-sxm5-passport,DPP,$.issuingSoftware.id,yes,yes,string,not published,no,,,,,Not applicable to this item or not used by this reconstruction.,A resolvable identifier for the specific version of the software product that issued this credential.
1 chips (stretch),01-h100-sxm5-passport,DPP,$.issuingSoftware.name,yes,yes,string,not published,no,,,,,Not applicable to this item or not used by this reconstruction.,The name of the software product that issued this credential.
1 chips (stretch),01-h100-sxm5-passport,DPP,$.issuingSoftware.version,yes,yes,string,not published,no,,,,,Not applicable to this item or not used by this reconstruction.,The version of the software product that issued this credential.
1 chips (stretch),01-h100-sxm5-passport,DPP,$.issuingSoftware.vendor,yes,yes,object,not published,no,,,,,Not applicable to this item or not used by this reconstruction.,The vendor of the software product that issued this credential.
1 chips (stretch),01-h100-sxm5-passport,DPP,$.issuingSoftware.vendor.id,yes,yes,string,not published,no,,,,,Not applicable to this item or not used by this reconstruction.,The decentralised identifier (DID) or other resolvable identifier of the software vendor.
1 chips (stretch),01-h100-sxm5-passport,DPP,$.issuingSoftware.vendor.name,yes,yes,string,not published,no,,,,,Not applicable to this item or not used by this reconstruction.,The name of the software vendor.
1 chips (stretch),01-h100-sxm5-passport,DPP,$.description,yes (additional property),no,,issuer-controlled,yes,Reconstructed by Open Data Services (ODS) from public sources for the AI Supply Chains field work (September 2026). None of the parties named in this credent...,issuer-controlled,ODS,,VCDM 2.0 'description'; allowed by the UNTP schema's additionalProperties.,
1 chips (stretch),01-h100-sxm5-passport,DPP,$.credentialSubject.characteristics.aic:architecture,no,no,extension,needs extension vocabulary,yes,Hopper,stated,NV-BLOG,,,Proposed AI compute and models extension property
1 chips (stretch),01-h100-sxm5-passport,DPP,$.credentialSubject.characteristics.aic:die,no,no,extension,needs extension vocabulary,yes,GH100,stated,NV-BLOG,,,Proposed AI compute and models extension property
1 chips (stretch),01-h100-sxm5-passport,DPP,$.credentialSubject.characteristics.aic:processNode,no,no,extension,needs extension vocabulary,yes,TSMC 4N (customised for NVIDIA),stated,NV-BLOG,,,Proposed AI compute and models extension property
1 chips (stretch),01-h100-sxm5-passport,DPP,$.credentialSubject.characteristics.aic:transistorCount,no,no,extension,needs extension vocabulary,yes,,stated,NV-BLOG,,,Proposed AI compute and models extension property
1 chips (stretch),01-h100-sxm5-passport,DPP,$.credentialSubject.characteristics.aic:dieArea,no,no,extension,needs extension vocabulary,yes,,stated,NV-BLOG,,,Proposed AI compute and models extension property
1 chips (stretch),01-h100-sxm5-passport,DPP,$.credentialSubject.characteristics.aic:memoryCapacity,no,no,extension,needs extension vocabulary,yes,,stated,NV-WP; NV-PRODUCT,,,Proposed AI compute and models extension property
1 chips (stretch),01-h100-sxm5-passport,DPP,$.credentialSubject.characteristics.aic:memoryType,no,no,extension,needs extension vocabulary,yes,HBM3 (5 active stacks),stated,NV-WP,,,Proposed AI compute and models extension property
1 chips (stretch),01-h100-sxm5-passport,DPP,$.credentialSubject.characteristics.aic:thermalDesignPower,no,no,extension,needs extension vocabulary,yes,,stated,NV-WP; NV-PRODUCT,,'Up to 700W (configurable)',Proposed AI compute and models extension property
1 chips (stretch),01-h100-sxm5-passport,DPP,$.credentialSubject.characteristics.aic:formFactor,no,no,extension,needs extension vocabulary,yes,SXM5,stated,NV-WP,,,Proposed AI compute and models extension property
1 chips (stretch),01-h100-sxm5-passport,DPP,$.credentialSubject.characteristics.aic:components,no,no,extension,needs extension vocabulary,yes,,stated,NV-BLOG; SKH-2022; TRENDFORCE-2024; NV-10K; SEMIANALYSIS-2023,,"UNTP materialProvenance needs mass fractions and origin countries, which are not published. Component-level bill of materials proposed as an extension.",Proposed AI compute and models extension property
1 chips (stretch),01-h100-sxm5-passport,DPP,$.credentialSubject.characteristics.aic:chipExplorerInputs,no,no,extension,needs extension vocabulary,yes,,stated,ETO,"inputs.csv, sequence.csv, provision.csv",Chip Explorer is type-level; it has no firm-level foundry row for TSMC and no HBM inputs. Mapping the H100 to these inputs is an ODS reading.,Proposed AI compute and models extension property
2 sites,02-jupiter-facility-record,DFR,$,yes,yes,object,container,yes,,,,,Structural: see the fields beneath.,A digital Facility Record (DFR) credential.
2 sites,02-jupiter-facility-record,DFR,$.type,yes,no,array<string>,issuer-controlled,yes,,issuer-controlled,ODS,,,
2 sites,02-jupiter-facility-record,DFR,$.@context,yes,yes,array<string>,issuer-controlled,yes,,issuer-controlled,ODS,,Third entry is the proposed AI compute and models extension context (fictional URL; local copy in extension/).,A list of JSON-LD context URIs that define the semantic meaning of properties within the credential. 
2 sites,02-jupiter-facility-record,DFR,$.id,yes,yes,string,issuer-controlled,yes,https://example.org/untp-ai/credentials/jupiter-facility-record,issuer-controlled,ODS,,,A unique identifier (URI) assigned to this verifiable credential.
2 sites,02-jupiter-facility-record,DFR,$.issuer,yes,yes,object,issuer-controlled,yes,,issuer-controlled,ODS,,Fictional issuer. The DID does not resolve and nothing is signed.,"The organisation that is the issuer of this VC. Note that the ""id"" property MUST be a W3C DID.  Other identifiers such as tax registration numbers can be lis..."
2 sites,02-jupiter-facility-record,DFR,$.issuer.type,yes,no,array<string>,issuer-controlled,yes,,issuer-controlled,ODS,,Fictional issuer. The DID does not resolve and nothing is signed. (inherited from parent field),
2 sites,02-jupiter-facility-record,DFR,$.issuer.id,yes,yes,string,issuer-controlled,yes,did:web:example.org,issuer-controlled,ODS,,Fictional issuer. The DID does not resolve and nothing is signed. (inherited from parent field),The W3C DID of the issuer - should be a did:web or did:webvh
2 sites,02-jupiter-facility-record,DFR,$.issuer.name,yes,yes,string,issuer-controlled,yes,Example reconstruction issuer (fictional; ODS AI Supply Chains prototype),issuer-controlled,ODS,,Fictional issuer. The DID does not resolve and nothing is signed. (inherited from parent field),The name of the issuer person or organisation
2 sites,02-jupiter-facility-record,DFR,$.issuer.issuerAlsoKnownAs[],yes,no,object,not published,no,,,,,Not applicable to this item or not used by this reconstruction.,An optional list of other registered identifiers for this credential issuer 
2 sites,02-jupiter-facility-record,DFR,$.issuer.issuerAlsoKnownAs[].type,yes,no,array<string>,not published,no,,,,,Not applicable to this item or not used by this reconstruction.,
2 sites,02-jupiter-facility-record,DFR,$.issuer.issuerAlsoKnownAs[].id,yes,yes,string,not published,no,,,,,Not applicable to this item or not used by this reconstruction.,Globally unique identifier of this party. Typically represented as a URI identifierScheme/Identifier URI
2 sites,02-jupiter-facility-record,DFR,$.issuer.issuerAlsoKnownAs[].name,yes,yes,string,not published,no,,,,,Not applicable to this item or not used by this reconstruction.,Legal registered name of this party.
2 sites,02-jupiter-facility-record,DFR,$.issuer.issuerAlsoKnownAs[].registeredId,yes,no,string,not published,no,,,,,Not applicable to this item or not used by this reconstruction.,The registration number (alphanumeric) of the Party within the register. Unique within the register.
2 sites,02-jupiter-facility-record,DFR,$.validFrom,yes,yes,string,issuer-controlled,yes,2026-09-30T00:00:00Z,issuer-controlled,ODS,,,The date and time from which the credential is valid.
2 sites,02-jupiter-facility-record,DFR,$.validUntil,yes,no,string,not published,no,,,,,Not applicable to this item or not used by this reconstruction.,The expiry date (if applicable) of this verifiable credential.
2 sites,02-jupiter-facility-record,DFR,$.name,yes,yes,string,issuer-controlled,yes,"Digital Facility Record: Jupiter cluster (Ai2), Austin, Texas",issuer-controlled,ODS,,,"Name of this verifiable credential instance (eg the title of a digital product passport, facility record, lifecycle event, or conformity credential)"
2 sites,02-jupiter-facility-record,DFR,$.credentialStatus,yes,no,object,not published,no,,,,,Not applicable to this item or not used by this reconstruction.,A W3C VCDM2.0 compliant object containing credential status information.
2 sites,02-jupiter-facility-record,DFR,$.credentialStatus.type,yes,yes,string enum['BitstringStatusListEntry'],not published,no,,,,,Not applicable to this item or not used by this reconstruction.,"The type of status list - must be set to ""The type property MUST be BitstringStatusListEntry."""
2 sites,02-jupiter-facility-record,DFR,$.credentialStatus.id,yes,no,string,not published,no,,,,,Not applicable to this item or not used by this reconstruction.,optional identifier of this status list entry.
2 sites,02-jupiter-facility-record,DFR,$.credentialStatus.statusPurpose,yes,yes,"string enum['refresh', 'revocation', 'suspension', 'message']",not published,no,,,,,Not applicable to this item or not used by this reconstruction.,Status purpose drawn from a standard list but extensible as per w3c bitstring status list specification.
2 sites,02-jupiter-facility-record,DFR,$.credentialStatus.statusListIndex,yes,yes,integer,not published,no,,,,,Not applicable to this item or not used by this reconstruction.,"	The statusListIndex property MUST be an arbitrary size integer greater than or equal to 0, expressed as a string in base 10. The value identifies the positi..."
2 sites,02-jupiter-facility-record,DFR,$.credentialStatus.statusListCredential,yes,yes,string,not published,no,,,,,Not applicable to this item or not used by this reconstruction.,"The statusListCredential property MUST be a URL to a verifiable credential. When the URL is dereferenced, the resulting verifiable credential MUST have type ..."
2 sites,02-jupiter-facility-record,DFR,$.renderMethod[],yes,no,object,not published,no,,,,,Not applicable to this item or not used by this reconstruction.,Human rendering information for this credential. An array of render methods (eg RenderTemplate2024) that may be used to display the credential.
2 sites,02-jupiter-facility-record,DFR,$.renderMethod[].type,yes,no,array<string>,not published,no,,,,,Not applicable to this item or not used by this reconstruction.,
2 sites,02-jupiter-facility-record,DFR,$.renderMethod[].name,yes,no,string,not published,no,,,,,Not applicable to this item or not used by this reconstruction.,Human facing display name for selection
2 sites,02-jupiter-facility-record,DFR,$.renderMethod[].mediaQuery,yes,no,string,not published,no,,,,,Not applicable to this item or not used by this reconstruction.,Media query as defined in https://www.w3.org/TR/mediaqueries-4/
2 sites,02-jupiter-facility-record,DFR,$.renderMethod[].template,yes,no,string,not published,no,,,,,Not applicable to this item or not used by this reconstruction.,An inline template field for use cases where remote retrieval of a render method is suboptimal
2 sites,02-jupiter-facility-record,DFR,$.renderMethod[].url,yes,no,string,not published,no,,,,,Not applicable to this item or not used by this reconstruction.,URL for remotely hosted template
2 sites,02-jupiter-facility-record,DFR,$.renderMethod[].mediaType,yes,no,string,not published,no,,,,,Not applicable to this item or not used by this reconstruction.,media type of the rendered output (eg text/html)
2 sites,02-jupiter-facility-record,DFR,$.renderMethod[].digestMultibase,yes,no,string,not published,no,,,,,Not applicable to this item or not used by this reconstruction.,Used for resource integrity and/or validation of the inline `template`
2 sites,02-jupiter-facility-record,DFR,$.credentialSubject,yes,yes,object,container,yes,,,,,Structural: see the fields beneath.,The facility that is the subject of this digital facility record.
2 sites,02-jupiter-facility-record,DFR,$.credentialSubject.type,yes,no,array<string>,container,yes,,,,,Structural: see the fields beneath.,
2 sites,02-jupiter-facility-record,DFR,$.credentialSubject.id,yes,yes,string,issuer-controlled,yes,https://example.org/untp-ai/facility/ai2-jupiter,issuer-controlled,ODS,,No public facility register identifier exists; ODS-minted URI.,Globally unique identifier of this facility. Typically represented as a URI identifierScheme/Identifier URI
2 sites,02-jupiter-facility-record,DFR,$.credentialSubject.name,yes,yes,string,published,yes,"Jupiter cluster (Ai2), Austin, Texas",stated,OLMO2,"§6.1, §6.1.1",,Name of this facility as defined the location register.
2 sites,02-jupiter-facility-record,DFR,$.credentialSubject.description,yes,no,string,published,yes,128-node GPU cluster used to train most of OLMo 2 7B. Operated by Cirrascale Cloud Services. Closed-loop cabinets with air-to-water heat transfer.,stated,OLMO2,"§6.1, §6.1.1",,Description of the facility including function and other names.
2 sites,02-jupiter-facility-record,DFR,$.credentialSubject.registeredId,yes,no,string,not published,yes,,,,,,The registration number (alphanumeric) of the facility within the identifier scheme. Unique within the register.
2 sites,02-jupiter-facility-record,DFR,$.credentialSubject.idScheme,yes,no,object,issuer-controlled,yes,,issuer-controlled,ODS,,UNTP says to use the facility owner's party ID if self-issued; owner not published.,The ID scheme of the facility. eg a GS1 GLN or a National land registry scheme. If self issued then use the party ID of the facility owner. 
2 sites,02-jupiter-facility-record,DFR,$.credentialSubject.idScheme.type,yes,no,array<string>,issuer-controlled,yes,,issuer-controlled,ODS,,UNTP says to use the facility owner's party ID if self-issued; owner not published. (inherited from parent field),
2 sites,02-jupiter-facility-record,DFR,$.credentialSubject.idScheme.id,yes,yes,string,issuer-controlled,yes,did:web:example.org,issuer-controlled,ODS,,UNTP says to use the facility owner's party ID if self-issued; owner not published. (inherited from parent field),The URI of this identifier scheme
2 sites,02-jupiter-facility-record,DFR,$.credentialSubject.idScheme.name,yes,yes,string,issuer-controlled,yes,"ODS reconstruction identifiers (self-issued, fictional)",issuer-controlled,ODS,,UNTP says to use the facility owner's party ID if self-issued; owner not published. (inherited from parent field),The name of the identifier scheme. 
2 sites,02-jupiter-facility-record,DFR,$.credentialSubject.countryOfOperation,yes,yes,object,published,yes,,stated,OLMO2,§6.1.1,,The country in which this facility is operating.using ISO-3166 code and name.
2 sites,02-jupiter-facility-record,DFR,$.credentialSubject.countryOfOperation.countryCode,yes,yes,string,published,yes,US,stated,OLMO2,§6.1.1,(inherited from parent field),"ISO 3166 country code      This is an enumerated value, but the list of valid values are too big, or change too often to include here. You can access the lis..."
2 sites,02-jupiter-facility-record,DFR,$.credentialSubject.countryOfOperation.countryName,yes,no,string,published,yes,United States of America,stated,OLMO2,§6.1.1,(inherited from parent field),Country Name as defined in ISO 3166
2 sites,02-jupiter-facility-record,DFR,$.credentialSubject.processCategory[],yes,yes,object,published,yes,,ODS-assigned,ISIC4,,The report describes a GPU cluster; the ISIC class is an ODS classification. No class distinguishes AI training compute.,The industrial or production processes performed by this facility. Example unstats.un.org/isic/1030.
2 sites,02-jupiter-facility-record,DFR,$.credentialSubject.processCategory[].code,yes,yes,string,published,yes,6311,ODS-assigned,ISIC4,,The report describes a GPU cluster; the ISIC class is an ODS classification. No class distinguishes AI training compute. (inherited from parent field),classification code within the scheme
2 sites,02-jupiter-facility-record,DFR,$.credentialSubject.processCategory[].name,yes,yes,string,published,yes,"Data processing, hosting and related activities",ODS-assigned,ISIC4,,The report describes a GPU cluster; the ISIC class is an ODS classification. No class distinguishes AI training compute. (inherited from parent field),Name of the classification represented by the code
2 sites,02-jupiter-facility-record,DFR,$.credentialSubject.processCategory[].definition,yes,no,string,not published,yes,,,,,,A rich definition of this classification code.
2 sites,02-jupiter-facility-record,DFR,$.credentialSubject.processCategory[].schemeId,yes,yes,string,published,yes,https://unstats.un.org/unsd/classifications/Econ/isic/,ODS-assigned,ISIC4,,The report describes a GPU cluster; the ISIC class is an ODS classification. No class distinguishes AI training compute. (inherited from parent field),Classification scheme ID
2 sites,02-jupiter-facility-record,DFR,$.credentialSubject.processCategory[].schemeName,yes,yes,string,published,yes,UN ISIC Rev.4,ODS-assigned,ISIC4,,The report describes a GPU cluster; the ISIC class is an ODS classification. No class distinguishes AI training compute. (inherited from parent field),The name of the classification scheme
2 sites,02-jupiter-facility-record,DFR,$.credentialSubject.relatedParty[],yes,no,object,published,yes,,stated,OLMO2,§6.1.1 'operated by Cirrascale Cloud Services',,A list of parties with a specified role relationship to this facility 
2 sites,02-jupiter-facility-record,DFR,$.credentialSubject.relatedParty[].role,yes,yes,"string enum['owner', 'producer', 'manufacturer', 'processor', 'remanufacturer', 'recycler', 'operator', 'serviceProvider', 'inspector', 'certifier', 'logisticsProvider', 'carrier', 'consignor', 'consignee', 'importer', 'exporter', 'distributor', 'retailer', 'brandOwner', 'regulator']",published,yes,operator,stated,OLMO2,§6.1.1 'operated by Cirrascale Cloud Services',(inherited from parent field),The role played by the party in this relationship
2 sites,02-jupiter-facility-record,DFR,$.credentialSubject.relatedParty[].party,yes,yes,object,published,yes,,stated,OLMO2,§6.1.1 'operated by Cirrascale Cloud Services',(inherited from parent field),The party that has the specified role.
2 sites,02-jupiter-facility-record,DFR,$.credentialSubject.relatedParty[].party.type,yes,no,array<string>,published,yes,,stated,OLMO2,§6.1.1 'operated by Cirrascale Cloud Services',(inherited from parent field),
2 sites,02-jupiter-facility-record,DFR,$.credentialSubject.relatedParty[].party.id,yes,yes,string,published,yes,https://www.cirrascale.com,stated,CIRRASCALE-WEB,report fn 23,No registered identifier found (no LEI; USAspending match unconfirmed).,Globally unique identifier of this party. Typically represented as a URI identifierScheme/Identifier URI
2 sites,02-jupiter-facility-record,DFR,$.credentialSubject.relatedParty[].party.name,yes,yes,string,published,yes,Cirrascale Cloud Services,stated,OLMO2,§6.1.1,,Legal registered name of this party.
2 sites,02-jupiter-facility-record,DFR,$.credentialSubject.relatedParty[].party.description,yes,no,string,not published,yes,,,,,,Description of the party including function and other names.
2 sites,02-jupiter-facility-record,DFR,$.credentialSubject.relatedParty[].party.registeredId,yes,no,string,not published,yes,,,,,,The registration number (alphanumeric) of the Party within the register. Unique within the register.
2 sites,02-jupiter-facility-record,DFR,$.credentialSubject.relatedParty[].party.idScheme,yes,no,object,not published,yes,,,,,,The identifier scheme of the party.  Typically a national business register or a global scheme such as GLEIF. 
2 sites,02-jupiter-facility-record,DFR,$.credentialSubject.relatedParty[].party.idScheme.type,yes,no,array<string>,not published,yes,,,,,,
2 sites,02-jupiter-facility-record,DFR,$.credentialSubject.relatedParty[].party.idScheme.id,yes,yes,string,not published,yes,,,,,,The URI of this identifier scheme
2 sites,02-jupiter-facility-record,DFR,$.credentialSubject.relatedParty[].party.idScheme.name,yes,yes,string,not published,yes,,,,,,The name of the identifier scheme. 
2 sites,02-jupiter-facility-record,DFR,$.credentialSubject.relatedParty[].party.registrationCountry,yes,no,object,not published,yes,,,,,,the country in which this organisation is registered - using ISO-3166 code and name.
2 sites,02-jupiter-facility-record,DFR,$.credentialSubject.relatedParty[].party.registrationCountry.countryCode,yes,yes,string,not published,yes,,,,,,"ISO 3166 country code      This is an enumerated value, but the list of valid values are too big, or change too often to include here. You can access the lis..."
2 sites,02-jupiter-facility-record,DFR,$.credentialSubject.relatedParty[].party.registrationCountry.countryName,yes,no,string,not published,yes,,,,,,Country Name as defined in ISO 3166
2 sites,02-jupiter-facility-record,DFR,$.credentialSubject.relatedParty[].party.partyAddress,yes,no,object,not published,yes,,,,,,The address of the party
2 sites,02-jupiter-facility-record,DFR,$.credentialSubject.relatedParty[].party.partyAddress.streetAddress,yes,yes,string,not published,yes,,,,,,the street address as an unstructured string.
2 sites,02-jupiter-facility-record,DFR,$.credentialSubject.relatedParty[].party.partyAddress.postalCode,yes,yes,string,not published,yes,,,,,,The postal code or zip code for this address.
2 sites,02-jupiter-facility-record,DFR,$.credentialSubject.relatedParty[].party.partyAddress.addressLocality,yes,yes,string,not published,yes,,,,,,"The city, suburb or township name."
2 sites,02-jupiter-facility-record,DFR,$.credentialSubject.relatedParty[].party.partyAddress.addressRegion,yes,yes,string,not published,yes,,,,,,The state or territory or province
2 sites,02-jupiter-facility-record,DFR,$.credentialSubject.relatedParty[].party.partyAddress.addressCountry,yes,yes,object,not published,yes,,,,,,The address country as an ISO-3166 two letter country code and name.
2 sites,02-jupiter-facility-record,DFR,$.credentialSubject.relatedParty[].party.partyAddress.addressCountry.countryCode,yes,yes,string,not published,yes,,,,,,"ISO 3166 country code      This is an enumerated value, but the list of valid values are too big, or change too often to include here. You can access the lis..."
2 sites,02-jupiter-facility-record,DFR,$.credentialSubject.relatedParty[].party.partyAddress.addressCountry.countryName,yes,no,string,not published,yes,,,,,,Country Name as defined in ISO 3166
2 sites,02-jupiter-facility-record,DFR,$.credentialSubject.relatedParty[].party.organisationWebsite,yes,no,string,published,yes,https://www.cirrascale.com,stated,OLMO2,§6.1.1 fn 23,,Website for this organisation
2 sites,02-jupiter-facility-record,DFR,$.credentialSubject.relatedParty[].party.industryCategory[],yes,no,object,not published,yes,,,,,,The industry categories for this organisation.  Recommend use of UNCPC as the category scheme. for example - unstats.un.org/isic/1030
2 sites,02-jupiter-facility-record,DFR,$.credentialSubject.relatedParty[].party.industryCategory[].code,yes,yes,string,not published,yes,,,,,,classification code within the scheme
2 sites,02-jupiter-facility-record,DFR,$.credentialSubject.relatedParty[].party.industryCategory[].name,yes,yes,string,not published,yes,,,,,,Name of the classification represented by the code
2 sites,02-jupiter-facility-record,DFR,$.credentialSubject.relatedParty[].party.industryCategory[].definition,yes,no,string,not published,yes,,,,,,A rich definition of this classification code.
2 sites,02-jupiter-facility-record,DFR,$.credentialSubject.relatedParty[].party.industryCategory[].schemeId,yes,yes,string,not published,yes,,,,,,Classification scheme ID
2 sites,02-jupiter-facility-record,DFR,$.credentialSubject.relatedParty[].party.industryCategory[].schemeName,yes,yes,string,not published,yes,,,,,,The name of the classification scheme
2 sites,02-jupiter-facility-record,DFR,$.credentialSubject.relatedParty[].party.partyAlsoKnownAs[],yes,no,object,not published,yes,,,,,,"An optional list of other registered identifiers for this organisation. For example DUNS, GLN, LEI, etc"
2 sites,02-jupiter-facility-record,DFR,$.credentialSubject.relatedParty[].party.partyAlsoKnownAs[].type,yes,no,array<string>,not published,yes,,,,,,
2 sites,02-jupiter-facility-record,DFR,$.credentialSubject.relatedParty[].party.partyAlsoKnownAs[].id,yes,yes,string,not published,yes,,,,,,Globally unique identifier of this party. Typically represented as a URI identifierScheme/Identifier URI
2 sites,02-jupiter-facility-record,DFR,$.credentialSubject.relatedParty[].party.partyAlsoKnownAs[].name,yes,yes,string,not published,yes,,,,,,Legal registered name of this party.
2 sites,02-jupiter-facility-record,DFR,$.credentialSubject.relatedParty[].party.partyAlsoKnownAs[].registeredId,yes,no,string,not published,yes,,,,,,The registration number (alphanumeric) of the Party within the register. Unique within the register.
2 sites,02-jupiter-facility-record,DFR,$.credentialSubject.relatedDocument[],yes,no,object,published,yes,,stated,OLMO2,,,A list of links to documents providing additional facility information. Documents that support a conformity claim (e.g. permits or certificates) SHOULD be re...
2 sites,02-jupiter-facility-record,DFR,$.credentialSubject.relatedDocument[].linkURL,yes,yes,string,published,yes,https://arxiv.org/abs/2501.00656v3,stated,OLMO2,,(inherited from parent field),The URL of the target resource.  
2 sites,02-jupiter-facility-record,DFR,$.credentialSubject.relatedDocument[].linkName,yes,yes,string,published,yes,OLMo 2 technical report (arXiv:2501.00656v3),stated,OLMO2,,(inherited from parent field),Display name for this link.
2 sites,02-jupiter-facility-record,DFR,$.credentialSubject.relatedDocument[].digestMultibase,yes,no,string,not published,yes,,,,,,An optional multi-base encoded digest to ensure the content of the link has not changed. See https://www.w3.org/TR/vc-data-integrity/#resource-integrity for ...
2 sites,02-jupiter-facility-record,DFR,$.credentialSubject.relatedDocument[].mediaType,yes,no,string,published,yes,text/html,stated,OLMO2,,(inherited from parent field),The media type of the target resource.
2 sites,02-jupiter-facility-record,DFR,$.credentialSubject.relatedDocument[].linkType,yes,no,string,not published,yes,,,,,,The type of the target resource - drawn from a controlled vocabulary 
2 sites,02-jupiter-facility-record,DFR,$.credentialSubject.facilityAlsoKnownAs[],yes,no,object,not published,yes,,,,,,An optional list of other registered identifiers for this facility - eg GLNs or other schemes.
2 sites,02-jupiter-facility-record,DFR,$.credentialSubject.facilityAlsoKnownAs[].type,yes,no,array<string>,not published,yes,,,,,,
2 sites,02-jupiter-facility-record,DFR,$.credentialSubject.facilityAlsoKnownAs[].id,yes,yes,string,not published,yes,,,,,,Globally unique identifier of this facility. Typically represented as a URI identifierScheme/Identifier URI
2 sites,02-jupiter-facility-record,DFR,$.credentialSubject.facilityAlsoKnownAs[].name,yes,yes,string,not published,yes,,,,,,Name of this facility as defined the location register.
2 sites,02-jupiter-facility-record,DFR,$.credentialSubject.facilityAlsoKnownAs[].registeredId,yes,no,string,not published,yes,,,,,,The registration number (alphanumeric) of the facility within the identifier scheme. Unique within the register.
2 sites,02-jupiter-facility-record,DFR,$.credentialSubject.locationInformation,yes,yes,object,not published,yes,,placeholder,ODS,,Required object (no required members). No coordinates or plus code published.,"Geo-location information for this facility as a resolvable geographic area (a Plus Code), and/or a geo-located point (latitude / longitude), and/or a defined..."
2 sites,02-jupiter-facility-record,DFR,$.credentialSubject.locationInformation.plusCode,yes,no,string,not published,yes,,,,,,An open location code (https://maps.google.com/pluscodes/) representing this geographic location or region. Open location codes can represent any sized area ...
2 sites,02-jupiter-facility-record,DFR,$.credentialSubject.locationInformation.geoLocation,yes,no,object,not published,yes,,,,,,The latitude and longitude coordinates that best represent the specified location. 
2 sites,02-jupiter-facility-record,DFR,$.credentialSubject.locationInformation.geoLocation.latitude,yes,yes,number,not published,yes,,,,,,"latitude: Angular distance north or south of the equator, expressed in decimal degrees.Valid range: −90.0 to +90.0."
2 sites,02-jupiter-facility-record,DFR,$.credentialSubject.locationInformation.geoLocation.longitude,yes,yes,number,not published,yes,,,,,,"longitude: Angular distance east or west of the Prime Meridian, expressed in decimal degrees.Valid range: −180.0 to +180.0."
2 sites,02-jupiter-facility-record,DFR,$.credentialSubject.locationInformation.geoBoundary[],yes,no,object,not published,yes,,,,,,The list of ordered coordinates that define a closed area polygon as a location boundary. The first and last coordinates in the array must match - thereby de...
2 sites,02-jupiter-facility-record,DFR,$.credentialSubject.locationInformation.geoBoundary[].latitude,yes,yes,number,not published,yes,,,,,,"latitude: Angular distance north or south of the equator, expressed in decimal degrees.Valid range: −90.0 to +90.0."
2 sites,02-jupiter-facility-record,DFR,$.credentialSubject.locationInformation.geoBoundary[].longitude,yes,yes,number,not published,yes,,,,,,"longitude: Angular distance east or west of the Prime Meridian, expressed in decimal degrees.Valid range: −180.0 to +180.0."
2 sites,02-jupiter-facility-record,DFR,$.credentialSubject.address,yes,yes,object,container,yes,,,,,Structural: see the fields beneath.,The Postal address of the location.
2 sites,02-jupiter-facility-record,DFR,$.credentialSubject.address.streetAddress,yes,yes,string,not published,yes,Not published,placeholder,ODS,,Required field; the report gives city only.,the street address as an unstructured string.
2 sites,02-jupiter-facility-record,DFR,$.credentialSubject.address.postalCode,yes,yes,string,not published,yes,Not published,placeholder,ODS,,Required field; the report gives city only.,The postal code or zip code for this address.
2 sites,02-jupiter-facility-record,DFR,$.credentialSubject.address.addressLocality,yes,yes,string,published,yes,Austin,stated,OLMO2,§6.1.1,,"The city, suburb or township name."
2 sites,02-jupiter-facility-record,DFR,$.credentialSubject.address.addressRegion,yes,yes,string,published,yes,Texas,stated,OLMO2,§6.1.1,,The state or territory or province
2 sites,02-jupiter-facility-record,DFR,$.credentialSubject.address.addressCountry,yes,yes,object,published,yes,,stated,OLMO2,§6.1.1,,The address country as an ISO-3166 two letter country code and name.
2 sites,02-jupiter-facility-record,DFR,$.credentialSubject.address.addressCountry.countryCode,yes,yes,string,published,yes,US,stated,OLMO2,§6.1.1,(inherited from parent field),"ISO 3166 country code      This is an enumerated value, but the list of valid values are too big, or change too often to include here. You can access the lis..."
2 sites,02-jupiter-facility-record,DFR,$.credentialSubject.address.addressCountry.countryName,yes,no,string,published,yes,United States of America,stated,OLMO2,§6.1.1,(inherited from parent field),Country Name as defined in ISO 3166
2 sites,02-jupiter-facility-record,DFR,$.credentialSubject.materialUsage,yes,no,object,not published,yes,,,,,,The type and provenance of materials consumed by the facility during the reporting period. 
2 sites,02-jupiter-facility-record,DFR,$.credentialSubject.materialUsage.applicablePeriod,yes,no,object,not published,yes,,,,,,The period over which this material consumption is reported
2 sites,02-jupiter-facility-record,DFR,$.credentialSubject.materialUsage.applicablePeriod.startDate,yes,yes,string,not published,yes,,,,,,The period start date
2 sites,02-jupiter-facility-record,DFR,$.credentialSubject.materialUsage.applicablePeriod.endDate,yes,yes,string,not published,yes,,,,,,The period end date
2 sites,02-jupiter-facility-record,DFR,$.credentialSubject.materialUsage.applicablePeriod.periodInformation,yes,no,string,not published,yes,,,,,,Additional information relevant to this reporting period
2 sites,02-jupiter-facility-record,DFR,$.credentialSubject.materialUsage.materialConsumed[],yes,yes,object,not published,yes,,,,,,An list of materials consumed during the usage period. 
2 sites,02-jupiter-facility-record,DFR,$.credentialSubject.materialUsage.materialConsumed[].name,yes,yes,string,not published,yes,,,,,,"Name of this material (eg ""Egyptian Cotton"")"
2 sites,02-jupiter-facility-record,DFR,$.credentialSubject.materialUsage.materialConsumed[].originCountry,yes,yes,object,not published,yes,,,,,,A ISO 3166-1 code representing the country of origin of the component or ingredient.
2 sites,02-jupiter-facility-record,DFR,$.credentialSubject.materialUsage.materialConsumed[].originCountry.countryCode,yes,yes,string,not published,yes,,,,,,"ISO 3166 country code      This is an enumerated value, but the list of valid values are too big, or change too often to include here. You can access the lis..."
2 sites,02-jupiter-facility-record,DFR,$.credentialSubject.materialUsage.materialConsumed[].originCountry.countryName,yes,no,string,not published,yes,,,,,,Country Name as defined in ISO 3166
2 sites,02-jupiter-facility-record,DFR,$.credentialSubject.materialUsage.materialConsumed[].materialType,yes,yes,object,not published,yes,,,,,,The type of this material - as a value drawn from a controlled vocabulary eg from UN Framework Classification for Resources (UNFC).
2 sites,02-jupiter-facility-record,DFR,$.credentialSubject.materialUsage.materialConsumed[].materialType.code,yes,yes,string,not published,yes,,,,,,classification code within the scheme
2 sites,02-jupiter-facility-record,DFR,$.credentialSubject.materialUsage.materialConsumed[].materialType.name,yes,yes,string,not published,yes,,,,,,Name of the classification represented by the code
2 sites,02-jupiter-facility-record,DFR,$.credentialSubject.materialUsage.materialConsumed[].materialType.definition,yes,no,string,not published,yes,,,,,,A rich definition of this classification code.
2 sites,02-jupiter-facility-record,DFR,$.credentialSubject.materialUsage.materialConsumed[].materialType.schemeId,yes,yes,string,not published,yes,,,,,,Classification scheme ID
2 sites,02-jupiter-facility-record,DFR,$.credentialSubject.materialUsage.materialConsumed[].materialType.schemeName,yes,yes,string,not published,yes,,,,,,The name of the classification scheme
2 sites,02-jupiter-facility-record,DFR,$.credentialSubject.materialUsage.materialConsumed[].massFraction,yes,yes,number,not published,yes,,,,,,The mass fraction as a decimal of the product (or facility reporting period)  represented by this material. 
2 sites,02-jupiter-facility-record,DFR,$.credentialSubject.materialUsage.materialConsumed[].mass,yes,no,object,not published,yes,,,,,,The mass of the material component.
2 sites,02-jupiter-facility-record,DFR,$.credentialSubject.materialUsage.materialConsumed[].mass.value,yes,yes,number,not published,yes,,,,,,The numeric value of the measure
2 sites,02-jupiter-facility-record,DFR,$.credentialSubject.materialUsage.materialConsumed[].mass.upperTolerance,yes,no,number,not published,yes,,,,,,"The upper tolerance associated with this measure expressed in the same units as the measure.  For example value=10, upperTolerance=0.1, unit=KGM would mean t..."
2 sites,02-jupiter-facility-record,DFR,$.credentialSubject.materialUsage.materialConsumed[].mass.lowerTolerance,yes,no,number,not published,yes,,,,,,"The lower tolerance associated with this measure expressed in the same units as the measure.  For example value=10, lowerTolerance=0.1, unit=KGM would mean t..."
2 sites,02-jupiter-facility-record,DFR,$.credentialSubject.materialUsage.materialConsumed[].mass.unit,yes,yes,string,not published,yes,,,,,,"Unit of measure drawn from the UNECE Rec20 measure code list.      This is an enumerated value, but the list of valid values are too big, or change too often..."
2 sites,02-jupiter-facility-record,DFR,$.credentialSubject.materialUsage.materialConsumed[].recycledMassFraction,yes,no,number,not published,yes,,,,,,Mass fraction of this material that is recycled (eg 50% recycled Lithium)
2 sites,02-jupiter-facility-record,DFR,$.credentialSubject.materialUsage.materialConsumed[].hazardous,yes,no,boolean,not published,yes,,,,,,Indicates whether this material is hazardous. If true then the materialSafetyInformation property must be present
2 sites,02-jupiter-facility-record,DFR,$.credentialSubject.materialUsage.materialConsumed[].symbol,yes,no,object,not published,yes,,,,,,Based 64 encoded binary used to represent a visual symbol for a given material. 
2 sites,02-jupiter-facility-record,DFR,$.credentialSubject.materialUsage.materialConsumed[].symbol.name,yes,yes,string,not published,yes,,,,,,the display name for this image
2 sites,02-jupiter-facility-record,DFR,$.credentialSubject.materialUsage.materialConsumed[].symbol.description,yes,no,string,not published,yes,,,,,,The detailed description / supporting information for this image.
2 sites,02-jupiter-facility-record,DFR,$.credentialSubject.materialUsage.materialConsumed[].symbol.imageData,yes,yes,string,not published,yes,,,,,,The image data encoded as a base64 string.
2 sites,02-jupiter-facility-record,DFR,$.credentialSubject.materialUsage.materialConsumed[].symbol.mediaType,yes,yes,string,not published,yes,,,,,,"The media type of this image (eg image/png)      This is an enumerated value, but the list of valid values are too big, or change too often to include here. ..."
2 sites,02-jupiter-facility-record,DFR,$.credentialSubject.materialUsage.materialConsumed[].materialSafetyInformation,yes,no,object,not published,yes,,,,,,Reference to further information about safe handling of this hazardous material (for example a link to a material safety data sheet)
2 sites,02-jupiter-facility-record,DFR,$.credentialSubject.materialUsage.materialConsumed[].materialSafetyInformation.linkURL,yes,yes,string,not published,yes,,,,,,The URL of the target resource.  
2 sites,02-jupiter-facility-record,DFR,$.credentialSubject.materialUsage.materialConsumed[].materialSafetyInformation.linkName,yes,yes,string,not published,yes,,,,,,Display name for this link.
2 sites,02-jupiter-facility-record,DFR,$.credentialSubject.materialUsage.materialConsumed[].materialSafetyInformation.digestMultibase,yes,no,string,not published,yes,,,,,,An optional multi-base encoded digest to ensure the content of the link has not changed. See https://www.w3.org/TR/vc-data-integrity/#resource-integrity for ...
2 sites,02-jupiter-facility-record,DFR,$.credentialSubject.materialUsage.materialConsumed[].materialSafetyInformation.mediaType,yes,no,string,not published,yes,,,,,,The media type of the target resource.
2 sites,02-jupiter-facility-record,DFR,$.credentialSubject.materialUsage.materialConsumed[].materialSafetyInformation.linkType,yes,no,string,not published,yes,,,,,,The type of the target resource - drawn from a controlled vocabulary 
2 sites,02-jupiter-facility-record,DFR,$.credentialSubject.performanceClaim[],yes,no,object,needs extension vocabulary,yes,,stated,OLMO2,§6.1.1; §6.5,"Value published. No UNTP performance metric for PUE; aic metric proposed. Period not stated.; Value published. The UNTP pattern carries the denominator (per kWh) in the metric, not the unit; Rec 20 has no kg/kWh code. This is a grid property, not a facility property.; An assumption in the report, not a measurement. No UNTP WUE metric.",A list of performance claims (eg deforestation status) for this facility.
2 sites,02-jupiter-facility-record,DFR,$.credentialSubject.performanceClaim[].type,yes,no,array<string>,needs extension vocabulary,yes,,stated,OLMO2,§6.1.1; §6.5,"Value published. No UNTP performance metric for PUE; aic metric proposed. Period not stated.; Value published. The UNTP pattern carries the denominator (per kWh) in the metric, not the unit; Rec 20 has no kg/kWh code. This is a grid property, not a facility property.; An assumption in the report, not a measurement. No UNTP WUE metric. (inherited from parent field)",
2 sites,02-jupiter-facility-record,DFR,$.credentialSubject.performanceClaim[].id,yes,yes,string,needs extension vocabulary,yes,https://example.org/untp-ai/claims/jupiter-pue | https://example.org/untp-ai/claims/jupiter-grid-intensity | https://example.org/untp-ai/claims/jupiter-wue,stated,OLMO2,§6.1.1; §6.5,"Value published. No UNTP performance metric for PUE; aic metric proposed. Period not stated.; Value published. The UNTP pattern carries the denominator (per kWh) in the metric, not the unit; Rec 20 has no kg/kWh code. This is a grid property, not a facility property.; An assumption in the report, not a measurement. No UNTP WUE metric. (inherited from parent field)",Globally unique identifier of this claim. Typically represented as a URI companyURL/claimID URI or a UUID
2 sites,02-jupiter-facility-record,DFR,$.credentialSubject.performanceClaim[].name,yes,yes,string,needs extension vocabulary,yes,"Power usage effectiveness (PUE) | Grid carbon intensity (Austin Energy) | Water usage effectiveness, off-site (assumed)",stated,OLMO2,§6.1.1; §6.5,"Value published. No UNTP performance metric for PUE; aic metric proposed. Period not stated.; Value published. The UNTP pattern carries the denominator (per kWh) in the metric, not the unit; Rec 20 has no kg/kWh code. This is a grid property, not a facility property.; An assumption in the report, not a measurement. No UNTP WUE metric. (inherited from parent field)",Name of this claim - typically similar or the same as the referenced criterion name.
2 sites,02-jupiter-facility-record,DFR,$.credentialSubject.performanceClaim[].description,yes,no,string,needs extension vocabulary,yes,"PUE of the datacentre housing Jupiter, as stated in the OLMo 2 report. | Carbon intensity of the electricity supplier (Austin Energy), most recently reported. | Off-site WUE assumed by the report authors (Reig et al. 2020); on-site WUE assumed 0.",stated,OLMO2,§6.1.1; §6.5,"Value published. No UNTP performance metric for PUE; aic metric proposed. Period not stated.; Value published. The UNTP pattern carries the denominator (per kWh) in the metric, not the unit; Rec 20 has no kg/kWh code. This is a grid property, not a facility property.; An assumption in the report, not a measurement. No UNTP WUE metric. (inherited from parent field)",Description of this conformity claim
2 sites,02-jupiter-facility-record,DFR,$.credentialSubject.performanceClaim[].referenceCriteria[],yes,yes,object,needs extension vocabulary,yes,,ODS-assigned,ODS; OLMO2,§6.5,"The report gives PUE values without citing a standard. ISO/IEC 30134-2 is the usual PUE KPI standard; citing it here is an ODS assumption.; Claim requires a reference criterion. No standard for AI training energy or emissions accounting is cited, so the report's own method is referenced. (inherited from parent field)",The criterion against which the claim is made.
2 sites,02-jupiter-facility-record,DFR,$.credentialSubject.performanceClaim[].referenceCriteria[].type,yes,no,array<string>,needs extension vocabulary,yes,,ODS-assigned,ODS; OLMO2,§6.5,"The report gives PUE values without citing a standard. ISO/IEC 30134-2 is the usual PUE KPI standard; citing it here is an ODS assumption.; Claim requires a reference criterion. No standard for AI training energy or emissions accounting is cited, so the report's own method is referenced. (inherited from parent field)",
2 sites,02-jupiter-facility-record,DFR,$.credentialSubject.performanceClaim[].referenceCriteria[].id,yes,yes,string,needs extension vocabulary,yes,https://www.iso.org/standard/63451.html | https://arxiv.org/abs/2501.00656v3#section-6.5,ODS-assigned,ODS; OLMO2,§6.5,"The report gives PUE values without citing a standard. ISO/IEC 30134-2 is the usual PUE KPI standard; citing it here is an ODS assumption.; Claim requires a reference criterion. No standard for AI training energy or emissions accounting is cited, so the report's own method is referenced. (inherited from parent field)",Globally unique identifier of this conformity criterion. Typically represented as a URI SchemeOwner/CriterionID URI
2 sites,02-jupiter-facility-record,DFR,$.credentialSubject.performanceClaim[].referenceCriteria[].name,yes,yes,string,needs extension vocabulary,yes,ISO/IEC 30134-2 Power usage effectiveness (PUE) - assumed; not cited by the report | OLMo 2 report §6.5 environmental accounting method (not a published standard),ODS-assigned,ODS; OLMO2,§6.5,"The report gives PUE values without citing a standard. ISO/IEC 30134-2 is the usual PUE KPI standard; citing it here is an ODS assumption.; Claim requires a reference criterion. No standard for AI training energy or emissions accounting is cited, so the report's own method is referenced. (inherited from parent field)",Name of this criterion as defined by the scheme owner.
2 sites,02-jupiter-facility-record,DFR,$.credentialSubject.performanceClaim[].referenceRegulation[],yes,no,object,not published,yes,,,,,,List of references to regulation to which conformity is claimed claimed for this product
2 sites,02-jupiter-facility-record,DFR,$.credentialSubject.performanceClaim[].referenceRegulation[].type,yes,no,array<string>,not published,yes,,,,,,
2 sites,02-jupiter-facility-record,DFR,$.credentialSubject.performanceClaim[].referenceRegulation[].id,yes,yes,string,not published,yes,,,,,,Globally unique identifier of this standard. Typically represented as a URI government/regulation URI
2 sites,02-jupiter-facility-record,DFR,$.credentialSubject.performanceClaim[].referenceRegulation[].name,yes,yes,string,not published,yes,,,,,,Name of this regulation as defined by the regulator.
2 sites,02-jupiter-facility-record,DFR,$.credentialSubject.performanceClaim[].referenceStandard[],yes,no,object,not published,yes,,,,,,List of references to standards to which conformity is claimed claimed for this product
2 sites,02-jupiter-facility-record,DFR,$.credentialSubject.performanceClaim[].referenceStandard[].type,yes,no,array<string>,not published,yes,,,,,,
2 sites,02-jupiter-facility-record,DFR,$.credentialSubject.performanceClaim[].referenceStandard[].id,yes,yes,string,not published,yes,,,,,,Globally unique identifier of this standard. Typically represented as a URI issuer/standard URI
2 sites,02-jupiter-facility-record,DFR,$.credentialSubject.performanceClaim[].referenceStandard[].name,yes,yes,string,not published,yes,,,,,,Name for this standard
2 sites,02-jupiter-facility-record,DFR,$.credentialSubject.performanceClaim[].claimDate,yes,yes,string,published,yes,2024-12-31,ODS-assigned,OLMO2,arXiv submission history v1,Date first published (v1); values unchanged in v2 and v3.,That date on which the claimed performance is applicable.
2 sites,02-jupiter-facility-record,DFR,$.credentialSubject.performanceClaim[].applicablePeriod,yes,no,object,not published,yes,,,,,,The applicable reporting period for this facility record.
2 sites,02-jupiter-facility-record,DFR,$.credentialSubject.performanceClaim[].applicablePeriod.startDate,yes,yes,string,not published,yes,,,,,,The period start date
2 sites,02-jupiter-facility-record,DFR,$.credentialSubject.performanceClaim[].applicablePeriod.endDate,yes,yes,string,not published,yes,,,,,,The period end date
2 sites,02-jupiter-facility-record,DFR,$.credentialSubject.performanceClaim[].applicablePeriod.periodInformation,yes,no,string,not published,yes,,,,,,Additional information relevant to this reporting period
2 sites,02-jupiter-facility-record,DFR,$.credentialSubject.performanceClaim[].claimedPerformance[],yes,yes,object,needs extension vocabulary,yes,,stated,OLMO2,§6.1.1; §6.5,"Value published. No UNTP performance metric for PUE; aic metric proposed. Period not stated.; Value published. The UNTP pattern carries the denominator (per kWh) in the metric, not the unit; Rec 20 has no kg/kWh code. This is a grid property, not a facility property.; An assumption in the report, not a measurement. No UNTP WUE metric. (inherited from parent field)",The claimed performance level 
2 sites,02-jupiter-facility-record,DFR,$.credentialSubject.performanceClaim[].claimedPerformance[].metric,yes,no,object,needs extension vocabulary,yes,,stated,OLMO2,§6.1.1; §6.5,"Value published. No UNTP performance metric for PUE; aic metric proposed. Period not stated.; Value published. The UNTP pattern carries the denominator (per kWh) in the metric, not the unit; Rec 20 has no kg/kWh code. This is a grid property, not a facility property.; An assumption in the report, not a measurement. No UNTP WUE metric. (inherited from parent field)",The metric (eg material emissions intensity CO2e/Kg or percentage of young workers) that is measured.
2 sites,02-jupiter-facility-record,DFR,$.credentialSubject.performanceClaim[].claimedPerformance[].metric.type,yes,no,array<string>,needs extension vocabulary,yes,,stated,OLMO2,§6.1.1; §6.5,"Value published. No UNTP performance metric for PUE; aic metric proposed. Period not stated.; Value published. The UNTP pattern carries the denominator (per kWh) in the metric, not the unit; Rec 20 has no kg/kWh code. This is a grid property, not a facility property.; An assumption in the report, not a measurement. No UNTP WUE metric. (inherited from parent field)",
2 sites,02-jupiter-facility-record,DFR,$.credentialSubject.performanceClaim[].claimedPerformance[].metric.id,yes,yes,string,needs extension vocabulary,yes,https://example.org/untp-ai/0.1/metric/pue | https://vocabulary.uncefact.org/performance-metrics/ghg-emissions-intensity | https://example.org/untp-ai/0.1/metric/wue-offsite,stated,OLMO2,§6.1.1; §6.5,"Value published. No UNTP performance metric for PUE; aic metric proposed. Period not stated.; Value published. The UNTP pattern carries the denominator (per kWh) in the metric, not the unit; Rec 20 has no kg/kWh code. This is a grid property, not a facility property.; An assumption in the report, not a measurement. No UNTP WUE metric. (inherited from parent field)",Globally unique identifier of this reporting metric. 
2 sites,02-jupiter-facility-record,DFR,$.credentialSubject.performanceClaim[].claimedPerformance[].metric.name,yes,yes,string,needs extension vocabulary,yes,"Power usage effectiveness (ratio) | GHG Emissions Intensity (kg CO2 per kWh supplied) | Water usage effectiveness, off-site (litres per kWh)",stated,OLMO2,§6.1.1; §6.5,"Value published. No UNTP performance metric for PUE; aic metric proposed. Period not stated.; Value published. The UNTP pattern carries the denominator (per kWh) in the metric, not the unit; Rec 20 has no kg/kWh code. This is a grid property, not a facility property.; An assumption in the report, not a measurement. No UNTP WUE metric. (inherited from parent field)","A human readable name for this metric (for example ""water usage per Kg of material"")"
2 sites,02-jupiter-facility-record,DFR,$.credentialSubject.performanceClaim[].claimedPerformance[].measure,yes,no,object,published,yes,,stated,OLMO2,§6.1.1; Table 19; §6.5; Table 19,,The measured performance value
2 sites,02-jupiter-facility-record,DFR,$.credentialSubject.performanceClaim[].claimedPerformance[].measure.value,yes,yes,number,published,yes,1.2 | 0.332 | 1.29,stated,OLMO2,§6.1.1; Table 19; §6.5; Table 19,(inherited from parent field),The numeric value of the measure
2 sites,02-jupiter-facility-record,DFR,$.credentialSubject.performanceClaim[].claimedPerformance[].measure.upperTolerance,yes,no,number,not published,yes,,,,,,"The upper tolerance associated with this measure expressed in the same units as the measure.  For example value=10, upperTolerance=0.1, unit=KGM would mean t..."
2 sites,02-jupiter-facility-record,DFR,$.credentialSubject.performanceClaim[].claimedPerformance[].measure.lowerTolerance,yes,no,number,not published,yes,,,,,,"The lower tolerance associated with this measure expressed in the same units as the measure.  For example value=10, lowerTolerance=0.1, unit=KGM would mean t..."
2 sites,02-jupiter-facility-record,DFR,$.credentialSubject.performanceClaim[].claimedPerformance[].measure.unit,yes,yes,string,published,yes,C62 | KGM | LTR,stated,OLMO2,§6.1.1; Table 19; §6.5; Table 19,(inherited from parent field),"Unit of measure drawn from the UNECE Rec20 measure code list.      This is an enumerated value, but the list of valid values are too big, or change too often..."
2 sites,02-jupiter-facility-record,DFR,$.credentialSubject.performanceClaim[].claimedPerformance[].score,yes,no,object,not published,yes,,,,,,"A performance score (eg ""AA"") drawn from a scoring framework defined by the scheme or criterion."
2 sites,02-jupiter-facility-record,DFR,$.credentialSubject.performanceClaim[].claimedPerformance[].score.code,yes,yes,string,not published,yes,,,,,,"The coded value for this score (eg ""AAA"")"
2 sites,02-jupiter-facility-record,DFR,$.credentialSubject.performanceClaim[].claimedPerformance[].score.rank,yes,no,integer,not published,yes,,,,,,"The ranking of this score within the scoring framework - using an integer where ""1"" is the highest rank."
2 sites,02-jupiter-facility-record,DFR,$.credentialSubject.performanceClaim[].claimedPerformance[].score.definition,yes,no,string,not published,yes,,,,,,A description of the meaning of this score.
2 sites,02-jupiter-facility-record,DFR,$.credentialSubject.performanceClaim[].evidence[],yes,no,object,needs extension vocabulary,yes,,stated,OLMO2,§6.1.1; §6.5,"Value published. No UNTP performance metric for PUE; aic metric proposed. Period not stated.; Value published. The UNTP pattern carries the denominator (per kWh) in the metric, not the unit; Rec 20 has no kg/kWh code. This is a grid property, not a facility property.; An assumption in the report, not a measurement. No UNTP WUE metric. (inherited from parent field)",A URI pointing to the evidence supporting the claim. SHOULD be a URL to a UNTP Digital Conformity Credential (DCC)
2 sites,02-jupiter-facility-record,DFR,$.credentialSubject.performanceClaim[].evidence[].linkURL,yes,yes,string,needs extension vocabulary,yes,https://arxiv.org/abs/2501.00656v3,stated,OLMO2,§6.1.1; §6.5,"Value published. No UNTP performance metric for PUE; aic metric proposed. Period not stated.; Value published. The UNTP pattern carries the denominator (per kWh) in the metric, not the unit; Rec 20 has no kg/kWh code. This is a grid property, not a facility property.; An assumption in the report, not a measurement. No UNTP WUE metric. (inherited from parent field)",The URL of the target resource.  
2 sites,02-jupiter-facility-record,DFR,$.credentialSubject.performanceClaim[].evidence[].linkName,yes,yes,string,needs extension vocabulary,yes,OLMo 2 technical report (arXiv:2501.00656v3),stated,OLMO2,§6.1.1; §6.5,"Value published. No UNTP performance metric for PUE; aic metric proposed. Period not stated.; Value published. The UNTP pattern carries the denominator (per kWh) in the metric, not the unit; Rec 20 has no kg/kWh code. This is a grid property, not a facility property.; An assumption in the report, not a measurement. No UNTP WUE metric. (inherited from parent field)",Display name for this link.
2 sites,02-jupiter-facility-record,DFR,$.credentialSubject.performanceClaim[].evidence[].digestMultibase,yes,no,string,not published,yes,,,,,,An optional multi-base encoded digest to ensure the content of the link has not changed. See https://www.w3.org/TR/vc-data-integrity/#resource-integrity for ...
2 sites,02-jupiter-facility-record,DFR,$.credentialSubject.performanceClaim[].evidence[].mediaType,yes,no,string,needs extension vocabulary,yes,text/html,stated,OLMO2,§6.1.1; §6.5,"Value published. No UNTP performance metric for PUE; aic metric proposed. Period not stated.; Value published. The UNTP pattern carries the denominator (per kWh) in the metric, not the unit; Rec 20 has no kg/kWh code. This is a grid property, not a facility property.; An assumption in the report, not a measurement. No UNTP WUE metric. (inherited from parent field)",The media type of the target resource.
2 sites,02-jupiter-facility-record,DFR,$.credentialSubject.performanceClaim[].evidence[].linkType,yes,no,string,not published,yes,,,,,,The type of the target resource - drawn from a controlled vocabulary 
2 sites,02-jupiter-facility-record,DFR,$.credentialSubject.performanceClaim[].conformityTopic[],yes,yes,object,needs extension vocabulary,yes,,stated,OLMO2,§6.1.1; §6.5,"Value published. No UNTP performance metric for PUE; aic metric proposed. Period not stated.; Value published. The UNTP pattern carries the denominator (per kWh) in the metric, not the unit; Rec 20 has no kg/kWh code. This is a grid property, not a facility property.; An assumption in the report, not a measurement. No UNTP WUE metric. (inherited from parent field)",The conformity topic category for this assessment
2 sites,02-jupiter-facility-record,DFR,$.credentialSubject.performanceClaim[].conformityTopic[].type,yes,no,array<string>,needs extension vocabulary,yes,,stated,OLMO2,§6.1.1; §6.5,"Value published. No UNTP performance metric for PUE; aic metric proposed. Period not stated.; Value published. The UNTP pattern carries the denominator (per kWh) in the metric, not the unit; Rec 20 has no kg/kWh code. This is a grid property, not a facility property.; An assumption in the report, not a measurement. No UNTP WUE metric. (inherited from parent field)",
2 sites,02-jupiter-facility-record,DFR,$.credentialSubject.performanceClaim[].conformityTopic[].id,yes,yes,string,needs extension vocabulary,yes,https://vocabulary.uncefact.org/conformity-topics/energy-optimization | https://vocabulary.uncefact.org/conformity-topics/greenhouse-gas-emissions | https://vocabulary.uncefact.org/conformity-topics/water-conservation,stated,OLMO2,§6.1.1; §6.5,"Value published. No UNTP performance metric for PUE; aic metric proposed. Period not stated.; Value published. The UNTP pattern carries the denominator (per kWh) in the metric, not the unit; Rec 20 has no kg/kWh code. This is a grid property, not a facility property.; An assumption in the report, not a measurement. No UNTP WUE metric. (inherited from parent field)",The unique identifier for this conformity topic
2 sites,02-jupiter-facility-record,DFR,$.credentialSubject.performanceClaim[].conformityTopic[].name,yes,yes,string,needs extension vocabulary,yes,Energy Optimization | Greenhouse Gas Emissions | Water Conservation,stated,OLMO2,§6.1.1; §6.5,"Value published. No UNTP performance metric for PUE; aic metric proposed. Period not stated.; Value published. The UNTP pattern carries the denominator (per kWh) in the metric, not the unit; Rec 20 has no kg/kWh code. This is a grid property, not a facility property.; An assumption in the report, not a measurement. No UNTP WUE metric. (inherited from parent field)",The human readable name for this conformity topic.
2 sites,02-jupiter-facility-record,DFR,$.credentialSubject.performanceClaim[].conformityTopic[].definition,yes,no,string,not published,yes,,,,,,The rich definition of this conformity topic.
2 sites,02-jupiter-facility-record,DFR,$.issuingSoftware,yes,no,object,not published,no,,,,,Not applicable to this item or not used by this reconstruction.,Optional metadata identifying the software product (and its vendor) that issued this credential. Useful for vendor traceability and conformity testing. Issue...
2 sites,02-jupiter-facility-record,DFR,$.issuingSoftware.id,yes,yes,string,not published,no,,,,,Not applicable to this item or not used by this reconstruction.,A resolvable identifier for the specific version of the software product that issued this credential.
2 sites,02-jupiter-facility-record,DFR,$.issuingSoftware.name,yes,yes,string,not published,no,,,,,Not applicable to this item or not used by this reconstruction.,The name of the software product that issued this credential.
2 sites,02-jupiter-facility-record,DFR,$.issuingSoftware.version,yes,yes,string,not published,no,,,,,Not applicable to this item or not used by this reconstruction.,The version of the software product that issued this credential.
2 sites,02-jupiter-facility-record,DFR,$.issuingSoftware.vendor,yes,yes,object,not published,no,,,,,Not applicable to this item or not used by this reconstruction.,The vendor of the software product that issued this credential.
2 sites,02-jupiter-facility-record,DFR,$.issuingSoftware.vendor.id,yes,yes,string,not published,no,,,,,Not applicable to this item or not used by this reconstruction.,The decentralised identifier (DID) or other resolvable identifier of the software vendor.
2 sites,02-jupiter-facility-record,DFR,$.issuingSoftware.vendor.name,yes,yes,string,not published,no,,,,,Not applicable to this item or not used by this reconstruction.,The name of the software vendor.
2 sites,02-jupiter-facility-record,DFR,$.description,yes (additional property),no,,issuer-controlled,yes,Reconstructed by Open Data Services (ODS) from public sources for the AI Supply Chains field work (September 2026). None of the parties named in this credent...,issuer-controlled,ODS,,VCDM 2.0 'description'; allowed by the UNTP schema's additionalProperties.,
2 sites,02-jupiter-facility-record,DFR,$.credentialSubject.performanceClaim[].referenceCriteria,yes (additional property),no,,needs extension vocabulary,yes,,ODS-assigned,ODS; OLMO2,§6.5,"The report gives PUE values without citing a standard. ISO/IEC 30134-2 is the usual PUE KPI standard; citing it here is an ODS assumption.; Claim requires a reference criterion. No standard for AI training energy or emissions accounting is cited, so the report's own method is referenced.",
2 sites,02-jupiter-facility-record,DFR,$.credentialSubject.aic:installedEquipment,no,no,extension,needs extension vocabulary,yes,,stated,OLMO2,§6.1.1,"UNTP 0.7.0 Facility has no property for installed equipment. materialUsage covers materials consumed, not capital equipment used.",Proposed AI compute and models extension property
2 sites,02-jupiter-facility-record,DFR,$.credentialSubject.aic:installedEquipment[],no,no,extension,published,yes,,stated,OLMO2,§6.1.1; §6.1.1 fn 24,"gpusPerNode = 1,024 GPUs / 128 servers (calculated).; capacity = 1 PB + 5 PB (calculated).",Proposed AI compute and models extension property
2 sites,02-jupiter-facility-record,DFR,$.credentialSubject.aic:installedEquipment[].quantity,no,no,extension,published,yes,,stated,OLMO2,§6.1.1,,Proposed AI compute and models extension property
2 sites,02-jupiter-facility-record,DFR,$.credentialSubject.aic:installedEquipment[].memoryCapacity,no,no,extension,published,yes,,stated,OLMO2,§6.1.1,,Proposed AI compute and models extension property
2 sites,02-jupiter-facility-record,DFR,$.credentialSubject.aic:installedEquipment[].memoryType,no,no,extension,published,yes,HBM3,stated,OLMO2,§6.1.1,,Proposed AI compute and models extension property
2 sites,02-jupiter-facility-record,DFR,$.credentialSubject.aic:installedEquipment[].thermalDesignPower,no,no,extension,published,yes,,stated,OLMO2,§6.1.1,,Proposed AI compute and models extension property
2 sites,02-jupiter-facility-record,DFR,$.credentialSubject.aic:installedEquipment[].formFactor,no,no,extension,published,yes,SXM5,inferred,NV-WP; NV-PB-PCIE; NV-PRODUCT,,"Report does not name the form factor. Of H100 SXM, PCIe and NVL, only SXM has 80 GB HBM3 at 700 W (Nvidia specs).",Proposed AI compute and models extension property
2 sites,02-jupiter-facility-record,DFR,$.credentialSubject.aic:installedEquipment[].manufacturer,no,no,extension,not published,yes,,placeholder,ODS,,Server vendor not published.,Proposed AI compute and models extension property
2 sites,02-jupiter-facility-record,DFR,$.credentialSubject.aic:computeTenant,no,no,extension,needs extension vocabulary,yes,,stated,OLMO2,§6.1 'two Ai2 clusters',PartyRole has no tenant/customer role. Ownership of the hardware is not stated.,Proposed AI compute and models extension property
2 sites,02-jupiter-facility-record,DFR,$.credentialSubject.aic:computeTenant[].id,no,no,extension,published,yes,https://projects.propublica.org/nonprofits/organizations/824083177,stated,PROPUBLICA-AI2,,No LEI exists (GLEIF-NONE). EIN register URL used as the resolvable party identifier.,Proposed AI compute and models extension property
2 sites,02-jupiter-facility-record,DFR,$.credentialSubject.aic:computeTenant[].name,no,no,extension,published,yes,The Allen Institute For Artificial Intelligence,stated,PROPUBLICA-AI2,,,Proposed AI compute and models extension property
2 sites,02-jupiter-facility-record,DFR,$.credentialSubject.aic:computeTenant[].registeredId,no,no,extension,published,yes,82-4083177,stated,PROPUBLICA-AI2,,"Wikidata Q16002567 gives 91-2155317, which is the Allen Institute (bioscience).",Proposed AI compute and models extension property
2 sites,03-augusta-facility-record,DFR,$,yes,yes,object,container,yes,,,,,Structural: see the fields beneath.,A digital Facility Record (DFR) credential.
2 sites,03-augusta-facility-record,DFR,$.type,yes,no,array<string>,issuer-controlled,yes,,issuer-controlled,ODS,,,
2 sites,03-augusta-facility-record,DFR,$.@context,yes,yes,array<string>,issuer-controlled,yes,,issuer-controlled,ODS,,Third entry is the proposed AI compute and models extension context (fictional URL; local copy in extension/).,A list of JSON-LD context URIs that define the semantic meaning of properties within the credential. 
2 sites,03-augusta-facility-record,DFR,$.id,yes,yes,string,issuer-controlled,yes,https://example.org/untp-ai/credentials/augusta-facility-record,issuer-controlled,ODS,,,A unique identifier (URI) assigned to this verifiable credential.
2 sites,03-augusta-facility-record,DFR,$.issuer,yes,yes,object,issuer-controlled,yes,,issuer-controlled,ODS,,Fictional issuer. The DID does not resolve and nothing is signed.,"The organisation that is the issuer of this VC. Note that the ""id"" property MUST be a W3C DID.  Other identifiers such as tax registration numbers can be lis..."
2 sites,03-augusta-facility-record,DFR,$.issuer.type,yes,no,array<string>,issuer-controlled,yes,,issuer-controlled,ODS,,Fictional issuer. The DID does not resolve and nothing is signed. (inherited from parent field),
2 sites,03-augusta-facility-record,DFR,$.issuer.id,yes,yes,string,issuer-controlled,yes,did:web:example.org,issuer-controlled,ODS,,Fictional issuer. The DID does not resolve and nothing is signed. (inherited from parent field),The W3C DID of the issuer - should be a did:web or did:webvh
2 sites,03-augusta-facility-record,DFR,$.issuer.name,yes,yes,string,issuer-controlled,yes,Example reconstruction issuer (fictional; ODS AI Supply Chains prototype),issuer-controlled,ODS,,Fictional issuer. The DID does not resolve and nothing is signed. (inherited from parent field),The name of the issuer person or organisation
2 sites,03-augusta-facility-record,DFR,$.issuer.issuerAlsoKnownAs[],yes,no,object,not published,no,,,,,Not applicable to this item or not used by this reconstruction.,An optional list of other registered identifiers for this credential issuer 
2 sites,03-augusta-facility-record,DFR,$.issuer.issuerAlsoKnownAs[].type,yes,no,array<string>,not published,no,,,,,Not applicable to this item or not used by this reconstruction.,
2 sites,03-augusta-facility-record,DFR,$.issuer.issuerAlsoKnownAs[].id,yes,yes,string,not published,no,,,,,Not applicable to this item or not used by this reconstruction.,Globally unique identifier of this party. Typically represented as a URI identifierScheme/Identifier URI
2 sites,03-augusta-facility-record,DFR,$.issuer.issuerAlsoKnownAs[].name,yes,yes,string,not published,no,,,,,Not applicable to this item or not used by this reconstruction.,Legal registered name of this party.
2 sites,03-augusta-facility-record,DFR,$.issuer.issuerAlsoKnownAs[].registeredId,yes,no,string,not published,no,,,,,Not applicable to this item or not used by this reconstruction.,The registration number (alphanumeric) of the Party within the register. Unique within the register.
2 sites,03-augusta-facility-record,DFR,$.validFrom,yes,yes,string,issuer-controlled,yes,2026-09-30T00:00:00Z,issuer-controlled,ODS,,,The date and time from which the credential is valid.
2 sites,03-augusta-facility-record,DFR,$.validUntil,yes,no,string,not published,no,,,,,Not applicable to this item or not used by this reconstruction.,The expiry date (if applicable) of this verifiable credential.
2 sites,03-augusta-facility-record,DFR,$.name,yes,yes,string,issuer-controlled,yes,"Digital Facility Record: Augusta cluster (Ai2 on Google Cloud), Council Bluffs, Iowa",issuer-controlled,ODS,,,"Name of this verifiable credential instance (eg the title of a digital product passport, facility record, lifecycle event, or conformity credential)"
2 sites,03-augusta-facility-record,DFR,$.credentialStatus,yes,no,object,not published,no,,,,,Not applicable to this item or not used by this reconstruction.,A W3C VCDM2.0 compliant object containing credential status information.
2 sites,03-augusta-facility-record,DFR,$.credentialStatus.type,yes,yes,string enum['BitstringStatusListEntry'],not published,no,,,,,Not applicable to this item or not used by this reconstruction.,"The type of status list - must be set to ""The type property MUST be BitstringStatusListEntry."""
2 sites,03-augusta-facility-record,DFR,$.credentialStatus.id,yes,no,string,not published,no,,,,,Not applicable to this item or not used by this reconstruction.,optional identifier of this status list entry.
2 sites,03-augusta-facility-record,DFR,$.credentialStatus.statusPurpose,yes,yes,"string enum['refresh', 'revocation', 'suspension', 'message']",not published,no,,,,,Not applicable to this item or not used by this reconstruction.,Status purpose drawn from a standard list but extensible as per w3c bitstring status list specification.
2 sites,03-augusta-facility-record,DFR,$.credentialStatus.statusListIndex,yes,yes,integer,not published,no,,,,,Not applicable to this item or not used by this reconstruction.,"	The statusListIndex property MUST be an arbitrary size integer greater than or equal to 0, expressed as a string in base 10. The value identifies the positi..."
2 sites,03-augusta-facility-record,DFR,$.credentialStatus.statusListCredential,yes,yes,string,not published,no,,,,,Not applicable to this item or not used by this reconstruction.,"The statusListCredential property MUST be a URL to a verifiable credential. When the URL is dereferenced, the resulting verifiable credential MUST have type ..."
2 sites,03-augusta-facility-record,DFR,$.renderMethod[],yes,no,object,not published,no,,,,,Not applicable to this item or not used by this reconstruction.,Human rendering information for this credential. An array of render methods (eg RenderTemplate2024) that may be used to display the credential.
2 sites,03-augusta-facility-record,DFR,$.renderMethod[].type,yes,no,array<string>,not published,no,,,,,Not applicable to this item or not used by this reconstruction.,
2 sites,03-augusta-facility-record,DFR,$.renderMethod[].name,yes,no,string,not published,no,,,,,Not applicable to this item or not used by this reconstruction.,Human facing display name for selection
2 sites,03-augusta-facility-record,DFR,$.renderMethod[].mediaQuery,yes,no,string,not published,no,,,,,Not applicable to this item or not used by this reconstruction.,Media query as defined in https://www.w3.org/TR/mediaqueries-4/
2 sites,03-augusta-facility-record,DFR,$.renderMethod[].template,yes,no,string,not published,no,,,,,Not applicable to this item or not used by this reconstruction.,An inline template field for use cases where remote retrieval of a render method is suboptimal
2 sites,03-augusta-facility-record,DFR,$.renderMethod[].url,yes,no,string,not published,no,,,,,Not applicable to this item or not used by this reconstruction.,URL for remotely hosted template
2 sites,03-augusta-facility-record,DFR,$.renderMethod[].mediaType,yes,no,string,not published,no,,,,,Not applicable to this item or not used by this reconstruction.,media type of the rendered output (eg text/html)
2 sites,03-augusta-facility-record,DFR,$.renderMethod[].digestMultibase,yes,no,string,not published,no,,,,,Not applicable to this item or not used by this reconstruction.,Used for resource integrity and/or validation of the inline `template`
2 sites,03-augusta-facility-record,DFR,$.credentialSubject,yes,yes,object,container,yes,,,,,Structural: see the fields beneath.,The facility that is the subject of this digital facility record.
2 sites,03-augusta-facility-record,DFR,$.credentialSubject.type,yes,no,array<string>,container,yes,,,,,Structural: see the fields beneath.,
2 sites,03-augusta-facility-record,DFR,$.credentialSubject.id,yes,yes,string,issuer-controlled,yes,https://example.org/untp-ai/facility/ai2-augusta,issuer-controlled,ODS,,No public facility register identifier exists; ODS-minted URI.,Globally unique identifier of this facility. Typically represented as a URI identifierScheme/Identifier URI
2 sites,03-augusta-facility-record,DFR,$.credentialSubject.name,yes,yes,string,published,yes,"Augusta cluster (Ai2 on Google Cloud), Council Bluffs, Iowa",stated,OLMO2,"§6.1, §6.1.2",,Name of this facility as defined the location register.
2 sites,03-augusta-facility-record,DFR,$.credentialSubject.description,yes,no,string,published,yes,"160-node GPU cluster provided by Google Cloud; physical servers in Council Bluffs, Iowa. Air-cooled. Used for part of OLMo 2 7B training and most of OLMo 2 13B.",stated,OLMO2,"§6.1, §6.1.2",,Description of the facility including function and other names.
2 sites,03-augusta-facility-record,DFR,$.credentialSubject.registeredId,yes,no,string,not published,yes,,,,,,The registration number (alphanumeric) of the facility within the identifier scheme. Unique within the register.
2 sites,03-augusta-facility-record,DFR,$.credentialSubject.idScheme,yes,no,object,issuer-controlled,yes,,issuer-controlled,ODS,,UNTP says to use the facility owner's party ID if self-issued; owner not published.,The ID scheme of the facility. eg a GS1 GLN or a National land registry scheme. If self issued then use the party ID of the facility owner. 
2 sites,03-augusta-facility-record,DFR,$.credentialSubject.idScheme.type,yes,no,array<string>,issuer-controlled,yes,,issuer-controlled,ODS,,UNTP says to use the facility owner's party ID if self-issued; owner not published. (inherited from parent field),
2 sites,03-augusta-facility-record,DFR,$.credentialSubject.idScheme.id,yes,yes,string,issuer-controlled,yes,did:web:example.org,issuer-controlled,ODS,,UNTP says to use the facility owner's party ID if self-issued; owner not published. (inherited from parent field),The URI of this identifier scheme
2 sites,03-augusta-facility-record,DFR,$.credentialSubject.idScheme.name,yes,yes,string,issuer-controlled,yes,"ODS reconstruction identifiers (self-issued, fictional)",issuer-controlled,ODS,,UNTP says to use the facility owner's party ID if self-issued; owner not published. (inherited from parent field),The name of the identifier scheme. 
2 sites,03-augusta-facility-record,DFR,$.credentialSubject.countryOfOperation,yes,yes,object,published,yes,,stated,OLMO2,§6.1.2,,The country in which this facility is operating.using ISO-3166 code and name.
2 sites,03-augusta-facility-record,DFR,$.credentialSubject.countryOfOperation.countryCode,yes,yes,string,published,yes,US,stated,OLMO2,§6.1.2,(inherited from parent field),"ISO 3166 country code      This is an enumerated value, but the list of valid values are too big, or change too often to include here. You can access the lis..."
2 sites,03-augusta-facility-record,DFR,$.credentialSubject.countryOfOperation.countryName,yes,no,string,published,yes,United States of America,stated,OLMO2,§6.1.2,(inherited from parent field),Country Name as defined in ISO 3166
2 sites,03-augusta-facility-record,DFR,$.credentialSubject.processCategory[],yes,yes,object,published,yes,,ODS-assigned,ISIC4,,The report describes a GPU cluster; the ISIC class is an ODS classification. No class distinguishes AI training compute.,The industrial or production processes performed by this facility. Example unstats.un.org/isic/1030.
2 sites,03-augusta-facility-record,DFR,$.credentialSubject.processCategory[].code,yes,yes,string,published,yes,6311,ODS-assigned,ISIC4,,The report describes a GPU cluster; the ISIC class is an ODS classification. No class distinguishes AI training compute. (inherited from parent field),classification code within the scheme
2 sites,03-augusta-facility-record,DFR,$.credentialSubject.processCategory[].name,yes,yes,string,published,yes,"Data processing, hosting and related activities",ODS-assigned,ISIC4,,The report describes a GPU cluster; the ISIC class is an ODS classification. No class distinguishes AI training compute. (inherited from parent field),Name of the classification represented by the code
2 sites,03-augusta-facility-record,DFR,$.credentialSubject.processCategory[].definition,yes,no,string,not published,yes,,,,,,A rich definition of this classification code.
2 sites,03-augusta-facility-record,DFR,$.credentialSubject.processCategory[].schemeId,yes,yes,string,published,yes,https://unstats.un.org/unsd/classifications/Econ/isic/,ODS-assigned,ISIC4,,The report describes a GPU cluster; the ISIC class is an ODS classification. No class distinguishes AI training compute. (inherited from parent field),Classification scheme ID
2 sites,03-augusta-facility-record,DFR,$.credentialSubject.processCategory[].schemeName,yes,yes,string,published,yes,UN ISIC Rev.4,ODS-assigned,ISIC4,,The report describes a GPU cluster; the ISIC class is an ODS classification. No class distinguishes AI training compute. (inherited from parent field),The name of the classification scheme
2 sites,03-augusta-facility-record,DFR,$.credentialSubject.relatedParty[],yes,no,object,published,yes,,stated,OLMO2,§6.1.2 'provided by Google Cloud',Datacentre operator not stated; 'provided by' mapped to serviceProvider.,A list of parties with a specified role relationship to this facility 
2 sites,03-augusta-facility-record,DFR,$.credentialSubject.relatedParty[].role,yes,yes,"string enum['owner', 'producer', 'manufacturer', 'processor', 'remanufacturer', 'recycler', 'operator', 'serviceProvider', 'inspector', 'certifier', 'logisticsProvider', 'carrier', 'consignor', 'consignee', 'importer', 'exporter', 'distributor', 'retailer', 'brandOwner', 'regulator']",published,yes,serviceProvider,stated,OLMO2,§6.1.2 'provided by Google Cloud',Datacentre operator not stated; 'provided by' mapped to serviceProvider. (inherited from parent field),The role played by the party in this relationship
2 sites,03-augusta-facility-record,DFR,$.credentialSubject.relatedParty[].party,yes,yes,object,published,yes,,stated,OLMO2,§6.1.2 'provided by Google Cloud',Datacentre operator not stated; 'provided by' mapped to serviceProvider. (inherited from parent field),The party that has the specified role.
2 sites,03-augusta-facility-record,DFR,$.credentialSubject.relatedParty[].party.type,yes,no,array<string>,published,yes,,stated,OLMO2,§6.1.2 'provided by Google Cloud',Datacentre operator not stated; 'provided by' mapped to serviceProvider. (inherited from parent field),
2 sites,03-augusta-facility-record,DFR,$.credentialSubject.relatedParty[].party.id,yes,yes,string,published,yes,https://lei.info/7ZW8QJWVPR4P1J1KQY45,ODS-assigned,GLEIF-GOOGLE,,The report names 'Google Cloud'; linking it to Google LLC is an ODS inference.,Globally unique identifier of this party. Typically represented as a URI identifierScheme/Identifier URI
2 sites,03-augusta-facility-record,DFR,$.credentialSubject.relatedParty[].party.name,yes,yes,string,published,yes,Google LLC,stated,GLEIF-GOOGLE,,,Legal registered name of this party.
2 sites,03-augusta-facility-record,DFR,$.credentialSubject.relatedParty[].party.description,yes,no,string,published,yes,Named as 'Google Cloud' in the OLMo 2 report.,stated,OLMO2,§6.1.2,,Description of the party including function and other names.
2 sites,03-augusta-facility-record,DFR,$.credentialSubject.relatedParty[].party.registeredId,yes,no,string,published,yes,7ZW8QJWVPR4P1J1KQY45,stated,GLEIF-GOOGLE,,,The registration number (alphanumeric) of the Party within the register. Unique within the register.
2 sites,03-augusta-facility-record,DFR,$.credentialSubject.relatedParty[].party.idScheme,yes,no,object,published,yes,,stated,OLMO2,§6.1.2 'provided by Google Cloud',Datacentre operator not stated; 'provided by' mapped to serviceProvider. (inherited from parent field),The identifier scheme of the party.  Typically a national business register or a global scheme such as GLEIF. 
2 sites,03-augusta-facility-record,DFR,$.credentialSubject.relatedParty[].party.idScheme.type,yes,no,array<string>,published,yes,,stated,OLMO2,§6.1.2 'provided by Google Cloud',Datacentre operator not stated; 'provided by' mapped to serviceProvider. (inherited from parent field),
2 sites,03-augusta-facility-record,DFR,$.credentialSubject.relatedParty[].party.idScheme.id,yes,yes,string,published,yes,https://www.gleif.org,stated,OLMO2,§6.1.2 'provided by Google Cloud',Datacentre operator not stated; 'provided by' mapped to serviceProvider. (inherited from parent field),The URI of this identifier scheme
2 sites,03-augusta-facility-record,DFR,$.credentialSubject.relatedParty[].party.idScheme.name,yes,yes,string,published,yes,Legal Entity Identifier (GLEIF),stated,OLMO2,§6.1.2 'provided by Google Cloud',Datacentre operator not stated; 'provided by' mapped to serviceProvider. (inherited from parent field),The name of the identifier scheme. 
2 sites,03-augusta-facility-record,DFR,$.credentialSubject.relatedParty[].party.registrationCountry,yes,no,object,published,yes,,stated,GLEIF-GOOGLE,,,the country in which this organisation is registered - using ISO-3166 code and name.
2 sites,03-augusta-facility-record,DFR,$.credentialSubject.relatedParty[].party.registrationCountry.countryCode,yes,yes,string,published,yes,US,stated,GLEIF-GOOGLE,,(inherited from parent field),"ISO 3166 country code      This is an enumerated value, but the list of valid values are too big, or change too often to include here. You can access the lis..."
2 sites,03-augusta-facility-record,DFR,$.credentialSubject.relatedParty[].party.registrationCountry.countryName,yes,no,string,published,yes,United States of America,stated,GLEIF-GOOGLE,,(inherited from parent field),Country Name as defined in ISO 3166
2 sites,03-augusta-facility-record,DFR,$.credentialSubject.relatedParty[].party.partyAddress,yes,no,object,not published,yes,,,,,,The address of the party
2 sites,03-augusta-facility-record,DFR,$.credentialSubject.relatedParty[].party.partyAddress.streetAddress,yes,yes,string,not published,yes,,,,,,the street address as an unstructured string.
2 sites,03-augusta-facility-record,DFR,$.credentialSubject.relatedParty[].party.partyAddress.postalCode,yes,yes,string,not published,yes,,,,,,The postal code or zip code for this address.
2 sites,03-augusta-facility-record,DFR,$.credentialSubject.relatedParty[].party.partyAddress.addressLocality,yes,yes,string,not published,yes,,,,,,"The city, suburb or township name."
2 sites,03-augusta-facility-record,DFR,$.credentialSubject.relatedParty[].party.partyAddress.addressRegion,yes,yes,string,not published,yes,,,,,,The state or territory or province
2 sites,03-augusta-facility-record,DFR,$.credentialSubject.relatedParty[].party.partyAddress.addressCountry,yes,yes,object,not published,yes,,,,,,The address country as an ISO-3166 two letter country code and name.
2 sites,03-augusta-facility-record,DFR,$.credentialSubject.relatedParty[].party.partyAddress.addressCountry.countryCode,yes,yes,string,not published,yes,,,,,,"ISO 3166 country code      This is an enumerated value, but the list of valid values are too big, or change too often to include here. You can access the lis..."
2 sites,03-augusta-facility-record,DFR,$.credentialSubject.relatedParty[].party.partyAddress.addressCountry.countryName,yes,no,string,not published,yes,,,,,,Country Name as defined in ISO 3166
2 sites,03-augusta-facility-record,DFR,$.credentialSubject.relatedParty[].party.organisationWebsite,yes,no,string,not published,yes,,,,,,Website for this organisation
2 sites,03-augusta-facility-record,DFR,$.credentialSubject.relatedParty[].party.industryCategory[],yes,no,object,not published,yes,,,,,,The industry categories for this organisation.  Recommend use of UNCPC as the category scheme. for example - unstats.un.org/isic/1030
2 sites,03-augusta-facility-record,DFR,$.credentialSubject.relatedParty[].party.industryCategory[].code,yes,yes,string,not published,yes,,,,,,classification code within the scheme
2 sites,03-augusta-facility-record,DFR,$.credentialSubject.relatedParty[].party.industryCategory[].name,yes,yes,string,not published,yes,,,,,,Name of the classification represented by the code
2 sites,03-augusta-facility-record,DFR,$.credentialSubject.relatedParty[].party.industryCategory[].definition,yes,no,string,not published,yes,,,,,,A rich definition of this classification code.
2 sites,03-augusta-facility-record,DFR,$.credentialSubject.relatedParty[].party.industryCategory[].schemeId,yes,yes,string,not published,yes,,,,,,Classification scheme ID
2 sites,03-augusta-facility-record,DFR,$.credentialSubject.relatedParty[].party.industryCategory[].schemeName,yes,yes,string,not published,yes,,,,,,The name of the classification scheme
2 sites,03-augusta-facility-record,DFR,$.credentialSubject.relatedParty[].party.partyAlsoKnownAs[],yes,no,object,not published,yes,,,,,,"An optional list of other registered identifiers for this organisation. For example DUNS, GLN, LEI, etc"
2 sites,03-augusta-facility-record,DFR,$.credentialSubject.relatedParty[].party.partyAlsoKnownAs[].type,yes,no,array<string>,not published,yes,,,,,,
2 sites,03-augusta-facility-record,DFR,$.credentialSubject.relatedParty[].party.partyAlsoKnownAs[].id,yes,yes,string,not published,yes,,,,,,Globally unique identifier of this party. Typically represented as a URI identifierScheme/Identifier URI
2 sites,03-augusta-facility-record,DFR,$.credentialSubject.relatedParty[].party.partyAlsoKnownAs[].name,yes,yes,string,not published,yes,,,,,,Legal registered name of this party.
2 sites,03-augusta-facility-record,DFR,$.credentialSubject.relatedParty[].party.partyAlsoKnownAs[].registeredId,yes,no,string,not published,yes,,,,,,The registration number (alphanumeric) of the Party within the register. Unique within the register.
2 sites,03-augusta-facility-record,DFR,$.credentialSubject.relatedDocument[],yes,no,object,published,yes,,stated,OLMO2,,,A list of links to documents providing additional facility information. Documents that support a conformity claim (e.g. permits or certificates) SHOULD be re...
2 sites,03-augusta-facility-record,DFR,$.credentialSubject.relatedDocument[].linkURL,yes,yes,string,published,yes,https://arxiv.org/abs/2501.00656v3,stated,OLMO2,,(inherited from parent field),The URL of the target resource.  
2 sites,03-augusta-facility-record,DFR,$.credentialSubject.relatedDocument[].linkName,yes,yes,string,published,yes,OLMo 2 technical report (arXiv:2501.00656v3),stated,OLMO2,,(inherited from parent field),Display name for this link.
2 sites,03-augusta-facility-record,DFR,$.credentialSubject.relatedDocument[].digestMultibase,yes,no,string,not published,yes,,,,,,An optional multi-base encoded digest to ensure the content of the link has not changed. See https://www.w3.org/TR/vc-data-integrity/#resource-integrity for ...
2 sites,03-augusta-facility-record,DFR,$.credentialSubject.relatedDocument[].mediaType,yes,no,string,published,yes,text/html,stated,OLMO2,,(inherited from parent field),The media type of the target resource.
2 sites,03-augusta-facility-record,DFR,$.credentialSubject.relatedDocument[].linkType,yes,no,string,not published,yes,,,,,,The type of the target resource - drawn from a controlled vocabulary 
2 sites,03-augusta-facility-record,DFR,$.credentialSubject.facilityAlsoKnownAs[],yes,no,object,not published,yes,,,,,,An optional list of other registered identifiers for this facility - eg GLNs or other schemes.
2 sites,03-augusta-facility-record,DFR,$.credentialSubject.facilityAlsoKnownAs[].type,yes,no,array<string>,not published,yes,,,,,,
2 sites,03-augusta-facility-record,DFR,$.credentialSubject.facilityAlsoKnownAs[].id,yes,yes,string,not published,yes,,,,,,Globally unique identifier of this facility. Typically represented as a URI identifierScheme/Identifier URI
2 sites,03-augusta-facility-record,DFR,$.credentialSubject.facilityAlsoKnownAs[].name,yes,yes,string,not published,yes,,,,,,Name of this facility as defined the location register.
2 sites,03-augusta-facility-record,DFR,$.credentialSubject.facilityAlsoKnownAs[].registeredId,yes,no,string,not published,yes,,,,,,The registration number (alphanumeric) of the facility within the identifier scheme. Unique within the register.
2 sites,03-augusta-facility-record,DFR,$.credentialSubject.locationInformation,yes,yes,object,not published,yes,,placeholder,ODS,,Required object (no required members). No coordinates or plus code published.,"Geo-location information for this facility as a resolvable geographic area (a Plus Code), and/or a geo-located point (latitude / longitude), and/or a defined..."
2 sites,03-augusta-facility-record,DFR,$.credentialSubject.locationInformation.plusCode,yes,no,string,not published,yes,,,,,,An open location code (https://maps.google.com/pluscodes/) representing this geographic location or region. Open location codes can represent any sized area ...
2 sites,03-augusta-facility-record,DFR,$.credentialSubject.locationInformation.geoLocation,yes,no,object,not published,yes,,,,,,The latitude and longitude coordinates that best represent the specified location. 
2 sites,03-augusta-facility-record,DFR,$.credentialSubject.locationInformation.geoLocation.latitude,yes,yes,number,not published,yes,,,,,,"latitude: Angular distance north or south of the equator, expressed in decimal degrees.Valid range: −90.0 to +90.0."
2 sites,03-augusta-facility-record,DFR,$.credentialSubject.locationInformation.geoLocation.longitude,yes,yes,number,not published,yes,,,,,,"longitude: Angular distance east or west of the Prime Meridian, expressed in decimal degrees.Valid range: −180.0 to +180.0."
2 sites,03-augusta-facility-record,DFR,$.credentialSubject.locationInformation.geoBoundary[],yes,no,object,not published,yes,,,,,,The list of ordered coordinates that define a closed area polygon as a location boundary. The first and last coordinates in the array must match - thereby de...
2 sites,03-augusta-facility-record,DFR,$.credentialSubject.locationInformation.geoBoundary[].latitude,yes,yes,number,not published,yes,,,,,,"latitude: Angular distance north or south of the equator, expressed in decimal degrees.Valid range: −90.0 to +90.0."
2 sites,03-augusta-facility-record,DFR,$.credentialSubject.locationInformation.geoBoundary[].longitude,yes,yes,number,not published,yes,,,,,,"longitude: Angular distance east or west of the Prime Meridian, expressed in decimal degrees.Valid range: −180.0 to +180.0."
2 sites,03-augusta-facility-record,DFR,$.credentialSubject.address,yes,yes,object,container,yes,,,,,Structural: see the fields beneath.,The Postal address of the location.
2 sites,03-augusta-facility-record,DFR,$.credentialSubject.address.streetAddress,yes,yes,string,not published,yes,Not published,placeholder,ODS,,Required field; the report gives city only.,the street address as an unstructured string.
2 sites,03-augusta-facility-record,DFR,$.credentialSubject.address.postalCode,yes,yes,string,not published,yes,Not published,placeholder,ODS,,Required field; the report gives city only.,The postal code or zip code for this address.
2 sites,03-augusta-facility-record,DFR,$.credentialSubject.address.addressLocality,yes,yes,string,published,yes,Council Bluffs,stated,OLMO2,§6.1.2,,"The city, suburb or township name."
2 sites,03-augusta-facility-record,DFR,$.credentialSubject.address.addressRegion,yes,yes,string,published,yes,Iowa,stated,OLMO2,§6.1.2,,The state or territory or province
2 sites,03-augusta-facility-record,DFR,$.credentialSubject.address.addressCountry,yes,yes,object,published,yes,,stated,OLMO2,§6.1.2,,The address country as an ISO-3166 two letter country code and name.
2 sites,03-augusta-facility-record,DFR,$.credentialSubject.address.addressCountry.countryCode,yes,yes,string,published,yes,US,stated,OLMO2,§6.1.2,(inherited from parent field),"ISO 3166 country code      This is an enumerated value, but the list of valid values are too big, or change too often to include here. You can access the lis..."
2 sites,03-augusta-facility-record,DFR,$.credentialSubject.address.addressCountry.countryName,yes,no,string,published,yes,United States of America,stated,OLMO2,§6.1.2,(inherited from parent field),Country Name as defined in ISO 3166
2 sites,03-augusta-facility-record,DFR,$.credentialSubject.materialUsage,yes,no,object,not published,yes,,,,,,The type and provenance of materials consumed by the facility during the reporting period. 
2 sites,03-augusta-facility-record,DFR,$.credentialSubject.materialUsage.applicablePeriod,yes,no,object,not published,yes,,,,,,The period over which this material consumption is reported
2 sites,03-augusta-facility-record,DFR,$.credentialSubject.materialUsage.applicablePeriod.startDate,yes,yes,string,not published,yes,,,,,,The period start date
2 sites,03-augusta-facility-record,DFR,$.credentialSubject.materialUsage.applicablePeriod.endDate,yes,yes,string,not published,yes,,,,,,The period end date
2 sites,03-augusta-facility-record,DFR,$.credentialSubject.materialUsage.applicablePeriod.periodInformation,yes,no,string,not published,yes,,,,,,Additional information relevant to this reporting period
2 sites,03-augusta-facility-record,DFR,$.credentialSubject.materialUsage.materialConsumed[],yes,yes,object,not published,yes,,,,,,An list of materials consumed during the usage period. 
2 sites,03-augusta-facility-record,DFR,$.credentialSubject.materialUsage.materialConsumed[].name,yes,yes,string,not published,yes,,,,,,"Name of this material (eg ""Egyptian Cotton"")"
2 sites,03-augusta-facility-record,DFR,$.credentialSubject.materialUsage.materialConsumed[].originCountry,yes,yes,object,not published,yes,,,,,,A ISO 3166-1 code representing the country of origin of the component or ingredient.
2 sites,03-augusta-facility-record,DFR,$.credentialSubject.materialUsage.materialConsumed[].originCountry.countryCode,yes,yes,string,not published,yes,,,,,,"ISO 3166 country code      This is an enumerated value, but the list of valid values are too big, or change too often to include here. You can access the lis..."
2 sites,03-augusta-facility-record,DFR,$.credentialSubject.materialUsage.materialConsumed[].originCountry.countryName,yes,no,string,not published,yes,,,,,,Country Name as defined in ISO 3166
2 sites,03-augusta-facility-record,DFR,$.credentialSubject.materialUsage.materialConsumed[].materialType,yes,yes,object,not published,yes,,,,,,The type of this material - as a value drawn from a controlled vocabulary eg from UN Framework Classification for Resources (UNFC).
2 sites,03-augusta-facility-record,DFR,$.credentialSubject.materialUsage.materialConsumed[].materialType.code,yes,yes,string,not published,yes,,,,,,classification code within the scheme
2 sites,03-augusta-facility-record,DFR,$.credentialSubject.materialUsage.materialConsumed[].materialType.name,yes,yes,string,not published,yes,,,,,,Name of the classification represented by the code
2 sites,03-augusta-facility-record,DFR,$.credentialSubject.materialUsage.materialConsumed[].materialType.definition,yes,no,string,not published,yes,,,,,,A rich definition of this classification code.
2 sites,03-augusta-facility-record,DFR,$.credentialSubject.materialUsage.materialConsumed[].materialType.schemeId,yes,yes,string,not published,yes,,,,,,Classification scheme ID
2 sites,03-augusta-facility-record,DFR,$.credentialSubject.materialUsage.materialConsumed[].materialType.schemeName,yes,yes,string,not published,yes,,,,,,The name of the classification scheme
2 sites,03-augusta-facility-record,DFR,$.credentialSubject.materialUsage.materialConsumed[].massFraction,yes,yes,number,not published,yes,,,,,,The mass fraction as a decimal of the product (or facility reporting period)  represented by this material. 
2 sites,03-augusta-facility-record,DFR,$.credentialSubject.materialUsage.materialConsumed[].mass,yes,no,object,not published,yes,,,,,,The mass of the material component.
2 sites,03-augusta-facility-record,DFR,$.credentialSubject.materialUsage.materialConsumed[].mass.value,yes,yes,number,not published,yes,,,,,,The numeric value of the measure
2 sites,03-augusta-facility-record,DFR,$.credentialSubject.materialUsage.materialConsumed[].mass.upperTolerance,yes,no,number,not published,yes,,,,,,"The upper tolerance associated with this measure expressed in the same units as the measure.  For example value=10, upperTolerance=0.1, unit=KGM would mean t..."
2 sites,03-augusta-facility-record,DFR,$.credentialSubject.materialUsage.materialConsumed[].mass.lowerTolerance,yes,no,number,not published,yes,,,,,,"The lower tolerance associated with this measure expressed in the same units as the measure.  For example value=10, lowerTolerance=0.1, unit=KGM would mean t..."
2 sites,03-augusta-facility-record,DFR,$.credentialSubject.materialUsage.materialConsumed[].mass.unit,yes,yes,string,not published,yes,,,,,,"Unit of measure drawn from the UNECE Rec20 measure code list.      This is an enumerated value, but the list of valid values are too big, or change too often..."
2 sites,03-augusta-facility-record,DFR,$.credentialSubject.materialUsage.materialConsumed[].recycledMassFraction,yes,no,number,not published,yes,,,,,,Mass fraction of this material that is recycled (eg 50% recycled Lithium)
2 sites,03-augusta-facility-record,DFR,$.credentialSubject.materialUsage.materialConsumed[].hazardous,yes,no,boolean,not published,yes,,,,,,Indicates whether this material is hazardous. If true then the materialSafetyInformation property must be present
2 sites,03-augusta-facility-record,DFR,$.credentialSubject.materialUsage.materialConsumed[].symbol,yes,no,object,not published,yes,,,,,,Based 64 encoded binary used to represent a visual symbol for a given material. 
2 sites,03-augusta-facility-record,DFR,$.credentialSubject.materialUsage.materialConsumed[].symbol.name,yes,yes,string,not published,yes,,,,,,the display name for this image
2 sites,03-augusta-facility-record,DFR,$.credentialSubject.materialUsage.materialConsumed[].symbol.description,yes,no,string,not published,yes,,,,,,The detailed description / supporting information for this image.
2 sites,03-augusta-facility-record,DFR,$.credentialSubject.materialUsage.materialConsumed[].symbol.imageData,yes,yes,string,not published,yes,,,,,,The image data encoded as a base64 string.
2 sites,03-augusta-facility-record,DFR,$.credentialSubject.materialUsage.materialConsumed[].symbol.mediaType,yes,yes,string,not published,yes,,,,,,"The media type of this image (eg image/png)      This is an enumerated value, but the list of valid values are too big, or change too often to include here. ..."
2 sites,03-augusta-facility-record,DFR,$.credentialSubject.materialUsage.materialConsumed[].materialSafetyInformation,yes,no,object,not published,yes,,,,,,Reference to further information about safe handling of this hazardous material (for example a link to a material safety data sheet)
2 sites,03-augusta-facility-record,DFR,$.credentialSubject.materialUsage.materialConsumed[].materialSafetyInformation.linkURL,yes,yes,string,not published,yes,,,,,,The URL of the target resource.  
2 sites,03-augusta-facility-record,DFR,$.credentialSubject.materialUsage.materialConsumed[].materialSafetyInformation.linkName,yes,yes,string,not published,yes,,,,,,Display name for this link.
2 sites,03-augusta-facility-record,DFR,$.credentialSubject.materialUsage.materialConsumed[].materialSafetyInformation.digestMultibase,yes,no,string,not published,yes,,,,,,An optional multi-base encoded digest to ensure the content of the link has not changed. See https://www.w3.org/TR/vc-data-integrity/#resource-integrity for ...
2 sites,03-augusta-facility-record,DFR,$.credentialSubject.materialUsage.materialConsumed[].materialSafetyInformation.mediaType,yes,no,string,not published,yes,,,,,,The media type of the target resource.
2 sites,03-augusta-facility-record,DFR,$.credentialSubject.materialUsage.materialConsumed[].materialSafetyInformation.linkType,yes,no,string,not published,yes,,,,,,The type of the target resource - drawn from a controlled vocabulary 
2 sites,03-augusta-facility-record,DFR,$.credentialSubject.performanceClaim[],yes,no,object,needs extension vocabulary,yes,,stated,OLMO2,§6.1.2; §6.5,"Campus-level, not cluster-level. Twelve-month period dates not stated. No UNTP PUE metric.; State average, not the facility's supply.; An assumption in the report, not a measurement.",A list of performance claims (eg deforestation status) for this facility.
2 sites,03-augusta-facility-record,DFR,$.credentialSubject.performanceClaim[].type,yes,no,array<string>,needs extension vocabulary,yes,,stated,OLMO2,§6.1.2; §6.5,"Campus-level, not cluster-level. Twelve-month period dates not stated. No UNTP PUE metric.; State average, not the facility's supply.; An assumption in the report, not a measurement. (inherited from parent field)",
2 sites,03-augusta-facility-record,DFR,$.credentialSubject.performanceClaim[].id,yes,yes,string,needs extension vocabulary,yes,https://example.org/untp-ai/claims/augusta-pue | https://example.org/untp-ai/claims/augusta-grid-intensity | https://example.org/untp-ai/claims/augusta-wue,stated,OLMO2,§6.1.2; §6.5,"Campus-level, not cluster-level. Twelve-month period dates not stated. No UNTP PUE metric.; State average, not the facility's supply.; An assumption in the report, not a measurement. (inherited from parent field)",Globally unique identifier of this claim. Typically represented as a URI companyURL/claimID URI or a UUID
2 sites,03-augusta-facility-record,DFR,$.credentialSubject.performanceClaim[].name,yes,yes,string,needs extension vocabulary,yes,"Power usage effectiveness (PUE), campus trailing twelve months | Grid carbon intensity (Iowa state average) | Water usage effectiveness, off-site (assumed)",stated,OLMO2,§6.1.2; §6.5,"Campus-level, not cluster-level. Twelve-month period dates not stated. No UNTP PUE metric.; State average, not the facility's supply.; An assumption in the report, not a measurement. (inherited from parent field)",Name of this claim - typically similar or the same as the referenced criterion name.
2 sites,03-augusta-facility-record,DFR,$.credentialSubject.performanceClaim[].description,yes,no,string,needs extension vocabulary,yes,Trailing twelve-month PUE reported for the Iowa campus. | State of Iowa average carbon intensity used by the report. The text gives 0.352; Table 19 gives 0.351. | Off-site WUE assumed by the report authors (Reig et al. 2020); on-site WUE assumed 0.,stated,OLMO2,§6.1.2; §6.5,"Campus-level, not cluster-level. Twelve-month period dates not stated. No UNTP PUE metric.; State average, not the facility's supply.; An assumption in the report, not a measurement. (inherited from parent field)",Description of this conformity claim
2 sites,03-augusta-facility-record,DFR,$.credentialSubject.performanceClaim[].referenceCriteria[],yes,yes,object,needs extension vocabulary,yes,,ODS-assigned,ODS; OLMO2,§6.5,"The report gives PUE values without citing a standard. ISO/IEC 30134-2 is the usual PUE KPI standard; citing it here is an ODS assumption.; Claim requires a reference criterion. No standard for AI training energy or emissions accounting is cited, so the report's own method is referenced. (inherited from parent field)",The criterion against which the claim is made.
2 sites,03-augusta-facility-record,DFR,$.credentialSubject.performanceClaim[].referenceCriteria[].type,yes,no,array<string>,needs extension vocabulary,yes,,ODS-assigned,ODS; OLMO2,§6.5,"The report gives PUE values without citing a standard. ISO/IEC 30134-2 is the usual PUE KPI standard; citing it here is an ODS assumption.; Claim requires a reference criterion. No standard for AI training energy or emissions accounting is cited, so the report's own method is referenced. (inherited from parent field)",
2 sites,03-augusta-facility-record,DFR,$.credentialSubject.performanceClaim[].referenceCriteria[].id,yes,yes,string,needs extension vocabulary,yes,https://www.iso.org/standard/63451.html | https://arxiv.org/abs/2501.00656v3#section-6.5,ODS-assigned,ODS; OLMO2,§6.5,"The report gives PUE values without citing a standard. ISO/IEC 30134-2 is the usual PUE KPI standard; citing it here is an ODS assumption.; Claim requires a reference criterion. No standard for AI training energy or emissions accounting is cited, so the report's own method is referenced. (inherited from parent field)",Globally unique identifier of this conformity criterion. Typically represented as a URI SchemeOwner/CriterionID URI
2 sites,03-augusta-facility-record,DFR,$.credentialSubject.performanceClaim[].referenceCriteria[].name,yes,yes,string,needs extension vocabulary,yes,ISO/IEC 30134-2 Power usage effectiveness (PUE) - assumed; not cited by the report | OLMo 2 report §6.5 environmental accounting method (not a published standard),ODS-assigned,ODS; OLMO2,§6.5,"The report gives PUE values without citing a standard. ISO/IEC 30134-2 is the usual PUE KPI standard; citing it here is an ODS assumption.; Claim requires a reference criterion. No standard for AI training energy or emissions accounting is cited, so the report's own method is referenced. (inherited from parent field)",Name of this criterion as defined by the scheme owner.
2 sites,03-augusta-facility-record,DFR,$.credentialSubject.performanceClaim[].referenceRegulation[],yes,no,object,not published,yes,,,,,,List of references to regulation to which conformity is claimed claimed for this product
2 sites,03-augusta-facility-record,DFR,$.credentialSubject.performanceClaim[].referenceRegulation[].type,yes,no,array<string>,not published,yes,,,,,,
2 sites,03-augusta-facility-record,DFR,$.credentialSubject.performanceClaim[].referenceRegulation[].id,yes,yes,string,not published,yes,,,,,,Globally unique identifier of this standard. Typically represented as a URI government/regulation URI
2 sites,03-augusta-facility-record,DFR,$.credentialSubject.performanceClaim[].referenceRegulation[].name,yes,yes,string,not published,yes,,,,,,Name of this regulation as defined by the regulator.
2 sites,03-augusta-facility-record,DFR,$.credentialSubject.performanceClaim[].referenceStandard[],yes,no,object,not published,yes,,,,,,List of references to standards to which conformity is claimed claimed for this product
2 sites,03-augusta-facility-record,DFR,$.credentialSubject.performanceClaim[].referenceStandard[].type,yes,no,array<string>,not published,yes,,,,,,
2 sites,03-augusta-facility-record,DFR,$.credentialSubject.performanceClaim[].referenceStandard[].id,yes,yes,string,not published,yes,,,,,,Globally unique identifier of this standard. Typically represented as a URI issuer/standard URI
2 sites,03-augusta-facility-record,DFR,$.credentialSubject.performanceClaim[].referenceStandard[].name,yes,yes,string,not published,yes,,,,,,Name for this standard
2 sites,03-augusta-facility-record,DFR,$.credentialSubject.performanceClaim[].claimDate,yes,yes,string,published,yes,2024-12-31,ODS-assigned,OLMO2,arXiv submission history v1,Date first published (v1); values unchanged in v2 and v3.,That date on which the claimed performance is applicable.
2 sites,03-augusta-facility-record,DFR,$.credentialSubject.performanceClaim[].applicablePeriod,yes,no,object,not published,yes,,,,,,The applicable reporting period for this facility record.
2 sites,03-augusta-facility-record,DFR,$.credentialSubject.performanceClaim[].applicablePeriod.startDate,yes,yes,string,not published,yes,,,,,,The period start date
2 sites,03-augusta-facility-record,DFR,$.credentialSubject.performanceClaim[].applicablePeriod.endDate,yes,yes,string,not published,yes,,,,,,The period end date
2 sites,03-augusta-facility-record,DFR,$.credentialSubject.performanceClaim[].applicablePeriod.periodInformation,yes,no,string,not published,yes,,,,,,Additional information relevant to this reporting period
2 sites,03-augusta-facility-record,DFR,$.credentialSubject.performanceClaim[].claimedPerformance[],yes,yes,object,needs extension vocabulary,yes,,stated,OLMO2,§6.1.2; §6.5,"Campus-level, not cluster-level. Twelve-month period dates not stated. No UNTP PUE metric.; State average, not the facility's supply.; An assumption in the report, not a measurement. (inherited from parent field)",The claimed performance level 
2 sites,03-augusta-facility-record,DFR,$.credentialSubject.performanceClaim[].claimedPerformance[].metric,yes,no,object,needs extension vocabulary,yes,,stated,OLMO2,§6.1.2; §6.5,"Campus-level, not cluster-level. Twelve-month period dates not stated. No UNTP PUE metric.; State average, not the facility's supply.; An assumption in the report, not a measurement. (inherited from parent field)",The metric (eg material emissions intensity CO2e/Kg or percentage of young workers) that is measured.
2 sites,03-augusta-facility-record,DFR,$.credentialSubject.performanceClaim[].claimedPerformance[].metric.type,yes,no,array<string>,needs extension vocabulary,yes,,stated,OLMO2,§6.1.2; §6.5,"Campus-level, not cluster-level. Twelve-month period dates not stated. No UNTP PUE metric.; State average, not the facility's supply.; An assumption in the report, not a measurement. (inherited from parent field)",
2 sites,03-augusta-facility-record,DFR,$.credentialSubject.performanceClaim[].claimedPerformance[].metric.id,yes,yes,string,needs extension vocabulary,yes,https://example.org/untp-ai/0.1/metric/pue | https://vocabulary.uncefact.org/performance-metrics/ghg-emissions-intensity | https://example.org/untp-ai/0.1/metric/wue-offsite,stated,OLMO2,§6.1.2; §6.5,"Campus-level, not cluster-level. Twelve-month period dates not stated. No UNTP PUE metric.; State average, not the facility's supply.; An assumption in the report, not a measurement. (inherited from parent field)",Globally unique identifier of this reporting metric. 
2 sites,03-augusta-facility-record,DFR,$.credentialSubject.performanceClaim[].claimedPerformance[].metric.name,yes,yes,string,needs extension vocabulary,yes,"Power usage effectiveness (ratio) | GHG Emissions Intensity (kg CO2 per kWh supplied) | Water usage effectiveness, off-site (litres per kWh)",stated,OLMO2,§6.1.2; §6.5,"Campus-level, not cluster-level. Twelve-month period dates not stated. No UNTP PUE metric.; State average, not the facility's supply.; An assumption in the report, not a measurement. (inherited from parent field)","A human readable name for this metric (for example ""water usage per Kg of material"")"
2 sites,03-augusta-facility-record,DFR,$.credentialSubject.performanceClaim[].claimedPerformance[].measure,yes,no,object,published,yes,,stated,OLMO2,§6.1.2; Table 19; §6.5 (text); Table 19 prints 0.351; §6.5; Table 19,Unresolved inconsistency in all three arXiv versions. Text value used.,The measured performance value
2 sites,03-augusta-facility-record,DFR,$.credentialSubject.performanceClaim[].claimedPerformance[].measure.value,yes,yes,number,published,yes,1.12 | 0.352 | 3.1,stated,OLMO2,§6.1.2; Table 19; §6.5 (text); Table 19 prints 0.351; §6.5; Table 19,Unresolved inconsistency in all three arXiv versions. Text value used. (inherited from parent field),The numeric value of the measure
2 sites,03-augusta-facility-record,DFR,$.credentialSubject.performanceClaim[].claimedPerformance[].measure.upperTolerance,yes,no,number,not published,yes,,,,,,"The upper tolerance associated with this measure expressed in the same units as the measure.  For example value=10, upperTolerance=0.1, unit=KGM would mean t..."
2 sites,03-augusta-facility-record,DFR,$.credentialSubject.performanceClaim[].claimedPerformance[].measure.lowerTolerance,yes,no,number,not published,yes,,,,,,"The lower tolerance associated with this measure expressed in the same units as the measure.  For example value=10, lowerTolerance=0.1, unit=KGM would mean t..."
2 sites,03-augusta-facility-record,DFR,$.credentialSubject.performanceClaim[].claimedPerformance[].measure.unit,yes,yes,string,published,yes,C62 | KGM | LTR,stated,OLMO2,§6.1.2; Table 19; §6.5 (text); Table 19 prints 0.351; §6.5; Table 19,Unresolved inconsistency in all three arXiv versions. Text value used. (inherited from parent field),"Unit of measure drawn from the UNECE Rec20 measure code list.      This is an enumerated value, but the list of valid values are too big, or change too often..."
2 sites,03-augusta-facility-record,DFR,$.credentialSubject.performanceClaim[].claimedPerformance[].score,yes,no,object,not published,yes,,,,,,"A performance score (eg ""AA"") drawn from a scoring framework defined by the scheme or criterion."
2 sites,03-augusta-facility-record,DFR,$.credentialSubject.performanceClaim[].claimedPerformance[].score.code,yes,yes,string,not published,yes,,,,,,"The coded value for this score (eg ""AAA"")"
2 sites,03-augusta-facility-record,DFR,$.credentialSubject.performanceClaim[].claimedPerformance[].score.rank,yes,no,integer,not published,yes,,,,,,"The ranking of this score within the scoring framework - using an integer where ""1"" is the highest rank."
2 sites,03-augusta-facility-record,DFR,$.credentialSubject.performanceClaim[].claimedPerformance[].score.definition,yes,no,string,not published,yes,,,,,,A description of the meaning of this score.
2 sites,03-augusta-facility-record,DFR,$.credentialSubject.performanceClaim[].evidence[],yes,no,object,needs extension vocabulary,yes,,stated,OLMO2,§6.1.2; §6.5,"Campus-level, not cluster-level. Twelve-month period dates not stated. No UNTP PUE metric.; State average, not the facility's supply.; An assumption in the report, not a measurement. (inherited from parent field)",A URI pointing to the evidence supporting the claim. SHOULD be a URL to a UNTP Digital Conformity Credential (DCC)
2 sites,03-augusta-facility-record,DFR,$.credentialSubject.performanceClaim[].evidence[].linkURL,yes,yes,string,needs extension vocabulary,yes,https://arxiv.org/abs/2501.00656v3,stated,OLMO2,§6.1.2; §6.5,"Campus-level, not cluster-level. Twelve-month period dates not stated. No UNTP PUE metric.; State average, not the facility's supply.; An assumption in the report, not a measurement. (inherited from parent field)",The URL of the target resource.  
2 sites,03-augusta-facility-record,DFR,$.credentialSubject.performanceClaim[].evidence[].linkName,yes,yes,string,needs extension vocabulary,yes,OLMo 2 technical report (arXiv:2501.00656v3),stated,OLMO2,§6.1.2; §6.5,"Campus-level, not cluster-level. Twelve-month period dates not stated. No UNTP PUE metric.; State average, not the facility's supply.; An assumption in the report, not a measurement. (inherited from parent field)",Display name for this link.
2 sites,03-augusta-facility-record,DFR,$.credentialSubject.performanceClaim[].evidence[].digestMultibase,yes,no,string,not published,yes,,,,,,An optional multi-base encoded digest to ensure the content of the link has not changed. See https://www.w3.org/TR/vc-data-integrity/#resource-integrity for ...
2 sites,03-augusta-facility-record,DFR,$.credentialSubject.performanceClaim[].evidence[].mediaType,yes,no,string,needs extension vocabulary,yes,text/html,stated,OLMO2,§6.1.2; §6.5,"Campus-level, not cluster-level. Twelve-month period dates not stated. No UNTP PUE metric.; State average, not the facility's supply.; An assumption in the report, not a measurement. (inherited from parent field)",The media type of the target resource.
2 sites,03-augusta-facility-record,DFR,$.credentialSubject.performanceClaim[].evidence[].linkType,yes,no,string,not published,yes,,,,,,The type of the target resource - drawn from a controlled vocabulary 
2 sites,03-augusta-facility-record,DFR,$.credentialSubject.performanceClaim[].conformityTopic[],yes,yes,object,needs extension vocabulary,yes,,stated,OLMO2,§6.1.2; §6.5,"Campus-level, not cluster-level. Twelve-month period dates not stated. No UNTP PUE metric.; State average, not the facility's supply.; An assumption in the report, not a measurement. (inherited from parent field)",The conformity topic category for this assessment
2 sites,03-augusta-facility-record,DFR,$.credentialSubject.performanceClaim[].conformityTopic[].type,yes,no,array<string>,needs extension vocabulary,yes,,stated,OLMO2,§6.1.2; §6.5,"Campus-level, not cluster-level. Twelve-month period dates not stated. No UNTP PUE metric.; State average, not the facility's supply.; An assumption in the report, not a measurement. (inherited from parent field)",
2 sites,03-augusta-facility-record,DFR,$.credentialSubject.performanceClaim[].conformityTopic[].id,yes,yes,string,needs extension vocabulary,yes,https://vocabulary.uncefact.org/conformity-topics/energy-optimization | https://vocabulary.uncefact.org/conformity-topics/greenhouse-gas-emissions | https://vocabulary.uncefact.org/conformity-topics/water-conservation,stated,OLMO2,§6.1.2; §6.5,"Campus-level, not cluster-level. Twelve-month period dates not stated. No UNTP PUE metric.; State average, not the facility's supply.; An assumption in the report, not a measurement. (inherited from parent field)",The unique identifier for this conformity topic
2 sites,03-augusta-facility-record,DFR,$.credentialSubject.performanceClaim[].conformityTopic[].name,yes,yes,string,needs extension vocabulary,yes,Energy Optimization | Greenhouse Gas Emissions | Water Conservation,stated,OLMO2,§6.1.2; §6.5,"Campus-level, not cluster-level. Twelve-month period dates not stated. No UNTP PUE metric.; State average, not the facility's supply.; An assumption in the report, not a measurement. (inherited from parent field)",The human readable name for this conformity topic.
2 sites,03-augusta-facility-record,DFR,$.credentialSubject.performanceClaim[].conformityTopic[].definition,yes,no,string,not published,yes,,,,,,The rich definition of this conformity topic.
2 sites,03-augusta-facility-record,DFR,$.issuingSoftware,yes,no,object,not published,no,,,,,Not applicable to this item or not used by this reconstruction.,Optional metadata identifying the software product (and its vendor) that issued this credential. Useful for vendor traceability and conformity testing. Issue...
2 sites,03-augusta-facility-record,DFR,$.issuingSoftware.id,yes,yes,string,not published,no,,,,,Not applicable to this item or not used by this reconstruction.,A resolvable identifier for the specific version of the software product that issued this credential.
2 sites,03-augusta-facility-record,DFR,$.issuingSoftware.name,yes,yes,string,not published,no,,,,,Not applicable to this item or not used by this reconstruction.,The name of the software product that issued this credential.
2 sites,03-augusta-facility-record,DFR,$.issuingSoftware.version,yes,yes,string,not published,no,,,,,Not applicable to this item or not used by this reconstruction.,The version of the software product that issued this credential.
2 sites,03-augusta-facility-record,DFR,$.issuingSoftware.vendor,yes,yes,object,not published,no,,,,,Not applicable to this item or not used by this reconstruction.,The vendor of the software product that issued this credential.
2 sites,03-augusta-facility-record,DFR,$.issuingSoftware.vendor.id,yes,yes,string,not published,no,,,,,Not applicable to this item or not used by this reconstruction.,The decentralised identifier (DID) or other resolvable identifier of the software vendor.
2 sites,03-augusta-facility-record,DFR,$.issuingSoftware.vendor.name,yes,yes,string,not published,no,,,,,Not applicable to this item or not used by this reconstruction.,The name of the software vendor.
2 sites,03-augusta-facility-record,DFR,$.description,yes (additional property),no,,issuer-controlled,yes,Reconstructed by Open Data Services (ODS) from public sources for the AI Supply Chains field work (September 2026). None of the parties named in this credent...,issuer-controlled,ODS,,VCDM 2.0 'description'; allowed by the UNTP schema's additionalProperties.,
2 sites,03-augusta-facility-record,DFR,$.credentialSubject.performanceClaim[].referenceCriteria,yes (additional property),no,,needs extension vocabulary,yes,,ODS-assigned,ODS; OLMO2,§6.5,"The report gives PUE values without citing a standard. ISO/IEC 30134-2 is the usual PUE KPI standard; citing it here is an ODS assumption.; Claim requires a reference criterion. No standard for AI training energy or emissions accounting is cited, so the report's own method is referenced.",
2 sites,03-augusta-facility-record,DFR,$.credentialSubject.aic:installedEquipment,no,no,extension,needs extension vocabulary,yes,,stated,OLMO2,§6.1.2,"UNTP 0.7.0 Facility has no property for installed equipment. For cloud capacity the tenant sees VMs, not physical assets.",Proposed AI compute and models extension property
2 sites,03-augusta-facility-record,DFR,$.credentialSubject.aic:installedEquipment[],no,no,extension,published,yes,,stated,OLMO2,§6.1.2; §6.1.2 fn 26,"Physical host hardware (servers, CPUs) not published; the report describes VMs.",Proposed AI compute and models extension property
2 sites,03-augusta-facility-record,DFR,$.credentialSubject.aic:installedEquipment[].quantity,no,no,extension,published,yes,,calculated,OLMO2,§6.1.2,160 nodes x 8 GPUs; the report does not state a total.,Proposed AI compute and models extension property
2 sites,03-augusta-facility-record,DFR,$.credentialSubject.aic:installedEquipment[].memoryCapacity,no,no,extension,published,yes,,stated,GCP-GPUDIRECT,,Not in the report for Augusta; from Google's a3-megagpu-8g documentation.,Proposed AI compute and models extension property
2 sites,03-augusta-facility-record,DFR,$.credentialSubject.aic:installedEquipment[].memoryType,no,no,extension,published,yes,HBM3,stated,GCP-GPUS,,Paraphrase of Google documentation; not in the report.,Proposed AI compute and models extension property
2 sites,03-augusta-facility-record,DFR,$.credentialSubject.aic:installedEquipment[].formFactor,no,no,extension,published,yes,SXM5,stated,GCP-GPUS,,Google: A3 Mega machine types have H100 SXM GPUs.,Proposed AI compute and models extension property
2 sites,03-augusta-facility-record,DFR,$.credentialSubject.aic:installedEquipment[].thermalDesignPower,no,no,extension,not published,yes,,placeholder,ODS,,Not published for Augusta. Value 0 is a placeholder only.,Proposed AI compute and models extension property
2 sites,03-augusta-facility-record,DFR,$.credentialSubject.aic:computeTenant,no,no,extension,needs extension vocabulary,yes,,stated,OLMO2,§6.1 'two Ai2 clusters',PartyRole has no tenant/customer role.,Proposed AI compute and models extension property
2 sites,03-augusta-facility-record,DFR,$.credentialSubject.aic:computeTenant[].id,no,no,extension,published,yes,https://projects.propublica.org/nonprofits/organizations/824083177,stated,PROPUBLICA-AI2,,No LEI exists (GLEIF-NONE). EIN register URL used as the resolvable party identifier.,Proposed AI compute and models extension property
2 sites,03-augusta-facility-record,DFR,$.credentialSubject.aic:computeTenant[].name,no,no,extension,published,yes,The Allen Institute For Artificial Intelligence,stated,PROPUBLICA-AI2,,,Proposed AI compute and models extension property
2 sites,03-augusta-facility-record,DFR,$.credentialSubject.aic:computeTenant[].registeredId,no,no,extension,published,yes,82-4083177,stated,PROPUBLICA-AI2,,"Wikidata Q16002567 gives 91-2155317, which is the Allen Institute (bioscience).",Proposed AI compute and models extension property
3 data,04-olmo-mix-1124-passport,DPP,$,yes,yes,object,container,yes,,,,,Structural: see the fields beneath.,A digital Product Passport (DPP) credential.
3 data,04-olmo-mix-1124-passport,DPP,$.type,yes,no,array<string>,issuer-controlled,yes,,issuer-controlled,ODS,,,
3 data,04-olmo-mix-1124-passport,DPP,$.@context,yes,yes,array<string>,issuer-controlled,yes,,issuer-controlled,ODS,,Third entry is the proposed AI compute and models extension context (fictional URL; local copy in extension/).,A list of JSON-LD context URIs that define the semantic meaning of properties within the credential. 
3 data,04-olmo-mix-1124-passport,DPP,$.id,yes,yes,string,issuer-controlled,yes,https://example.org/untp-ai/credentials/olmo-mix-1124-passport,issuer-controlled,ODS,,,A unique identifier (URI) assigned to this verifiable credential.
3 data,04-olmo-mix-1124-passport,DPP,$.issuer,yes,yes,object,issuer-controlled,yes,,issuer-controlled,ODS,,Fictional issuer. The DID does not resolve and nothing is signed.,"The organisation that is the issuer of this VC. Note that the ""id"" property MUST be a W3C DID.  Other identifiers such as tax registration numbers can be lis..."
3 data,04-olmo-mix-1124-passport,DPP,$.issuer.type,yes,no,array<string>,issuer-controlled,yes,,issuer-controlled,ODS,,Fictional issuer. The DID does not resolve and nothing is signed. (inherited from parent field),
3 data,04-olmo-mix-1124-passport,DPP,$.issuer.id,yes,yes,string,issuer-controlled,yes,did:web:example.org,issuer-controlled,ODS,,Fictional issuer. The DID does not resolve and nothing is signed. (inherited from parent field),The W3C DID of the issuer - should be a did:web or did:webvh
3 data,04-olmo-mix-1124-passport,DPP,$.issuer.name,yes,yes,string,issuer-controlled,yes,Example reconstruction issuer (fictional; ODS AI Supply Chains prototype),issuer-controlled,ODS,,Fictional issuer. The DID does not resolve and nothing is signed. (inherited from parent field),The name of the issuer person or organisation
3 data,04-olmo-mix-1124-passport,DPP,$.issuer.issuerAlsoKnownAs[],yes,no,object,not published,no,,,,,Not applicable to this item or not used by this reconstruction.,An optional list of other registered identifiers for this credential issuer 
3 data,04-olmo-mix-1124-passport,DPP,$.issuer.issuerAlsoKnownAs[].type,yes,no,array<string>,not published,no,,,,,Not applicable to this item or not used by this reconstruction.,
3 data,04-olmo-mix-1124-passport,DPP,$.issuer.issuerAlsoKnownAs[].id,yes,yes,string,not published,no,,,,,Not applicable to this item or not used by this reconstruction.,Globally unique identifier of this party. Typically represented as a URI identifierScheme/Identifier URI
3 data,04-olmo-mix-1124-passport,DPP,$.issuer.issuerAlsoKnownAs[].name,yes,yes,string,not published,no,,,,,Not applicable to this item or not used by this reconstruction.,Legal registered name of this party.
3 data,04-olmo-mix-1124-passport,DPP,$.issuer.issuerAlsoKnownAs[].registeredId,yes,no,string,not published,no,,,,,Not applicable to this item or not used by this reconstruction.,The registration number (alphanumeric) of the Party within the register. Unique within the register.
3 data,04-olmo-mix-1124-passport,DPP,$.validFrom,yes,yes,string,issuer-controlled,yes,2026-09-30T00:00:00Z,issuer-controlled,ODS,,,The date and time from which the credential is valid.
3 data,04-olmo-mix-1124-passport,DPP,$.validUntil,yes,no,string,not published,no,,,,,Not applicable to this item or not used by this reconstruction.,The expiry date (if applicable) of this verifiable credential.
3 data,04-olmo-mix-1124-passport,DPP,$.name,yes,yes,string,issuer-controlled,yes,Digital Product Passport: olmo-mix-1124 (OLMo 2 pretraining data),issuer-controlled,ODS,,,"Name of this verifiable credential instance (eg the title of a digital product passport, facility record, lifecycle event, or conformity credential)"
3 data,04-olmo-mix-1124-passport,DPP,$.credentialStatus,yes,no,object,not published,no,,,,,Not applicable to this item or not used by this reconstruction.,A W3C VCDM2.0 compliant object containing credential status information.
3 data,04-olmo-mix-1124-passport,DPP,$.credentialStatus.type,yes,yes,string enum['BitstringStatusListEntry'],not published,no,,,,,Not applicable to this item or not used by this reconstruction.,"The type of status list - must be set to ""The type property MUST be BitstringStatusListEntry."""
3 data,04-olmo-mix-1124-passport,DPP,$.credentialStatus.id,yes,no,string,not published,no,,,,,Not applicable to this item or not used by this reconstruction.,optional identifier of this status list entry.
3 data,04-olmo-mix-1124-passport,DPP,$.credentialStatus.statusPurpose,yes,yes,"string enum['refresh', 'revocation', 'suspension', 'message']",not published,no,,,,,Not applicable to this item or not used by this reconstruction.,Status purpose drawn from a standard list but extensible as per w3c bitstring status list specification.
3 data,04-olmo-mix-1124-passport,DPP,$.credentialStatus.statusListIndex,yes,yes,integer,not published,no,,,,,Not applicable to this item or not used by this reconstruction.,"	The statusListIndex property MUST be an arbitrary size integer greater than or equal to 0, expressed as a string in base 10. The value identifies the positi..."
3 data,04-olmo-mix-1124-passport,DPP,$.credentialStatus.statusListCredential,yes,yes,string,not published,no,,,,,Not applicable to this item or not used by this reconstruction.,"The statusListCredential property MUST be a URL to a verifiable credential. When the URL is dereferenced, the resulting verifiable credential MUST have type ..."
3 data,04-olmo-mix-1124-passport,DPP,$.renderMethod[],yes,no,object,not published,no,,,,,Not applicable to this item or not used by this reconstruction.,Human rendering information for this credential. An array of render methods (eg RenderTemplate2024) that may be used to display the credential.
3 data,04-olmo-mix-1124-passport,DPP,$.renderMethod[].type,yes,no,array<string>,not published,no,,,,,Not applicable to this item or not used by this reconstruction.,
3 data,04-olmo-mix-1124-passport,DPP,$.renderMethod[].name,yes,no,string,not published,no,,,,,Not applicable to this item or not used by this reconstruction.,Human facing display name for selection
3 data,04-olmo-mix-1124-passport,DPP,$.renderMethod[].mediaQuery,yes,no,string,not published,no,,,,,Not applicable to this item or not used by this reconstruction.,Media query as defined in https://www.w3.org/TR/mediaqueries-4/
3 data,04-olmo-mix-1124-passport,DPP,$.renderMethod[].template,yes,no,string,not published,no,,,,,Not applicable to this item or not used by this reconstruction.,An inline template field for use cases where remote retrieval of a render method is suboptimal
3 data,04-olmo-mix-1124-passport,DPP,$.renderMethod[].url,yes,no,string,not published,no,,,,,Not applicable to this item or not used by this reconstruction.,URL for remotely hosted template
3 data,04-olmo-mix-1124-passport,DPP,$.renderMethod[].mediaType,yes,no,string,not published,no,,,,,Not applicable to this item or not used by this reconstruction.,media type of the rendered output (eg text/html)
3 data,04-olmo-mix-1124-passport,DPP,$.renderMethod[].digestMultibase,yes,no,string,not published,no,,,,,Not applicable to this item or not used by this reconstruction.,Used for resource integrity and/or validation of the inline `template`
3 data,04-olmo-mix-1124-passport,DPP,$.credentialSubject,yes,yes,object,container,yes,,,,,Structural: see the fields beneath.,The product that is the subject of this digital product passport.
3 data,04-olmo-mix-1124-passport,DPP,$.credentialSubject.type,yes,no,array<string>,container,yes,,,,,Structural: see the fields beneath.,
3 data,04-olmo-mix-1124-passport,DPP,$.credentialSubject.id,yes,yes,string,published,yes,https://huggingface.co/datasets/allenai/olmo-mix-1124/tree/99ee6aaace88779d1ef099d36251b91101c1679b,ODS-assigned,HF-OLMOMIX,,Hub URL at the commit; ODS identifier rule.,"Globally unique identifier of this product. Typically represented as a URI identifierScheme/Identifier URI or, if self-issued, as a did."
3 data,04-olmo-mix-1124-passport,DPP,$.credentialSubject.name,yes,yes,string,published,yes,OLMo 2 (November 2024) pretraining set: olmo-mix-1124,stated,HF-OLMOMIX,dataset card title,,The product name as known to the market.
3 data,04-olmo-mix-1124-passport,DPP,$.credentialSubject.description,yes,no,string,published,yes,Collection of data used to train OLMo-2-1124 models (stage 1 pretraining). Mostly DCLM-Baseline with no additional filtering.,stated,HF-OLMOMIX,dataset card,,Description of the product.
3 data,04-olmo-mix-1124-passport,DPP,$.credentialSubject.idScheme,yes,yes,object,needs extension vocabulary,yes,,ODS-assigned,HF-MODEL,,No registered identifier scheme exists for models or datasets.,"The identifier scheme for this product.  Eg a GS1 GTIN or an AU Livestock NLIS, or similar. If self issued then use the party ID of the issuer.  "
3 data,04-olmo-mix-1124-passport,DPP,$.credentialSubject.idScheme.type,yes,no,array<string>,needs extension vocabulary,yes,,ODS-assigned,HF-MODEL,,No registered identifier scheme exists for models or datasets. (inherited from parent field),
3 data,04-olmo-mix-1124-passport,DPP,$.credentialSubject.idScheme.id,yes,yes,string,needs extension vocabulary,yes,https://huggingface.co,ODS-assigned,HF-MODEL,,No registered identifier scheme exists for models or datasets. (inherited from parent field),The URI of this identifier scheme
3 data,04-olmo-mix-1124-passport,DPP,$.credentialSubject.idScheme.name,yes,yes,string,needs extension vocabulary,yes,Hugging Face Hub repository at a commit (proposed AI identifier rule: repo + commit + file hash),ODS-assigned,HF-MODEL,,No registered identifier scheme exists for models or datasets. (inherited from parent field),The name of the identifier scheme. 
3 data,04-olmo-mix-1124-passport,DPP,$.credentialSubject.modelNumber,yes,no,string,published,yes,allenai/olmo-mix-1124,stated,HF-OLMOMIX,,Repository ID used as model number.,"Where available, the model number (for manufactured products) or material identification (for bulk materials)"
3 data,04-olmo-mix-1124-passport,DPP,$.credentialSubject.batchNumber,yes,no,string,published,yes,99ee6aaace88779d1ef099d36251b91101c1679b,stated,HF-OLMOMIX,API field 'sha',"Commit at access date. The repo was last modified 2025-08-19, after OLMo 2 release; the revision actually used for training is not published.",Identifier of the specific production batch of the product.  Unique within the product class.
3 data,04-olmo-mix-1124-passport,DPP,$.credentialSubject.itemNumber,yes,no,string,not published,no,,,,,Not applicable to this item or not used by this reconstruction.,A number or code representing a specific serialised item of the product. Unique within product class.
3 data,04-olmo-mix-1124-passport,DPP,$.credentialSubject.idGranularity,yes,yes,"string enum['model', 'batch', 'item']",needs extension vocabulary,yes,batch,ODS-assigned,ODS,,"A repository commit fixes the exact bytes, so it is treated as a batch. Digital copies are identical, so model/batch/item granularity does not map cleanly.","The identification granularity for this product (item, batch, model)"
3 data,04-olmo-mix-1124-passport,DPP,$.credentialSubject.productImage,yes,no,object,not published,no,,,,,Not applicable to this item or not used by this reconstruction.,"Reference information (location, type, name) of an image of the product."
3 data,04-olmo-mix-1124-passport,DPP,$.credentialSubject.productImage.linkURL,yes,yes,string,not published,no,,,,,Not applicable to this item or not used by this reconstruction.,The URL of the target resource.  
3 data,04-olmo-mix-1124-passport,DPP,$.credentialSubject.productImage.linkName,yes,yes,string,not published,no,,,,,Not applicable to this item or not used by this reconstruction.,Display name for this link.
3 data,04-olmo-mix-1124-passport,DPP,$.credentialSubject.productImage.digestMultibase,yes,no,string,not published,no,,,,,Not applicable to this item or not used by this reconstruction.,An optional multi-base encoded digest to ensure the content of the link has not changed. See https://www.w3.org/TR/vc-data-integrity/#resource-integrity for ...
3 data,04-olmo-mix-1124-passport,DPP,$.credentialSubject.productImage.mediaType,yes,no,string,not published,no,,,,,Not applicable to this item or not used by this reconstruction.,The media type of the target resource.
3 data,04-olmo-mix-1124-passport,DPP,$.credentialSubject.productImage.linkType,yes,no,string,not published,no,,,,,Not applicable to this item or not used by this reconstruction.,The type of the target resource - drawn from a controlled vocabulary 
3 data,04-olmo-mix-1124-passport,DPP,$.credentialSubject.characteristics,yes,no,object,container,yes,,,,,Structural: see the fields beneath.,A set of industry specific product information. 
3 data,04-olmo-mix-1124-passport,DPP,$.credentialSubject.productCategory[],yes,yes,object,needs extension vocabulary,yes,,ODS-assigned,CPC21; ODS,,Nearest CPC v2.1 subclass; CPC has no class for trained models or training datasets.,"A code representing the product's class, typically using the UN CPC (United Nations Central Product Classification) https://unstats.un.org/unsd/classificatio..."
3 data,04-olmo-mix-1124-passport,DPP,$.credentialSubject.productCategory[].code,yes,yes,string,needs extension vocabulary,yes,84399 | training-dataset,ODS-assigned,CPC21; ODS,,Nearest CPC v2.1 subclass; CPC has no class for trained models or training datasets. (inherited from parent field),classification code within the scheme
3 data,04-olmo-mix-1124-passport,DPP,$.credentialSubject.productCategory[].name,yes,yes,string,needs extension vocabulary,yes,Other on-line content n.e.c. | Training dataset,ODS-assigned,CPC21; ODS,,Nearest CPC v2.1 subclass; CPC has no class for trained models or training datasets. (inherited from parent field),Name of the classification represented by the code
3 data,04-olmo-mix-1124-passport,DPP,$.credentialSubject.productCategory[].definition,yes,no,string,not published,yes,,,,,,A rich definition of this classification code.
3 data,04-olmo-mix-1124-passport,DPP,$.credentialSubject.productCategory[].schemeId,yes,yes,string,needs extension vocabulary,yes,https://unstats.un.org/unsd/classifications/Econ/cpc/ | https://example.org/untp-ai/0.1/productClass,ODS-assigned,CPC21; ODS,,Nearest CPC v2.1 subclass; CPC has no class for trained models or training datasets. (inherited from parent field),Classification scheme ID
3 data,04-olmo-mix-1124-passport,DPP,$.credentialSubject.productCategory[].schemeName,yes,yes,string,needs extension vocabulary,yes,UN CPC v2.1 | AI compute and models product classes (proposed),ODS-assigned,CPC21; ODS,,Nearest CPC v2.1 subclass; CPC has no class for trained models or training datasets. (inherited from parent field),The name of the classification scheme
3 data,04-olmo-mix-1124-passport,DPP,$.credentialSubject.relatedDocument[],yes,no,object,published,yes,,stated,HF-OLMOMIX; OLMO2,,,A list of links to documents providing additional product information. Documents that support a conformity claim (e.g. permits or certificates) SHOULD be ref...
3 data,04-olmo-mix-1124-passport,DPP,$.credentialSubject.relatedDocument[].linkURL,yes,yes,string,published,yes,https://huggingface.co/datasets/allenai/olmo-mix-1124 | https://arxiv.org/abs/2501.00656v3,stated,HF-OLMOMIX; OLMO2,,(inherited from parent field),The URL of the target resource.  
3 data,04-olmo-mix-1124-passport,DPP,$.credentialSubject.relatedDocument[].linkName,yes,yes,string,published,yes,Hugging Face dataset card | OLMo 2 technical report (arXiv:2501.00656v3),stated,HF-OLMOMIX; OLMO2,,(inherited from parent field),Display name for this link.
3 data,04-olmo-mix-1124-passport,DPP,$.credentialSubject.relatedDocument[].digestMultibase,yes,no,string,not published,yes,,,,,,An optional multi-base encoded digest to ensure the content of the link has not changed. See https://www.w3.org/TR/vc-data-integrity/#resource-integrity for ...
3 data,04-olmo-mix-1124-passport,DPP,$.credentialSubject.relatedDocument[].mediaType,yes,no,string,published,yes,text/html,stated,HF-OLMOMIX; OLMO2,,(inherited from parent field),The media type of the target resource.
3 data,04-olmo-mix-1124-passport,DPP,$.credentialSubject.relatedDocument[].linkType,yes,no,string,not published,yes,,,,,,The type of the target resource - drawn from a controlled vocabulary 
3 data,04-olmo-mix-1124-passport,DPP,$.credentialSubject.relatedParty[],yes,no,object,published,yes,,stated,HF-OLMOMIX,repo owner 'allenai',,A list of parties with a defined relationship to this product
3 data,04-olmo-mix-1124-passport,DPP,$.credentialSubject.relatedParty[].role,yes,yes,"string enum['owner', 'producer', 'manufacturer', 'processor', 'remanufacturer', 'recycler', 'operator', 'serviceProvider', 'inspector', 'certifier', 'logisticsProvider', 'carrier', 'consignor', 'consignee', 'importer', 'exporter', 'distributor', 'retailer', 'brandOwner', 'regulator']",published,yes,producer,stated,HF-OLMOMIX,repo owner 'allenai',(inherited from parent field),The role played by the party in this relationship
3 data,04-olmo-mix-1124-passport,DPP,$.credentialSubject.relatedParty[].party,yes,yes,object,published,yes,,stated,HF-OLMOMIX,repo owner 'allenai',(inherited from parent field),The party that has the specified role.
3 data,04-olmo-mix-1124-passport,DPP,$.credentialSubject.relatedParty[].party.type,yes,no,array<string>,published,yes,,stated,HF-OLMOMIX,repo owner 'allenai',(inherited from parent field),
3 data,04-olmo-mix-1124-passport,DPP,$.credentialSubject.relatedParty[].party.id,yes,yes,string,published,yes,https://projects.propublica.org/nonprofits/organizations/824083177,stated,PROPUBLICA-AI2,,No LEI exists (GLEIF-NONE). EIN register URL used as the resolvable party identifier.,Globally unique identifier of this party. Typically represented as a URI identifierScheme/Identifier URI
3 data,04-olmo-mix-1124-passport,DPP,$.credentialSubject.relatedParty[].party.name,yes,yes,string,published,yes,The Allen Institute For Artificial Intelligence,stated,PROPUBLICA-AI2,,,Legal registered name of this party.
3 data,04-olmo-mix-1124-passport,DPP,$.credentialSubject.relatedParty[].party.description,yes,no,string,not published,yes,,,,,,Description of the party including function and other names.
3 data,04-olmo-mix-1124-passport,DPP,$.credentialSubject.relatedParty[].party.registeredId,yes,no,string,published,yes,82-4083177,stated,PROPUBLICA-AI2,,"Wikidata Q16002567 gives 91-2155317, which is the Allen Institute (bioscience).",The registration number (alphanumeric) of the Party within the register. Unique within the register.
3 data,04-olmo-mix-1124-passport,DPP,$.credentialSubject.relatedParty[].party.idScheme,yes,no,object,not published,yes,,,,,,The identifier scheme of the party.  Typically a national business register or a global scheme such as GLEIF. 
3 data,04-olmo-mix-1124-passport,DPP,$.credentialSubject.relatedParty[].party.idScheme.type,yes,no,array<string>,not published,yes,,,,,,
3 data,04-olmo-mix-1124-passport,DPP,$.credentialSubject.relatedParty[].party.idScheme.id,yes,yes,string,not published,yes,,,,,,The URI of this identifier scheme
3 data,04-olmo-mix-1124-passport,DPP,$.credentialSubject.relatedParty[].party.idScheme.name,yes,yes,string,not published,yes,,,,,,The name of the identifier scheme. 
3 data,04-olmo-mix-1124-passport,DPP,$.credentialSubject.relatedParty[].party.registrationCountry,yes,no,object,not published,yes,,,,,,the country in which this organisation is registered - using ISO-3166 code and name.
3 data,04-olmo-mix-1124-passport,DPP,$.credentialSubject.relatedParty[].party.registrationCountry.countryCode,yes,yes,string,not published,yes,,,,,,"ISO 3166 country code      This is an enumerated value, but the list of valid values are too big, or change too often to include here. You can access the lis..."
3 data,04-olmo-mix-1124-passport,DPP,$.credentialSubject.relatedParty[].party.registrationCountry.countryName,yes,no,string,not published,yes,,,,,,Country Name as defined in ISO 3166
3 data,04-olmo-mix-1124-passport,DPP,$.credentialSubject.relatedParty[].party.partyAddress,yes,no,object,not published,yes,,,,,,The address of the party
3 data,04-olmo-mix-1124-passport,DPP,$.credentialSubject.relatedParty[].party.partyAddress.streetAddress,yes,yes,string,not published,yes,,,,,,the street address as an unstructured string.
3 data,04-olmo-mix-1124-passport,DPP,$.credentialSubject.relatedParty[].party.partyAddress.postalCode,yes,yes,string,not published,yes,,,,,,The postal code or zip code for this address.
3 data,04-olmo-mix-1124-passport,DPP,$.credentialSubject.relatedParty[].party.partyAddress.addressLocality,yes,yes,string,not published,yes,,,,,,"The city, suburb or township name."
3 data,04-olmo-mix-1124-passport,DPP,$.credentialSubject.relatedParty[].party.partyAddress.addressRegion,yes,yes,string,not published,yes,,,,,,The state or territory or province
3 data,04-olmo-mix-1124-passport,DPP,$.credentialSubject.relatedParty[].party.partyAddress.addressCountry,yes,yes,object,not published,yes,,,,,,The address country as an ISO-3166 two letter country code and name.
3 data,04-olmo-mix-1124-passport,DPP,$.credentialSubject.relatedParty[].party.partyAddress.addressCountry.countryCode,yes,yes,string,not published,yes,,,,,,"ISO 3166 country code      This is an enumerated value, but the list of valid values are too big, or change too often to include here. You can access the lis..."
3 data,04-olmo-mix-1124-passport,DPP,$.credentialSubject.relatedParty[].party.partyAddress.addressCountry.countryName,yes,no,string,not published,yes,,,,,,Country Name as defined in ISO 3166
3 data,04-olmo-mix-1124-passport,DPP,$.credentialSubject.relatedParty[].party.organisationWebsite,yes,no,string,not published,yes,,,,,,Website for this organisation
3 data,04-olmo-mix-1124-passport,DPP,$.credentialSubject.relatedParty[].party.industryCategory[],yes,no,object,not published,yes,,,,,,The industry categories for this organisation.  Recommend use of UNCPC as the category scheme. for example - unstats.un.org/isic/1030
3 data,04-olmo-mix-1124-passport,DPP,$.credentialSubject.relatedParty[].party.industryCategory[].code,yes,yes,string,not published,yes,,,,,,classification code within the scheme
3 data,04-olmo-mix-1124-passport,DPP,$.credentialSubject.relatedParty[].party.industryCategory[].name,yes,yes,string,not published,yes,,,,,,Name of the classification represented by the code
3 data,04-olmo-mix-1124-passport,DPP,$.credentialSubject.relatedParty[].party.industryCategory[].definition,yes,no,string,not published,yes,,,,,,A rich definition of this classification code.
3 data,04-olmo-mix-1124-passport,DPP,$.credentialSubject.relatedParty[].party.industryCategory[].schemeId,yes,yes,string,not published,yes,,,,,,Classification scheme ID
3 data,04-olmo-mix-1124-passport,DPP,$.credentialSubject.relatedParty[].party.industryCategory[].schemeName,yes,yes,string,not published,yes,,,,,,The name of the classification scheme
3 data,04-olmo-mix-1124-passport,DPP,$.credentialSubject.relatedParty[].party.partyAlsoKnownAs[],yes,no,object,not published,yes,,,,,,"An optional list of other registered identifiers for this organisation. For example DUNS, GLN, LEI, etc"
3 data,04-olmo-mix-1124-passport,DPP,$.credentialSubject.relatedParty[].party.partyAlsoKnownAs[].type,yes,no,array<string>,not published,yes,,,,,,
3 data,04-olmo-mix-1124-passport,DPP,$.credentialSubject.relatedParty[].party.partyAlsoKnownAs[].id,yes,yes,string,not published,yes,,,,,,Globally unique identifier of this party. Typically represented as a URI identifierScheme/Identifier URI
3 data,04-olmo-mix-1124-passport,DPP,$.credentialSubject.relatedParty[].party.partyAlsoKnownAs[].name,yes,yes,string,not published,yes,,,,,,Legal registered name of this party.
3 data,04-olmo-mix-1124-passport,DPP,$.credentialSubject.relatedParty[].party.partyAlsoKnownAs[].registeredId,yes,no,string,not published,yes,,,,,,The registration number (alphanumeric) of the Party within the register. Unique within the register.
3 data,04-olmo-mix-1124-passport,DPP,$.credentialSubject.producedAtFacility,yes,yes,object,not published,yes,,placeholder,ODS,,Required field. Where the dataset was assembled is not published.,The Facility where the product batch was produced / manufactured.
3 data,04-olmo-mix-1124-passport,DPP,$.credentialSubject.producedAtFacility.type,yes,no,array<string>,not published,yes,,placeholder,ODS,,Required field. Where the dataset was assembled is not published. (inherited from parent field),
3 data,04-olmo-mix-1124-passport,DPP,$.credentialSubject.producedAtFacility.id,yes,yes,string,not published,yes,https://example.org/untp-ai/facility/not-published,placeholder,ODS,,Required field. Where the dataset was assembled is not published. (inherited from parent field),Globally unique identifier of this facility. Typically represented as a URI identifierScheme/Identifier URI
3 data,04-olmo-mix-1124-passport,DPP,$.credentialSubject.producedAtFacility.name,yes,yes,string,not published,yes,Not published,placeholder,ODS,,Required field. Where the dataset was assembled is not published. (inherited from parent field),Name of this facility as defined the location register.
3 data,04-olmo-mix-1124-passport,DPP,$.credentialSubject.producedAtFacility.registeredId,yes,no,string,not published,yes,,,,,,The registration number (alphanumeric) of the facility within the identifier scheme. Unique within the register.
3 data,04-olmo-mix-1124-passport,DPP,$.credentialSubject.productionDate,yes,no,string,not published,yes,,,,,,The ISO 8601 date on which the product batch or individual serialised item was manufactured.
3 data,04-olmo-mix-1124-passport,DPP,$.credentialSubject.expiryDate,yes,no,string,not published,no,,,,,Not applicable to this item or not used by this reconstruction.,The date at which this product is no longer fit for use. Typically used for a food product use-by date but may also represent the usable life of any product.
3 data,04-olmo-mix-1124-passport,DPP,$.credentialSubject.countryOfProduction,yes,yes,object,not published,yes,,placeholder,ODS,,"Required field. No public source states where this was produced. ZZ is the ISO 3166 user-assigned code, used here as an explicit placeholder.",The country in which this item was produced / manufactured.using ISO-3166 code and name.
3 data,04-olmo-mix-1124-passport,DPP,$.credentialSubject.countryOfProduction.countryCode,yes,yes,string,not published,yes,ZZ,placeholder,ODS,,"Required field. No public source states where this was produced. ZZ is the ISO 3166 user-assigned code, used here as an explicit placeholder. (inherited from parent field)","ISO 3166 country code      This is an enumerated value, but the list of valid values are too big, or change too often to include here. You can access the lis..."
3 data,04-olmo-mix-1124-passport,DPP,$.credentialSubject.countryOfProduction.countryName,yes,no,string,not published,yes,Not published,placeholder,ODS,,"Required field. No public source states where this was produced. ZZ is the ISO 3166 user-assigned code, used here as an explicit placeholder. (inherited from parent field)",Country Name as defined in ISO 3166
3 data,04-olmo-mix-1124-passport,DPP,$.credentialSubject.dimensions,yes,no,object,needs extension vocabulary,yes,,,,,No data-size dimension (bytes); see aic:byteSize / aic:totalArtefactSize.,The physical dimensions of the product. Not every dimension is relevant to every products.  For example bulk materials may have weight and volume but not len...
3 data,04-olmo-mix-1124-passport,DPP,$.credentialSubject.dimensions.weight,yes,no,object,needs extension vocabulary,yes,,,,,No data-size dimension (bytes); see aic:byteSize / aic:totalArtefactSize.,"the weight of the product. EG {""value"":10, ""unit"":""KGM""}"
3 data,04-olmo-mix-1124-passport,DPP,$.credentialSubject.dimensions.weight.value,yes,yes,number,needs extension vocabulary,yes,,,,,No data-size dimension (bytes); see aic:byteSize / aic:totalArtefactSize.,The numeric value of the measure
3 data,04-olmo-mix-1124-passport,DPP,$.credentialSubject.dimensions.weight.upperTolerance,yes,no,number,needs extension vocabulary,yes,,,,,No data-size dimension (bytes); see aic:byteSize / aic:totalArtefactSize.,"The upper tolerance associated with this measure expressed in the same units as the measure.  For example value=10, upperTolerance=0.1, unit=KGM would mean t..."
3 data,04-olmo-mix-1124-passport,DPP,$.credentialSubject.dimensions.weight.lowerTolerance,yes,no,number,needs extension vocabulary,yes,,,,,No data-size dimension (bytes); see aic:byteSize / aic:totalArtefactSize.,"The lower tolerance associated with this measure expressed in the same units as the measure.  For example value=10, lowerTolerance=0.1, unit=KGM would mean t..."
3 data,04-olmo-mix-1124-passport,DPP,$.credentialSubject.dimensions.weight.unit,yes,yes,string,needs extension vocabulary,yes,,,,,No data-size dimension (bytes); see aic:byteSize / aic:totalArtefactSize.,"Unit of measure drawn from the UNECE Rec20 measure code list.      This is an enumerated value, but the list of valid values are too big, or change too often..."
3 data,04-olmo-mix-1124-passport,DPP,$.credentialSubject.dimensions.length,yes,no,object,needs extension vocabulary,yes,,,,,No data-size dimension (bytes); see aic:byteSize / aic:totalArtefactSize.,"The length of the product or packaging eg {""value"":840, ""unit"":""MMT""}"
3 data,04-olmo-mix-1124-passport,DPP,$.credentialSubject.dimensions.length.value,yes,yes,number,needs extension vocabulary,yes,,,,,No data-size dimension (bytes); see aic:byteSize / aic:totalArtefactSize.,The numeric value of the measure
3 data,04-olmo-mix-1124-passport,DPP,$.credentialSubject.dimensions.length.upperTolerance,yes,no,number,needs extension vocabulary,yes,,,,,No data-size dimension (bytes); see aic:byteSize / aic:totalArtefactSize.,"The upper tolerance associated with this measure expressed in the same units as the measure.  For example value=10, upperTolerance=0.1, unit=KGM would mean t..."
3 data,04-olmo-mix-1124-passport,DPP,$.credentialSubject.dimensions.length.lowerTolerance,yes,no,number,needs extension vocabulary,yes,,,,,No data-size dimension (bytes); see aic:byteSize / aic:totalArtefactSize.,"The lower tolerance associated with this measure expressed in the same units as the measure.  For example value=10, lowerTolerance=0.1, unit=KGM would mean t..."
3 data,04-olmo-mix-1124-passport,DPP,$.credentialSubject.dimensions.length.unit,yes,yes,string,needs extension vocabulary,yes,,,,,No data-size dimension (bytes); see aic:byteSize / aic:totalArtefactSize.,"Unit of measure drawn from the UNECE Rec20 measure code list.      This is an enumerated value, but the list of valid values are too big, or change too often..."
3 data,04-olmo-mix-1124-passport,DPP,$.credentialSubject.dimensions.width,yes,no,object,needs extension vocabulary,yes,,,,,No data-size dimension (bytes); see aic:byteSize / aic:totalArtefactSize.,"The width of the product or packaging. eg {""value"":150, ""unit"":""MMT""}"
3 data,04-olmo-mix-1124-passport,DPP,$.credentialSubject.dimensions.width.value,yes,yes,number,needs extension vocabulary,yes,,,,,No data-size dimension (bytes); see aic:byteSize / aic:totalArtefactSize.,The numeric value of the measure
3 data,04-olmo-mix-1124-passport,DPP,$.credentialSubject.dimensions.width.upperTolerance,yes,no,number,needs extension vocabulary,yes,,,,,No data-size dimension (bytes); see aic:byteSize / aic:totalArtefactSize.,"The upper tolerance associated with this measure expressed in the same units as the measure.  For example value=10, upperTolerance=0.1, unit=KGM would mean t..."
3 data,04-olmo-mix-1124-passport,DPP,$.credentialSubject.dimensions.width.lowerTolerance,yes,no,number,needs extension vocabulary,yes,,,,,No data-size dimension (bytes); see aic:byteSize / aic:totalArtefactSize.,"The lower tolerance associated with this measure expressed in the same units as the measure.  For example value=10, lowerTolerance=0.1, unit=KGM would mean t..."
3 data,04-olmo-mix-1124-passport,DPP,$.credentialSubject.dimensions.width.unit,yes,yes,string,needs extension vocabulary,yes,,,,,No data-size dimension (bytes); see aic:byteSize / aic:totalArtefactSize.,"Unit of measure drawn from the UNECE Rec20 measure code list.      This is an enumerated value, but the list of valid values are too big, or change too often..."
3 data,04-olmo-mix-1124-passport,DPP,$.credentialSubject.dimensions.height,yes,no,object,needs extension vocabulary,yes,,,,,No data-size dimension (bytes); see aic:byteSize / aic:totalArtefactSize.,"The height of the product or packaging. eg {""value"":220, ""unit"":""MMT""}"
3 data,04-olmo-mix-1124-passport,DPP,$.credentialSubject.dimensions.height.value,yes,yes,number,needs extension vocabulary,yes,,,,,No data-size dimension (bytes); see aic:byteSize / aic:totalArtefactSize.,The numeric value of the measure
3 data,04-olmo-mix-1124-passport,DPP,$.credentialSubject.dimensions.height.upperTolerance,yes,no,number,needs extension vocabulary,yes,,,,,No data-size dimension (bytes); see aic:byteSize / aic:totalArtefactSize.,"The upper tolerance associated with this measure expressed in the same units as the measure.  For example value=10, upperTolerance=0.1, unit=KGM would mean t..."
3 data,04-olmo-mix-1124-passport,DPP,$.credentialSubject.dimensions.height.lowerTolerance,yes,no,number,needs extension vocabulary,yes,,,,,No data-size dimension (bytes); see aic:byteSize / aic:totalArtefactSize.,"The lower tolerance associated with this measure expressed in the same units as the measure.  For example value=10, lowerTolerance=0.1, unit=KGM would mean t..."
3 data,04-olmo-mix-1124-passport,DPP,$.credentialSubject.dimensions.height.unit,yes,yes,string,needs extension vocabulary,yes,,,,,No data-size dimension (bytes); see aic:byteSize / aic:totalArtefactSize.,"Unit of measure drawn from the UNECE Rec20 measure code list.      This is an enumerated value, but the list of valid values are too big, or change too often..."
3 data,04-olmo-mix-1124-passport,DPP,$.credentialSubject.dimensions.volume,yes,no,object,needs extension vocabulary,yes,,,,,No data-size dimension (bytes); see aic:byteSize / aic:totalArtefactSize.,"The displacement volume of the product. eg {""value"":7.5, ""unit"":""LTR""}"
3 data,04-olmo-mix-1124-passport,DPP,$.credentialSubject.dimensions.volume.value,yes,yes,number,needs extension vocabulary,yes,,,,,No data-size dimension (bytes); see aic:byteSize / aic:totalArtefactSize.,The numeric value of the measure
3 data,04-olmo-mix-1124-passport,DPP,$.credentialSubject.dimensions.volume.upperTolerance,yes,no,number,needs extension vocabulary,yes,,,,,No data-size dimension (bytes); see aic:byteSize / aic:totalArtefactSize.,"The upper tolerance associated with this measure expressed in the same units as the measure.  For example value=10, upperTolerance=0.1, unit=KGM would mean t..."
3 data,04-olmo-mix-1124-passport,DPP,$.credentialSubject.dimensions.volume.lowerTolerance,yes,no,number,needs extension vocabulary,yes,,,,,No data-size dimension (bytes); see aic:byteSize / aic:totalArtefactSize.,"The lower tolerance associated with this measure expressed in the same units as the measure.  For example value=10, lowerTolerance=0.1, unit=KGM would mean t..."
3 data,04-olmo-mix-1124-passport,DPP,$.credentialSubject.dimensions.volume.unit,yes,yes,string,needs extension vocabulary,yes,,,,,No data-size dimension (bytes); see aic:byteSize / aic:totalArtefactSize.,"Unit of measure drawn from the UNECE Rec20 measure code list.      This is an enumerated value, but the list of valid values are too big, or change too often..."
3 data,04-olmo-mix-1124-passport,DPP,$.credentialSubject.materialProvenance[],yes,no,object,needs extension vocabulary,yes,,,,,"Composition of datasets and models is by tokens or components, not mass fraction and origin country; for the H100 no mass fractions are published. See aic:composition / aic:components.",A list of materials provenance objects providing details on the origin and mass fraction of materials of the product or batch.
3 data,04-olmo-mix-1124-passport,DPP,$.credentialSubject.materialProvenance[].name,yes,yes,string,needs extension vocabulary,yes,,,,,"Composition of datasets and models is by tokens or components, not mass fraction and origin country; for the H100 no mass fractions are published. See aic:composition / aic:components.","Name of this material (eg ""Egyptian Cotton"")"
3 data,04-olmo-mix-1124-passport,DPP,$.credentialSubject.materialProvenance[].originCountry,yes,yes,object,needs extension vocabulary,yes,,,,,"Composition of datasets and models is by tokens or components, not mass fraction and origin country; for the H100 no mass fractions are published. See aic:composition / aic:components.",A ISO 3166-1 code representing the country of origin of the component or ingredient.
3 data,04-olmo-mix-1124-passport,DPP,$.credentialSubject.materialProvenance[].originCountry.countryCode,yes,yes,string,needs extension vocabulary,yes,,,,,"Composition of datasets and models is by tokens or components, not mass fraction and origin country; for the H100 no mass fractions are published. See aic:composition / aic:components.","ISO 3166 country code      This is an enumerated value, but the list of valid values are too big, or change too often to include here. You can access the lis..."
3 data,04-olmo-mix-1124-passport,DPP,$.credentialSubject.materialProvenance[].originCountry.countryName,yes,no,string,needs extension vocabulary,yes,,,,,"Composition of datasets and models is by tokens or components, not mass fraction and origin country; for the H100 no mass fractions are published. See aic:composition / aic:components.",Country Name as defined in ISO 3166
3 data,04-olmo-mix-1124-passport,DPP,$.credentialSubject.materialProvenance[].materialType,yes,yes,object,needs extension vocabulary,yes,,,,,"Composition of datasets and models is by tokens or components, not mass fraction and origin country; for the H100 no mass fractions are published. See aic:composition / aic:components.",The type of this material - as a value drawn from a controlled vocabulary eg from UN Framework Classification for Resources (UNFC).
3 data,04-olmo-mix-1124-passport,DPP,$.credentialSubject.materialProvenance[].materialType.code,yes,yes,string,needs extension vocabulary,yes,,,,,"Composition of datasets and models is by tokens or components, not mass fraction and origin country; for the H100 no mass fractions are published. See aic:composition / aic:components.",classification code within the scheme
3 data,04-olmo-mix-1124-passport,DPP,$.credentialSubject.materialProvenance[].materialType.name,yes,yes,string,needs extension vocabulary,yes,,,,,"Composition of datasets and models is by tokens or components, not mass fraction and origin country; for the H100 no mass fractions are published. See aic:composition / aic:components.",Name of the classification represented by the code
3 data,04-olmo-mix-1124-passport,DPP,$.credentialSubject.materialProvenance[].materialType.definition,yes,no,string,needs extension vocabulary,yes,,,,,"Composition of datasets and models is by tokens or components, not mass fraction and origin country; for the H100 no mass fractions are published. See aic:composition / aic:components.",A rich definition of this classification code.
3 data,04-olmo-mix-1124-passport,DPP,$.credentialSubject.materialProvenance[].materialType.schemeId,yes,yes,string,needs extension vocabulary,yes,,,,,"Composition of datasets and models is by tokens or components, not mass fraction and origin country; for the H100 no mass fractions are published. See aic:composition / aic:components.",Classification scheme ID
3 data,04-olmo-mix-1124-passport,DPP,$.credentialSubject.materialProvenance[].materialType.schemeName,yes,yes,string,needs extension vocabulary,yes,,,,,"Composition of datasets and models is by tokens or components, not mass fraction and origin country; for the H100 no mass fractions are published. See aic:composition / aic:components.",The name of the classification scheme
3 data,04-olmo-mix-1124-passport,DPP,$.credentialSubject.materialProvenance[].massFraction,yes,yes,number,needs extension vocabulary,yes,,,,,"Composition of datasets and models is by tokens or components, not mass fraction and origin country; for the H100 no mass fractions are published. See aic:composition / aic:components.",The mass fraction as a decimal of the product (or facility reporting period)  represented by this material. 
3 data,04-olmo-mix-1124-passport,DPP,$.credentialSubject.materialProvenance[].mass,yes,no,object,needs extension vocabulary,yes,,,,,"Composition of datasets and models is by tokens or components, not mass fraction and origin country; for the H100 no mass fractions are published. See aic:composition / aic:components.",The mass of the material component.
3 data,04-olmo-mix-1124-passport,DPP,$.credentialSubject.materialProvenance[].mass.value,yes,yes,number,needs extension vocabulary,yes,,,,,"Composition of datasets and models is by tokens or components, not mass fraction and origin country; for the H100 no mass fractions are published. See aic:composition / aic:components.",The numeric value of the measure
3 data,04-olmo-mix-1124-passport,DPP,$.credentialSubject.materialProvenance[].mass.upperTolerance,yes,no,number,needs extension vocabulary,yes,,,,,"Composition of datasets and models is by tokens or components, not mass fraction and origin country; for the H100 no mass fractions are published. See aic:composition / aic:components.","The upper tolerance associated with this measure expressed in the same units as the measure.  For example value=10, upperTolerance=0.1, unit=KGM would mean t..."
3 data,04-olmo-mix-1124-passport,DPP,$.credentialSubject.materialProvenance[].mass.lowerTolerance,yes,no,number,needs extension vocabulary,yes,,,,,"Composition of datasets and models is by tokens or components, not mass fraction and origin country; for the H100 no mass fractions are published. See aic:composition / aic:components.","The lower tolerance associated with this measure expressed in the same units as the measure.  For example value=10, lowerTolerance=0.1, unit=KGM would mean t..."
3 data,04-olmo-mix-1124-passport,DPP,$.credentialSubject.materialProvenance[].mass.unit,yes,yes,string,needs extension vocabulary,yes,,,,,"Composition of datasets and models is by tokens or components, not mass fraction and origin country; for the H100 no mass fractions are published. See aic:composition / aic:components.","Unit of measure drawn from the UNECE Rec20 measure code list.      This is an enumerated value, but the list of valid values are too big, or change too often..."
3 data,04-olmo-mix-1124-passport,DPP,$.credentialSubject.materialProvenance[].recycledMassFraction,yes,no,number,needs extension vocabulary,yes,,,,,"Composition of datasets and models is by tokens or components, not mass fraction and origin country; for the H100 no mass fractions are published. See aic:composition / aic:components.",Mass fraction of this material that is recycled (eg 50% recycled Lithium)
3 data,04-olmo-mix-1124-passport,DPP,$.credentialSubject.materialProvenance[].hazardous,yes,no,boolean,needs extension vocabulary,yes,,,,,"Composition of datasets and models is by tokens or components, not mass fraction and origin country; for the H100 no mass fractions are published. See aic:composition / aic:components.",Indicates whether this material is hazardous. If true then the materialSafetyInformation property must be present
3 data,04-olmo-mix-1124-passport,DPP,$.credentialSubject.materialProvenance[].symbol,yes,no,object,needs extension vocabulary,yes,,,,,"Composition of datasets and models is by tokens or components, not mass fraction and origin country; for the H100 no mass fractions are published. See aic:composition / aic:components.",Based 64 encoded binary used to represent a visual symbol for a given material. 
3 data,04-olmo-mix-1124-passport,DPP,$.credentialSubject.materialProvenance[].symbol.name,yes,yes,string,needs extension vocabulary,yes,,,,,"Composition of datasets and models is by tokens or components, not mass fraction and origin country; for the H100 no mass fractions are published. See aic:composition / aic:components.",the display name for this image
3 data,04-olmo-mix-1124-passport,DPP,$.credentialSubject.materialProvenance[].symbol.description,yes,no,string,needs extension vocabulary,yes,,,,,"Composition of datasets and models is by tokens or components, not mass fraction and origin country; for the H100 no mass fractions are published. See aic:composition / aic:components.",The detailed description / supporting information for this image.
3 data,04-olmo-mix-1124-passport,DPP,$.credentialSubject.materialProvenance[].symbol.imageData,yes,yes,string,needs extension vocabulary,yes,,,,,"Composition of datasets and models is by tokens or components, not mass fraction and origin country; for the H100 no mass fractions are published. See aic:composition / aic:components.",The image data encoded as a base64 string.
3 data,04-olmo-mix-1124-passport,DPP,$.credentialSubject.materialProvenance[].symbol.mediaType,yes,yes,string,needs extension vocabulary,yes,,,,,"Composition of datasets and models is by tokens or components, not mass fraction and origin country; for the H100 no mass fractions are published. See aic:composition / aic:components.","The media type of this image (eg image/png)      This is an enumerated value, but the list of valid values are too big, or change too often to include here. ..."
3 data,04-olmo-mix-1124-passport,DPP,$.credentialSubject.materialProvenance[].materialSafetyInformation,yes,no,object,needs extension vocabulary,yes,,,,,"Composition of datasets and models is by tokens or components, not mass fraction and origin country; for the H100 no mass fractions are published. See aic:composition / aic:components.",Reference to further information about safe handling of this hazardous material (for example a link to a material safety data sheet)
3 data,04-olmo-mix-1124-passport,DPP,$.credentialSubject.materialProvenance[].materialSafetyInformation.linkURL,yes,yes,string,needs extension vocabulary,yes,,,,,"Composition of datasets and models is by tokens or components, not mass fraction and origin country; for the H100 no mass fractions are published. See aic:composition / aic:components.",The URL of the target resource.  
3 data,04-olmo-mix-1124-passport,DPP,$.credentialSubject.materialProvenance[].materialSafetyInformation.linkName,yes,yes,string,needs extension vocabulary,yes,,,,,"Composition of datasets and models is by tokens or components, not mass fraction and origin country; for the H100 no mass fractions are published. See aic:composition / aic:components.",Display name for this link.
3 data,04-olmo-mix-1124-passport,DPP,$.credentialSubject.materialProvenance[].materialSafetyInformation.digestMultibase,yes,no,string,needs extension vocabulary,yes,,,,,"Composition of datasets and models is by tokens or components, not mass fraction and origin country; for the H100 no mass fractions are published. See aic:composition / aic:components.",An optional multi-base encoded digest to ensure the content of the link has not changed. See https://www.w3.org/TR/vc-data-integrity/#resource-integrity for ...
3 data,04-olmo-mix-1124-passport,DPP,$.credentialSubject.materialProvenance[].materialSafetyInformation.mediaType,yes,no,string,needs extension vocabulary,yes,,,,,"Composition of datasets and models is by tokens or components, not mass fraction and origin country; for the H100 no mass fractions are published. See aic:composition / aic:components.",The media type of the target resource.
3 data,04-olmo-mix-1124-passport,DPP,$.credentialSubject.materialProvenance[].materialSafetyInformation.linkType,yes,no,string,needs extension vocabulary,yes,,,,,"Composition of datasets and models is by tokens or components, not mass fraction and origin country; for the H100 no mass fractions are published. See aic:composition / aic:components.",The type of the target resource - drawn from a controlled vocabulary 
3 data,04-olmo-mix-1124-passport,DPP,$.credentialSubject.packaging,yes,no,object,not published,no,,,,,Not applicable to this item or not used by this reconstruction.,The packaging for this product.
3 data,04-olmo-mix-1124-passport,DPP,$.credentialSubject.packaging.description,yes,yes,string,not published,no,,,,,Not applicable to this item or not used by this reconstruction.,Description of the packaging.
3 data,04-olmo-mix-1124-passport,DPP,$.credentialSubject.packaging.dimensions,yes,yes,object,not published,no,,,,,Not applicable to this item or not used by this reconstruction.,dimensions of the packaging
3 data,04-olmo-mix-1124-passport,DPP,$.credentialSubject.packaging.dimensions.weight,yes,no,object,not published,no,,,,,Not applicable to this item or not used by this reconstruction.,"the weight of the product. EG {""value"":10, ""unit"":""KGM""}"
3 data,04-olmo-mix-1124-passport,DPP,$.credentialSubject.packaging.dimensions.weight.value,yes,yes,number,not published,no,,,,,Not applicable to this item or not used by this reconstruction.,The numeric value of the measure
3 data,04-olmo-mix-1124-passport,DPP,$.credentialSubject.packaging.dimensions.weight.upperTolerance,yes,no,number,not published,no,,,,,Not applicable to this item or not used by this reconstruction.,"The upper tolerance associated with this measure expressed in the same units as the measure.  For example value=10, upperTolerance=0.1, unit=KGM would mean t..."
3 data,04-olmo-mix-1124-passport,DPP,$.credentialSubject.packaging.dimensions.weight.lowerTolerance,yes,no,number,not published,no,,,,,Not applicable to this item or not used by this reconstruction.,"The lower tolerance associated with this measure expressed in the same units as the measure.  For example value=10, lowerTolerance=0.1, unit=KGM would mean t..."
3 data,04-olmo-mix-1124-passport,DPP,$.credentialSubject.packaging.dimensions.weight.unit,yes,yes,string,not published,no,,,,,Not applicable to this item or not used by this reconstruction.,"Unit of measure drawn from the UNECE Rec20 measure code list.      This is an enumerated value, but the list of valid values are too big, or change too often..."
3 data,04-olmo-mix-1124-passport,DPP,$.credentialSubject.packaging.dimensions.length,yes,no,object,not published,no,,,,,Not applicable to this item or not used by this reconstruction.,"The length of the product or packaging eg {""value"":840, ""unit"":""MMT""}"
3 data,04-olmo-mix-1124-passport,DPP,$.credentialSubject.packaging.dimensions.length.value,yes,yes,number,not published,no,,,,,Not applicable to this item or not used by this reconstruction.,The numeric value of the measure
3 data,04-olmo-mix-1124-passport,DPP,$.credentialSubject.packaging.dimensions.length.upperTolerance,yes,no,number,not published,no,,,,,Not applicable to this item or not used by this reconstruction.,"The upper tolerance associated with this measure expressed in the same units as the measure.  For example value=10, upperTolerance=0.1, unit=KGM would mean t..."
3 data,04-olmo-mix-1124-passport,DPP,$.credentialSubject.packaging.dimensions.length.lowerTolerance,yes,no,number,not published,no,,,,,Not applicable to this item or not used by this reconstruction.,"The lower tolerance associated with this measure expressed in the same units as the measure.  For example value=10, lowerTolerance=0.1, unit=KGM would mean t..."
3 data,04-olmo-mix-1124-passport,DPP,$.credentialSubject.packaging.dimensions.length.unit,yes,yes,string,not published,no,,,,,Not applicable to this item or not used by this reconstruction.,"Unit of measure drawn from the UNECE Rec20 measure code list.      This is an enumerated value, but the list of valid values are too big, or change too often..."
3 data,04-olmo-mix-1124-passport,DPP,$.credentialSubject.packaging.dimensions.width,yes,no,object,not published,no,,,,,Not applicable to this item or not used by this reconstruction.,"The width of the product or packaging. eg {""value"":150, ""unit"":""MMT""}"
3 data,04-olmo-mix-1124-passport,DPP,$.credentialSubject.packaging.dimensions.width.value,yes,yes,number,not published,no,,,,,Not applicable to this item or not used by this reconstruction.,The numeric value of the measure
3 data,04-olmo-mix-1124-passport,DPP,$.credentialSubject.packaging.dimensions.width.upperTolerance,yes,no,number,not published,no,,,,,Not applicable to this item or not used by this reconstruction.,"The upper tolerance associated with this measure expressed in the same units as the measure.  For example value=10, upperTolerance=0.1, unit=KGM would mean t..."
3 data,04-olmo-mix-1124-passport,DPP,$.credentialSubject.packaging.dimensions.width.lowerTolerance,yes,no,number,not published,no,,,,,Not applicable to this item or not used by this reconstruction.,"The lower tolerance associated with this measure expressed in the same units as the measure.  For example value=10, lowerTolerance=0.1, unit=KGM would mean t..."
3 data,04-olmo-mix-1124-passport,DPP,$.credentialSubject.packaging.dimensions.width.unit,yes,yes,string,not published,no,,,,,Not applicable to this item or not used by this reconstruction.,"Unit of measure drawn from the UNECE Rec20 measure code list.      This is an enumerated value, but the list of valid values are too big, or change too often..."
3 data,04-olmo-mix-1124-passport,DPP,$.credentialSubject.packaging.dimensions.height,yes,no,object,not published,no,,,,,Not applicable to this item or not used by this reconstruction.,"The height of the product or packaging. eg {""value"":220, ""unit"":""MMT""}"
3 data,04-olmo-mix-1124-passport,DPP,$.credentialSubject.packaging.dimensions.height.value,yes,yes,number,not published,no,,,,,Not applicable to this item or not used by this reconstruction.,The numeric value of the measure
3 data,04-olmo-mix-1124-passport,DPP,$.credentialSubject.packaging.dimensions.height.upperTolerance,yes,no,number,not published,no,,,,,Not applicable to this item or not used by this reconstruction.,"The upper tolerance associated with this measure expressed in the same units as the measure.  For example value=10, upperTolerance=0.1, unit=KGM would mean t..."
3 data,04-olmo-mix-1124-passport,DPP,$.credentialSubject.packaging.dimensions.height.lowerTolerance,yes,no,number,not published,no,,,,,Not applicable to this item or not used by this reconstruction.,"The lower tolerance associated with this measure expressed in the same units as the measure.  For example value=10, lowerTolerance=0.1, unit=KGM would mean t..."
3 data,04-olmo-mix-1124-passport,DPP,$.credentialSubject.packaging.dimensions.height.unit,yes,yes,string,not published,no,,,,,Not applicable to this item or not used by this reconstruction.,"Unit of measure drawn from the UNECE Rec20 measure code list.      This is an enumerated value, but the list of valid values are too big, or change too often..."
3 data,04-olmo-mix-1124-passport,DPP,$.credentialSubject.packaging.dimensions.volume,yes,no,object,not published,no,,,,,Not applicable to this item or not used by this reconstruction.,"The displacement volume of the product. eg {""value"":7.5, ""unit"":""LTR""}"
3 data,04-olmo-mix-1124-passport,DPP,$.credentialSubject.packaging.dimensions.volume.value,yes,yes,number,not published,no,,,,,Not applicable to this item or not used by this reconstruction.,The numeric value of the measure
3 data,04-olmo-mix-1124-passport,DPP,$.credentialSubject.packaging.dimensions.volume.upperTolerance,yes,no,number,not published,no,,,,,Not applicable to this item or not used by this reconstruction.,"The upper tolerance associated with this measure expressed in the same units as the measure.  For example value=10, upperTolerance=0.1, unit=KGM would mean t..."
3 data,04-olmo-mix-1124-passport,DPP,$.credentialSubject.packaging.dimensions.volume.lowerTolerance,yes,no,number,not published,no,,,,,Not applicable to this item or not used by this reconstruction.,"The lower tolerance associated with this measure expressed in the same units as the measure.  For example value=10, lowerTolerance=0.1, unit=KGM would mean t..."
3 data,04-olmo-mix-1124-passport,DPP,$.credentialSubject.packaging.dimensions.volume.unit,yes,yes,string,not published,no,,,,,Not applicable to this item or not used by this reconstruction.,"Unit of measure drawn from the UNECE Rec20 measure code list.      This is an enumerated value, but the list of valid values are too big, or change too often..."
3 data,04-olmo-mix-1124-passport,DPP,$.credentialSubject.packaging.materialUsed[],yes,yes,object,not published,no,,,,,Not applicable to this item or not used by this reconstruction.,materials used for the packaging.
3 data,04-olmo-mix-1124-passport,DPP,$.credentialSubject.packaging.materialUsed[].name,yes,yes,string,not published,no,,,,,Not applicable to this item or not used by this reconstruction.,"Name of this material (eg ""Egyptian Cotton"")"
3 data,04-olmo-mix-1124-passport,DPP,$.credentialSubject.packaging.materialUsed[].originCountry,yes,yes,object,not published,no,,,,,Not applicable to this item or not used by this reconstruction.,A ISO 3166-1 code representing the country of origin of the component or ingredient.
3 data,04-olmo-mix-1124-passport,DPP,$.credentialSubject.packaging.materialUsed[].originCountry.countryCode,yes,yes,string,not published,no,,,,,Not applicable to this item or not used by this reconstruction.,"ISO 3166 country code      This is an enumerated value, but the list of valid values are too big, or change too often to include here. You can access the lis..."
3 data,04-olmo-mix-1124-passport,DPP,$.credentialSubject.packaging.materialUsed[].originCountry.countryName,yes,no,string,not published,no,,,,,Not applicable to this item or not used by this reconstruction.,Country Name as defined in ISO 3166
3 data,04-olmo-mix-1124-passport,DPP,$.credentialSubject.packaging.materialUsed[].materialType,yes,yes,object,not published,no,,,,,Not applicable to this item or not used by this reconstruction.,The type of this material - as a value drawn from a controlled vocabulary eg from UN Framework Classification for Resources (UNFC).
3 data,04-olmo-mix-1124-passport,DPP,$.credentialSubject.packaging.materialUsed[].materialType.code,yes,yes,string,not published,no,,,,,Not applicable to this item or not used by this reconstruction.,classification code within the scheme
3 data,04-olmo-mix-1124-passport,DPP,$.credentialSubject.packaging.materialUsed[].materialType.name,yes,yes,string,not published,no,,,,,Not applicable to this item or not used by this reconstruction.,Name of the classification represented by the code
3 data,04-olmo-mix-1124-passport,DPP,$.credentialSubject.packaging.materialUsed[].materialType.definition,yes,no,string,not published,no,,,,,Not applicable to this item or not used by this reconstruction.,A rich definition of this classification code.
3 data,04-olmo-mix-1124-passport,DPP,$.credentialSubject.packaging.materialUsed[].materialType.schemeId,yes,yes,string,not published,no,,,,,Not applicable to this item or not used by this reconstruction.,Classification scheme ID
3 data,04-olmo-mix-1124-passport,DPP,$.credentialSubject.packaging.materialUsed[].materialType.schemeName,yes,yes,string,not published,no,,,,,Not applicable to this item or not used by this reconstruction.,The name of the classification scheme
3 data,04-olmo-mix-1124-passport,DPP,$.credentialSubject.packaging.materialUsed[].massFraction,yes,yes,number,not published,no,,,,,Not applicable to this item or not used by this reconstruction.,The mass fraction as a decimal of the product (or facility reporting period)  represented by this material. 
3 data,04-olmo-mix-1124-passport,DPP,$.credentialSubject.packaging.materialUsed[].mass,yes,no,object,not published,no,,,,,Not applicable to this item or not used by this reconstruction.,The mass of the material component.
3 data,04-olmo-mix-1124-passport,DPP,$.credentialSubject.packaging.materialUsed[].mass.value,yes,yes,number,not published,no,,,,,Not applicable to this item or not used by this reconstruction.,The numeric value of the measure
3 data,04-olmo-mix-1124-passport,DPP,$.credentialSubject.packaging.materialUsed[].mass.upperTolerance,yes,no,number,not published,no,,,,,Not applicable to this item or not used by this reconstruction.,"The upper tolerance associated with this measure expressed in the same units as the measure.  For example value=10, upperTolerance=0.1, unit=KGM would mean t..."
3 data,04-olmo-mix-1124-passport,DPP,$.credentialSubject.packaging.materialUsed[].mass.lowerTolerance,yes,no,number,not published,no,,,,,Not applicable to this item or not used by this reconstruction.,"The lower tolerance associated with this measure expressed in the same units as the measure.  For example value=10, lowerTolerance=0.1, unit=KGM would mean t..."
3 data,04-olmo-mix-1124-passport,DPP,$.credentialSubject.packaging.materialUsed[].mass.unit,yes,yes,string,not published,no,,,,,Not applicable to this item or not used by this reconstruction.,"Unit of measure drawn from the UNECE Rec20 measure code list.      This is an enumerated value, but the list of valid values are too big, or change too often..."
3 data,04-olmo-mix-1124-passport,DPP,$.credentialSubject.packaging.materialUsed[].recycledMassFraction,yes,no,number,not published,no,,,,,Not applicable to this item or not used by this reconstruction.,Mass fraction of this material that is recycled (eg 50% recycled Lithium)
3 data,04-olmo-mix-1124-passport,DPP,$.credentialSubject.packaging.materialUsed[].hazardous,yes,no,boolean,not published,no,,,,,Not applicable to this item or not used by this reconstruction.,Indicates whether this material is hazardous. If true then the materialSafetyInformation property must be present
3 data,04-olmo-mix-1124-passport,DPP,$.credentialSubject.packaging.materialUsed[].symbol,yes,no,object,not published,no,,,,,Not applicable to this item or not used by this reconstruction.,Based 64 encoded binary used to represent a visual symbol for a given material. 
3 data,04-olmo-mix-1124-passport,DPP,$.credentialSubject.packaging.materialUsed[].symbol.name,yes,yes,string,not published,no,,,,,Not applicable to this item or not used by this reconstruction.,the display name for this image
3 data,04-olmo-mix-1124-passport,DPP,$.credentialSubject.packaging.materialUsed[].symbol.description,yes,no,string,not published,no,,,,,Not applicable to this item or not used by this reconstruction.,The detailed description / supporting information for this image.
3 data,04-olmo-mix-1124-passport,DPP,$.credentialSubject.packaging.materialUsed[].symbol.imageData,yes,yes,string,not published,no,,,,,Not applicable to this item or not used by this reconstruction.,The image data encoded as a base64 string.
3 data,04-olmo-mix-1124-passport,DPP,$.credentialSubject.packaging.materialUsed[].symbol.mediaType,yes,yes,string,not published,no,,,,,Not applicable to this item or not used by this reconstruction.,"The media type of this image (eg image/png)      This is an enumerated value, but the list of valid values are too big, or change too often to include here. ..."
3 data,04-olmo-mix-1124-passport,DPP,$.credentialSubject.packaging.materialUsed[].materialSafetyInformation,yes,no,object,not published,no,,,,,Not applicable to this item or not used by this reconstruction.,Reference to further information about safe handling of this hazardous material (for example a link to a material safety data sheet)
3 data,04-olmo-mix-1124-passport,DPP,$.credentialSubject.packaging.materialUsed[].materialSafetyInformation.linkURL,yes,yes,string,not published,no,,,,,Not applicable to this item or not used by this reconstruction.,The URL of the target resource.  
3 data,04-olmo-mix-1124-passport,DPP,$.credentialSubject.packaging.materialUsed[].materialSafetyInformation.linkName,yes,yes,string,not published,no,,,,,Not applicable to this item or not used by this reconstruction.,Display name for this link.
3 data,04-olmo-mix-1124-passport,DPP,$.credentialSubject.packaging.materialUsed[].materialSafetyInformation.digestMultibase,yes,no,string,not published,no,,,,,Not applicable to this item or not used by this reconstruction.,An optional multi-base encoded digest to ensure the content of the link has not changed. See https://www.w3.org/TR/vc-data-integrity/#resource-integrity for ...
3 data,04-olmo-mix-1124-passport,DPP,$.credentialSubject.packaging.materialUsed[].materialSafetyInformation.mediaType,yes,no,string,not published,no,,,,,Not applicable to this item or not used by this reconstruction.,The media type of the target resource.
3 data,04-olmo-mix-1124-passport,DPP,$.credentialSubject.packaging.materialUsed[].materialSafetyInformation.linkType,yes,no,string,not published,no,,,,,Not applicable to this item or not used by this reconstruction.,The type of the target resource - drawn from a controlled vocabulary 
3 data,04-olmo-mix-1124-passport,DPP,$.credentialSubject.packaging.packageLabel[],yes,no,object,not published,no,,,,,Not applicable to this item or not used by this reconstruction.,An array of package labels that may appear on the packaging together with their meaning. Use for small images that represent certification marks or regulator...
3 data,04-olmo-mix-1124-passport,DPP,$.credentialSubject.packaging.packageLabel[].name,yes,yes,string,not published,no,,,,,Not applicable to this item or not used by this reconstruction.,the display name for this image
3 data,04-olmo-mix-1124-passport,DPP,$.credentialSubject.packaging.packageLabel[].description,yes,no,string,not published,no,,,,,Not applicable to this item or not used by this reconstruction.,The detailed description / supporting information for this image.
3 data,04-olmo-mix-1124-passport,DPP,$.credentialSubject.packaging.packageLabel[].imageData,yes,yes,string,not published,no,,,,,Not applicable to this item or not used by this reconstruction.,The image data encoded as a base64 string.
3 data,04-olmo-mix-1124-passport,DPP,$.credentialSubject.packaging.packageLabel[].mediaType,yes,yes,string,not published,no,,,,,Not applicable to this item or not used by this reconstruction.,"The media type of this image (eg image/png)      This is an enumerated value, but the list of valid values are too big, or change too often to include here. ..."
3 data,04-olmo-mix-1124-passport,DPP,$.credentialSubject.packaging.performanceClaim[],yes,no,object,not published,no,,,,,Not applicable to this item or not used by this reconstruction.,conformity claims made about the packaging.
3 data,04-olmo-mix-1124-passport,DPP,$.credentialSubject.packaging.performanceClaim[].type,yes,no,array<string>,not published,no,,,,,Not applicable to this item or not used by this reconstruction.,
3 data,04-olmo-mix-1124-passport,DPP,$.credentialSubject.packaging.performanceClaim[].id,yes,yes,string,not published,no,,,,,Not applicable to this item or not used by this reconstruction.,Globally unique identifier of this claim. Typically represented as a URI companyURL/claimID URI or a UUID
3 data,04-olmo-mix-1124-passport,DPP,$.credentialSubject.packaging.performanceClaim[].name,yes,yes,string,not published,no,,,,,Not applicable to this item or not used by this reconstruction.,Name of this claim - typically similar or the same as the referenced criterion name.
3 data,04-olmo-mix-1124-passport,DPP,$.credentialSubject.packaging.performanceClaim[].description,yes,no,string,not published,no,,,,,Not applicable to this item or not used by this reconstruction.,Description of this conformity claim
3 data,04-olmo-mix-1124-passport,DPP,$.credentialSubject.packaging.performanceClaim[].referenceCriteria[],yes,yes,object,not published,no,,,,,Not applicable to this item or not used by this reconstruction.,The criterion against which the claim is made.
3 data,04-olmo-mix-1124-passport,DPP,$.credentialSubject.packaging.performanceClaim[].referenceCriteria[].type,yes,no,array<string>,not published,no,,,,,Not applicable to this item or not used by this reconstruction.,
3 data,04-olmo-mix-1124-passport,DPP,$.credentialSubject.packaging.performanceClaim[].referenceCriteria[].id,yes,yes,string,not published,no,,,,,Not applicable to this item or not used by this reconstruction.,Globally unique identifier of this conformity criterion. Typically represented as a URI SchemeOwner/CriterionID URI
3 data,04-olmo-mix-1124-passport,DPP,$.credentialSubject.packaging.performanceClaim[].referenceCriteria[].name,yes,yes,string,not published,no,,,,,Not applicable to this item or not used by this reconstruction.,Name of this criterion as defined by the scheme owner.
3 data,04-olmo-mix-1124-passport,DPP,$.credentialSubject.packaging.performanceClaim[].referenceRegulation[],yes,no,object,not published,no,,,,,Not applicable to this item or not used by this reconstruction.,List of references to regulation to which conformity is claimed claimed for this product
3 data,04-olmo-mix-1124-passport,DPP,$.credentialSubject.packaging.performanceClaim[].referenceRegulation[].type,yes,no,array<string>,not published,no,,,,,Not applicable to this item or not used by this reconstruction.,
3 data,04-olmo-mix-1124-passport,DPP,$.credentialSubject.packaging.performanceClaim[].referenceRegulation[].id,yes,yes,string,not published,no,,,,,Not applicable to this item or not used by this reconstruction.,Globally unique identifier of this standard. Typically represented as a URI government/regulation URI
3 data,04-olmo-mix-1124-passport,DPP,$.credentialSubject.packaging.performanceClaim[].referenceRegulation[].name,yes,yes,string,not published,no,,,,,Not applicable to this item or not used by this reconstruction.,Name of this regulation as defined by the regulator.
3 data,04-olmo-mix-1124-passport,DPP,$.credentialSubject.packaging.performanceClaim[].referenceStandard[],yes,no,object,not published,no,,,,,Not applicable to this item or not used by this reconstruction.,List of references to standards to which conformity is claimed claimed for this product
3 data,04-olmo-mix-1124-passport,DPP,$.credentialSubject.packaging.performanceClaim[].referenceStandard[].type,yes,no,array<string>,not published,no,,,,,Not applicable to this item or not used by this reconstruction.,
3 data,04-olmo-mix-1124-passport,DPP,$.credentialSubject.packaging.performanceClaim[].referenceStandard[].id,yes,yes,string,not published,no,,,,,Not applicable to this item or not used by this reconstruction.,Globally unique identifier of this standard. Typically represented as a URI issuer/standard URI
3 data,04-olmo-mix-1124-passport,DPP,$.credentialSubject.packaging.performanceClaim[].referenceStandard[].name,yes,yes,string,not published,no,,,,,Not applicable to this item or not used by this reconstruction.,Name for this standard
3 data,04-olmo-mix-1124-passport,DPP,$.credentialSubject.packaging.performanceClaim[].claimDate,yes,yes,string,not published,no,,,,,Not applicable to this item or not used by this reconstruction.,That date on which the claimed performance is applicable.
3 data,04-olmo-mix-1124-passport,DPP,$.credentialSubject.packaging.performanceClaim[].applicablePeriod,yes,no,object,not published,no,,,,,Not applicable to this item or not used by this reconstruction.,The applicable reporting period for this facility record.
3 data,04-olmo-mix-1124-passport,DPP,$.credentialSubject.packaging.performanceClaim[].applicablePeriod.startDate,yes,yes,string,not published,no,,,,,Not applicable to this item or not used by this reconstruction.,The period start date
3 data,04-olmo-mix-1124-passport,DPP,$.credentialSubject.packaging.performanceClaim[].applicablePeriod.endDate,yes,yes,string,not published,no,,,,,Not applicable to this item or not used by this reconstruction.,The period end date
3 data,04-olmo-mix-1124-passport,DPP,$.credentialSubject.packaging.performanceClaim[].applicablePeriod.periodInformation,yes,no,string,not published,no,,,,,Not applicable to this item or not used by this reconstruction.,Additional information relevant to this reporting period
3 data,04-olmo-mix-1124-passport,DPP,$.credentialSubject.packaging.performanceClaim[].claimedPerformance[],yes,yes,object,not published,no,,,,,Not applicable to this item or not used by this reconstruction.,The claimed performance level 
3 data,04-olmo-mix-1124-passport,DPP,$.credentialSubject.packaging.performanceClaim[].claimedPerformance[].metric,yes,no,object,not published,no,,,,,Not applicable to this item or not used by this reconstruction.,The metric (eg material emissions intensity CO2e/Kg or percentage of young workers) that is measured.
3 data,04-olmo-mix-1124-passport,DPP,$.credentialSubject.packaging.performanceClaim[].claimedPerformance[].metric.type,yes,no,array<string>,not published,no,,,,,Not applicable to this item or not used by this reconstruction.,
3 data,04-olmo-mix-1124-passport,DPP,$.credentialSubject.packaging.performanceClaim[].claimedPerformance[].metric.id,yes,yes,string,not published,no,,,,,Not applicable to this item or not used by this reconstruction.,Globally unique identifier of this reporting metric. 
3 data,04-olmo-mix-1124-passport,DPP,$.credentialSubject.packaging.performanceClaim[].claimedPerformance[].metric.name,yes,yes,string,not published,no,,,,,Not applicable to this item or not used by this reconstruction.,"A human readable name for this metric (for example ""water usage per Kg of material"")"
3 data,04-olmo-mix-1124-passport,DPP,$.credentialSubject.packaging.performanceClaim[].claimedPerformance[].measure,yes,no,object,not published,no,,,,,Not applicable to this item or not used by this reconstruction.,The measured performance value
3 data,04-olmo-mix-1124-passport,DPP,$.credentialSubject.packaging.performanceClaim[].claimedPerformance[].measure.value,yes,yes,number,not published,no,,,,,Not applicable to this item or not used by this reconstruction.,The numeric value of the measure
3 data,04-olmo-mix-1124-passport,DPP,$.credentialSubject.packaging.performanceClaim[].claimedPerformance[].measure.upperTolerance,yes,no,number,not published,no,,,,,Not applicable to this item or not used by this reconstruction.,"The upper tolerance associated with this measure expressed in the same units as the measure.  For example value=10, upperTolerance=0.1, unit=KGM would mean t..."
3 data,04-olmo-mix-1124-passport,DPP,$.credentialSubject.packaging.performanceClaim[].claimedPerformance[].measure.lowerTolerance,yes,no,number,not published,no,,,,,Not applicable to this item or not used by this reconstruction.,"The lower tolerance associated with this measure expressed in the same units as the measure.  For example value=10, lowerTolerance=0.1, unit=KGM would mean t..."
3 data,04-olmo-mix-1124-passport,DPP,$.credentialSubject.packaging.performanceClaim[].claimedPerformance[].measure.unit,yes,yes,string,not published,no,,,,,Not applicable to this item or not used by this reconstruction.,"Unit of measure drawn from the UNECE Rec20 measure code list.      This is an enumerated value, but the list of valid values are too big, or change too often..."
3 data,04-olmo-mix-1124-passport,DPP,$.credentialSubject.packaging.performanceClaim[].claimedPerformance[].score,yes,no,object,not published,no,,,,,Not applicable to this item or not used by this reconstruction.,"A performance score (eg ""AA"") drawn from a scoring framework defined by the scheme or criterion."
3 data,04-olmo-mix-1124-passport,DPP,$.credentialSubject.packaging.performanceClaim[].claimedPerformance[].score.code,yes,yes,string,not published,no,,,,,Not applicable to this item or not used by this reconstruction.,"The coded value for this score (eg ""AAA"")"
3 data,04-olmo-mix-1124-passport,DPP,$.credentialSubject.packaging.performanceClaim[].claimedPerformance[].score.rank,yes,no,integer,not published,no,,,,,Not applicable to this item or not used by this reconstruction.,"The ranking of this score within the scoring framework - using an integer where ""1"" is the highest rank."
3 data,04-olmo-mix-1124-passport,DPP,$.credentialSubject.packaging.performanceClaim[].claimedPerformance[].score.definition,yes,no,string,not published,no,,,,,Not applicable to this item or not used by this reconstruction.,A description of the meaning of this score.
3 data,04-olmo-mix-1124-passport,DPP,$.credentialSubject.packaging.performanceClaim[].evidence[],yes,no,object,not published,no,,,,,Not applicable to this item or not used by this reconstruction.,A URI pointing to the evidence supporting the claim. SHOULD be a URL to a UNTP Digital Conformity Credential (DCC)
3 data,04-olmo-mix-1124-passport,DPP,$.credentialSubject.packaging.performanceClaim[].evidence[].linkURL,yes,yes,string,not published,no,,,,,Not applicable to this item or not used by this reconstruction.,The URL of the target resource.  
3 data,04-olmo-mix-1124-passport,DPP,$.credentialSubject.packaging.performanceClaim[].evidence[].linkName,yes,yes,string,not published,no,,,,,Not applicable to this item or not used by this reconstruction.,Display name for this link.
3 data,04-olmo-mix-1124-passport,DPP,$.credentialSubject.packaging.performanceClaim[].evidence[].digestMultibase,yes,no,string,not published,no,,,,,Not applicable to this item or not used by this reconstruction.,An optional multi-base encoded digest to ensure the content of the link has not changed. See https://www.w3.org/TR/vc-data-integrity/#resource-integrity for ...
3 data,04-olmo-mix-1124-passport,DPP,$.credentialSubject.packaging.performanceClaim[].evidence[].mediaType,yes,no,string,not published,no,,,,,Not applicable to this item or not used by this reconstruction.,The media type of the target resource.
3 data,04-olmo-mix-1124-passport,DPP,$.credentialSubject.packaging.performanceClaim[].evidence[].linkType,yes,no,string,not published,no,,,,,Not applicable to this item or not used by this reconstruction.,The type of the target resource - drawn from a controlled vocabulary 
3 data,04-olmo-mix-1124-passport,DPP,$.credentialSubject.packaging.performanceClaim[].conformityTopic[],yes,yes,object,not published,no,,,,,Not applicable to this item or not used by this reconstruction.,The conformity topic category for this assessment
3 data,04-olmo-mix-1124-passport,DPP,$.credentialSubject.packaging.performanceClaim[].conformityTopic[].type,yes,no,array<string>,not published,no,,,,,Not applicable to this item or not used by this reconstruction.,
3 data,04-olmo-mix-1124-passport,DPP,$.credentialSubject.packaging.performanceClaim[].conformityTopic[].id,yes,yes,string,not published,no,,,,,Not applicable to this item or not used by this reconstruction.,The unique identifier for this conformity topic
3 data,04-olmo-mix-1124-passport,DPP,$.credentialSubject.packaging.performanceClaim[].conformityTopic[].name,yes,yes,string,not published,no,,,,,Not applicable to this item or not used by this reconstruction.,The human readable name for this conformity topic.
3 data,04-olmo-mix-1124-passport,DPP,$.credentialSubject.packaging.performanceClaim[].conformityTopic[].definition,yes,no,string,not published,no,,,,,Not applicable to this item or not used by this reconstruction.,The rich definition of this conformity topic.
3 data,04-olmo-mix-1124-passport,DPP,$.credentialSubject.productLabel[],yes,no,object,not published,no,,,,,Not applicable to this item or not used by this reconstruction.,An array of labels that may appear on the product such as certification marks or regulatory labels.
3 data,04-olmo-mix-1124-passport,DPP,$.credentialSubject.productLabel[].name,yes,yes,string,not published,no,,,,,Not applicable to this item or not used by this reconstruction.,the display name for this image
3 data,04-olmo-mix-1124-passport,DPP,$.credentialSubject.productLabel[].description,yes,no,string,not published,no,,,,,Not applicable to this item or not used by this reconstruction.,The detailed description / supporting information for this image.
3 data,04-olmo-mix-1124-passport,DPP,$.credentialSubject.productLabel[].imageData,yes,yes,string,not published,no,,,,,Not applicable to this item or not used by this reconstruction.,The image data encoded as a base64 string.
3 data,04-olmo-mix-1124-passport,DPP,$.credentialSubject.productLabel[].mediaType,yes,yes,string,not published,no,,,,,Not applicable to this item or not used by this reconstruction.,"The media type of this image (eg image/png)      This is an enumerated value, but the list of valid values are too big, or change too often to include here. ..."
3 data,04-olmo-mix-1124-passport,DPP,$.credentialSubject.performanceClaim[],yes,no,object,not published,yes,,,,,,A list of performance claims (eg emissions intensity) for this product.
3 data,04-olmo-mix-1124-passport,DPP,$.credentialSubject.performanceClaim[].type,yes,no,array<string>,not published,yes,,,,,,
3 data,04-olmo-mix-1124-passport,DPP,$.credentialSubject.performanceClaim[].id,yes,yes,string,not published,yes,,,,,,Globally unique identifier of this claim. Typically represented as a URI companyURL/claimID URI or a UUID
3 data,04-olmo-mix-1124-passport,DPP,$.credentialSubject.performanceClaim[].name,yes,yes,string,not published,yes,,,,,,Name of this claim - typically similar or the same as the referenced criterion name.
3 data,04-olmo-mix-1124-passport,DPP,$.credentialSubject.performanceClaim[].description,yes,no,string,not published,yes,,,,,,Description of this conformity claim
3 data,04-olmo-mix-1124-passport,DPP,$.credentialSubject.performanceClaim[].referenceCriteria[],yes,yes,object,not published,yes,,,,,,The criterion against which the claim is made.
3 data,04-olmo-mix-1124-passport,DPP,$.credentialSubject.performanceClaim[].referenceCriteria[].type,yes,no,array<string>,not published,yes,,,,,,
3 data,04-olmo-mix-1124-passport,DPP,$.credentialSubject.performanceClaim[].referenceCriteria[].id,yes,yes,string,not published,yes,,,,,,Globally unique identifier of this conformity criterion. Typically represented as a URI SchemeOwner/CriterionID URI
3 data,04-olmo-mix-1124-passport,DPP,$.credentialSubject.performanceClaim[].referenceCriteria[].name,yes,yes,string,not published,yes,,,,,,Name of this criterion as defined by the scheme owner.
3 data,04-olmo-mix-1124-passport,DPP,$.credentialSubject.performanceClaim[].referenceRegulation[],yes,no,object,not published,yes,,,,,,List of references to regulation to which conformity is claimed claimed for this product
3 data,04-olmo-mix-1124-passport,DPP,$.credentialSubject.performanceClaim[].referenceRegulation[].type,yes,no,array<string>,not published,yes,,,,,,
3 data,04-olmo-mix-1124-passport,DPP,$.credentialSubject.performanceClaim[].referenceRegulation[].id,yes,yes,string,not published,yes,,,,,,Globally unique identifier of this standard. Typically represented as a URI government/regulation URI
3 data,04-olmo-mix-1124-passport,DPP,$.credentialSubject.performanceClaim[].referenceRegulation[].name,yes,yes,string,not published,yes,,,,,,Name of this regulation as defined by the regulator.
3 data,04-olmo-mix-1124-passport,DPP,$.credentialSubject.performanceClaim[].referenceStandard[],yes,no,object,not published,yes,,,,,,List of references to standards to which conformity is claimed claimed for this product
3 data,04-olmo-mix-1124-passport,DPP,$.credentialSubject.performanceClaim[].referenceStandard[].type,yes,no,array<string>,not published,yes,,,,,,
3 data,04-olmo-mix-1124-passport,DPP,$.credentialSubject.performanceClaim[].referenceStandard[].id,yes,yes,string,not published,yes,,,,,,Globally unique identifier of this standard. Typically represented as a URI issuer/standard URI
3 data,04-olmo-mix-1124-passport,DPP,$.credentialSubject.performanceClaim[].referenceStandard[].name,yes,yes,string,not published,yes,,,,,,Name for this standard
3 data,04-olmo-mix-1124-passport,DPP,$.credentialSubject.performanceClaim[].claimDate,yes,yes,string,not published,yes,,,,,,That date on which the claimed performance is applicable.
3 data,04-olmo-mix-1124-passport,DPP,$.credentialSubject.performanceClaim[].applicablePeriod,yes,no,object,not published,yes,,,,,,The applicable reporting period for this facility record.
3 data,04-olmo-mix-1124-passport,DPP,$.credentialSubject.performanceClaim[].applicablePeriod.startDate,yes,yes,string,not published,yes,,,,,,The period start date
3 data,04-olmo-mix-1124-passport,DPP,$.credentialSubject.performanceClaim[].applicablePeriod.endDate,yes,yes,string,not published,yes,,,,,,The period end date
3 data,04-olmo-mix-1124-passport,DPP,$.credentialSubject.performanceClaim[].applicablePeriod.periodInformation,yes,no,string,not published,yes,,,,,,Additional information relevant to this reporting period
3 data,04-olmo-mix-1124-passport,DPP,$.credentialSubject.performanceClaim[].claimedPerformance[],yes,yes,object,not published,yes,,,,,,The claimed performance level 
3 data,04-olmo-mix-1124-passport,DPP,$.credentialSubject.performanceClaim[].claimedPerformance[].metric,yes,no,object,not published,yes,,,,,,The metric (eg material emissions intensity CO2e/Kg or percentage of young workers) that is measured.
3 data,04-olmo-mix-1124-passport,DPP,$.credentialSubject.performanceClaim[].claimedPerformance[].metric.type,yes,no,array<string>,not published,yes,,,,,,
3 data,04-olmo-mix-1124-passport,DPP,$.credentialSubject.performanceClaim[].claimedPerformance[].metric.id,yes,yes,string,not published,yes,,,,,,Globally unique identifier of this reporting metric. 
3 data,04-olmo-mix-1124-passport,DPP,$.credentialSubject.performanceClaim[].claimedPerformance[].metric.name,yes,yes,string,not published,yes,,,,,,"A human readable name for this metric (for example ""water usage per Kg of material"")"
3 data,04-olmo-mix-1124-passport,DPP,$.credentialSubject.performanceClaim[].claimedPerformance[].measure,yes,no,object,not published,yes,,,,,,The measured performance value
3 data,04-olmo-mix-1124-passport,DPP,$.credentialSubject.performanceClaim[].claimedPerformance[].measure.value,yes,yes,number,not published,yes,,,,,,The numeric value of the measure
3 data,04-olmo-mix-1124-passport,DPP,$.credentialSubject.performanceClaim[].claimedPerformance[].measure.upperTolerance,yes,no,number,not published,yes,,,,,,"The upper tolerance associated with this measure expressed in the same units as the measure.  For example value=10, upperTolerance=0.1, unit=KGM would mean t..."
3 data,04-olmo-mix-1124-passport,DPP,$.credentialSubject.performanceClaim[].claimedPerformance[].measure.lowerTolerance,yes,no,number,not published,yes,,,,,,"The lower tolerance associated with this measure expressed in the same units as the measure.  For example value=10, lowerTolerance=0.1, unit=KGM would mean t..."
3 data,04-olmo-mix-1124-passport,DPP,$.credentialSubject.performanceClaim[].claimedPerformance[].measure.unit,yes,yes,string,not published,yes,,,,,,"Unit of measure drawn from the UNECE Rec20 measure code list.      This is an enumerated value, but the list of valid values are too big, or change too often..."
3 data,04-olmo-mix-1124-passport,DPP,$.credentialSubject.performanceClaim[].claimedPerformance[].score,yes,no,object,not published,yes,,,,,,"A performance score (eg ""AA"") drawn from a scoring framework defined by the scheme or criterion."
3 data,04-olmo-mix-1124-passport,DPP,$.credentialSubject.performanceClaim[].claimedPerformance[].score.code,yes,yes,string,not published,yes,,,,,,"The coded value for this score (eg ""AAA"")"
3 data,04-olmo-mix-1124-passport,DPP,$.credentialSubject.performanceClaim[].claimedPerformance[].score.rank,yes,no,integer,not published,yes,,,,,,"The ranking of this score within the scoring framework - using an integer where ""1"" is the highest rank."
3 data,04-olmo-mix-1124-passport,DPP,$.credentialSubject.performanceClaim[].claimedPerformance[].score.definition,yes,no,string,not published,yes,,,,,,A description of the meaning of this score.
3 data,04-olmo-mix-1124-passport,DPP,$.credentialSubject.performanceClaim[].evidence[],yes,no,object,not published,yes,,,,,,A URI pointing to the evidence supporting the claim. SHOULD be a URL to a UNTP Digital Conformity Credential (DCC)
3 data,04-olmo-mix-1124-passport,DPP,$.credentialSubject.performanceClaim[].evidence[].linkURL,yes,yes,string,not published,yes,,,,,,The URL of the target resource.  
3 data,04-olmo-mix-1124-passport,DPP,$.credentialSubject.performanceClaim[].evidence[].linkName,yes,yes,string,not published,yes,,,,,,Display name for this link.
3 data,04-olmo-mix-1124-passport,DPP,$.credentialSubject.performanceClaim[].evidence[].digestMultibase,yes,no,string,not published,yes,,,,,,An optional multi-base encoded digest to ensure the content of the link has not changed. See https://www.w3.org/TR/vc-data-integrity/#resource-integrity for ...
3 data,04-olmo-mix-1124-passport,DPP,$.credentialSubject.performanceClaim[].evidence[].mediaType,yes,no,string,not published,yes,,,,,,The media type of the target resource.
3 data,04-olmo-mix-1124-passport,DPP,$.credentialSubject.performanceClaim[].evidence[].linkType,yes,no,string,not published,yes,,,,,,The type of the target resource - drawn from a controlled vocabulary 
3 data,04-olmo-mix-1124-passport,DPP,$.credentialSubject.performanceClaim[].conformityTopic[],yes,yes,object,not published,yes,,,,,,The conformity topic category for this assessment
3 data,04-olmo-mix-1124-passport,DPP,$.credentialSubject.performanceClaim[].conformityTopic[].type,yes,no,array<string>,not published,yes,,,,,,
3 data,04-olmo-mix-1124-passport,DPP,$.credentialSubject.performanceClaim[].conformityTopic[].id,yes,yes,string,not published,yes,,,,,,The unique identifier for this conformity topic
3 data,04-olmo-mix-1124-passport,DPP,$.credentialSubject.performanceClaim[].conformityTopic[].name,yes,yes,string,not published,yes,,,,,,The human readable name for this conformity topic.
3 data,04-olmo-mix-1124-passport,DPP,$.credentialSubject.performanceClaim[].conformityTopic[].definition,yes,no,string,not published,yes,,,,,,The rich definition of this conformity topic.
3 data,04-olmo-mix-1124-passport,DPP,$.issuingSoftware,yes,no,object,not published,no,,,,,Not applicable to this item or not used by this reconstruction.,Optional metadata identifying the software product (and its vendor) that issued this credential. Useful for vendor traceability and conformity testing. Issue...
3 data,04-olmo-mix-1124-passport,DPP,$.issuingSoftware.id,yes,yes,string,not published,no,,,,,Not applicable to this item or not used by this reconstruction.,A resolvable identifier for the specific version of the software product that issued this credential.
3 data,04-olmo-mix-1124-passport,DPP,$.issuingSoftware.name,yes,yes,string,not published,no,,,,,Not applicable to this item or not used by this reconstruction.,The name of the software product that issued this credential.
3 data,04-olmo-mix-1124-passport,DPP,$.issuingSoftware.version,yes,yes,string,not published,no,,,,,Not applicable to this item or not used by this reconstruction.,The version of the software product that issued this credential.
3 data,04-olmo-mix-1124-passport,DPP,$.issuingSoftware.vendor,yes,yes,object,not published,no,,,,,Not applicable to this item or not used by this reconstruction.,The vendor of the software product that issued this credential.
3 data,04-olmo-mix-1124-passport,DPP,$.issuingSoftware.vendor.id,yes,yes,string,not published,no,,,,,Not applicable to this item or not used by this reconstruction.,The decentralised identifier (DID) or other resolvable identifier of the software vendor.
3 data,04-olmo-mix-1124-passport,DPP,$.issuingSoftware.vendor.name,yes,yes,string,not published,no,,,,,Not applicable to this item or not used by this reconstruction.,The name of the software vendor.
3 data,04-olmo-mix-1124-passport,DPP,$.description,yes (additional property),no,,issuer-controlled,yes,Reconstructed by Open Data Services (ODS) from public sources for the AI Supply Chains field work (September 2026). None of the parties named in this credent...,issuer-controlled,ODS,,VCDM 2.0 'description'; allowed by the UNTP schema's additionalProperties.,
3 data,04-olmo-mix-1124-passport,DPP,$.credentialSubject.characteristics.aic:tokenCount,no,no,extension,needs extension vocabulary,yes,,stated,HF-OLMOMIX,Total row,Rec 20 has no token unit; aic unit proposed.,Proposed AI compute and models extension property
3 data,04-olmo-mix-1124-passport,DPP,$.credentialSubject.characteristics.aic:byteSize,no,no,extension,needs extension vocabulary,yes,,stated,HF-OLMOMIX,Total row,"Uncompressed. Rec 20 has a terabyte code, but UNTP Dimension has no data-size slot.",Proposed AI compute and models extension property
3 data,04-olmo-mix-1124-passport,DPP,$.credentialSubject.characteristics.aic:documentCount,no,no,extension,needs extension vocabulary,yes,,stated,HF-OLMOMIX,Total row,,Proposed AI compute and models extension property
3 data,04-olmo-mix-1124-passport,DPP,$.credentialSubject.characteristics.aic:licence,no,no,extension,needs extension vocabulary,yes,ODC-By-1.0,stated,HF-OLMOMIX,Licensing Information,Also subject to Common Crawl Terms of Use. Component licences differ (see composition).,Proposed AI compute and models extension property
3 data,04-olmo-mix-1124-passport,DPP,$.credentialSubject.characteristics.aic:composition,no,no,extension,needs extension vocabulary,yes,,stated,HF-OLMOMIX,source table,UNTP materialProvenance needs mass fraction and origin country; neither applies. Composition by tokens is an extension.,Proposed AI compute and models extension property
3 data,05-dolmino-mix-1124-passport,DPP,$,yes,yes,object,container,yes,,,,,Structural: see the fields beneath.,A digital Product Passport (DPP) credential.
3 data,05-dolmino-mix-1124-passport,DPP,$.type,yes,no,array<string>,issuer-controlled,yes,,issuer-controlled,ODS,,,
3 data,05-dolmino-mix-1124-passport,DPP,$.@context,yes,yes,array<string>,issuer-controlled,yes,,issuer-controlled,ODS,,Third entry is the proposed AI compute and models extension context (fictional URL; local copy in extension/).,A list of JSON-LD context URIs that define the semantic meaning of properties within the credential. 
3 data,05-dolmino-mix-1124-passport,DPP,$.id,yes,yes,string,issuer-controlled,yes,https://example.org/untp-ai/credentials/dolmino-mix-1124-passport,issuer-controlled,ODS,,,A unique identifier (URI) assigned to this verifiable credential.
3 data,05-dolmino-mix-1124-passport,DPP,$.issuer,yes,yes,object,issuer-controlled,yes,,issuer-controlled,ODS,,Fictional issuer. The DID does not resolve and nothing is signed.,"The organisation that is the issuer of this VC. Note that the ""id"" property MUST be a W3C DID.  Other identifiers such as tax registration numbers can be lis..."
3 data,05-dolmino-mix-1124-passport,DPP,$.issuer.type,yes,no,array<string>,issuer-controlled,yes,,issuer-controlled,ODS,,Fictional issuer. The DID does not resolve and nothing is signed. (inherited from parent field),
3 data,05-dolmino-mix-1124-passport,DPP,$.issuer.id,yes,yes,string,issuer-controlled,yes,did:web:example.org,issuer-controlled,ODS,,Fictional issuer. The DID does not resolve and nothing is signed. (inherited from parent field),The W3C DID of the issuer - should be a did:web or did:webvh
3 data,05-dolmino-mix-1124-passport,DPP,$.issuer.name,yes,yes,string,issuer-controlled,yes,Example reconstruction issuer (fictional; ODS AI Supply Chains prototype),issuer-controlled,ODS,,Fictional issuer. The DID does not resolve and nothing is signed. (inherited from parent field),The name of the issuer person or organisation
3 data,05-dolmino-mix-1124-passport,DPP,$.issuer.issuerAlsoKnownAs[],yes,no,object,not published,no,,,,,Not applicable to this item or not used by this reconstruction.,An optional list of other registered identifiers for this credential issuer 
3 data,05-dolmino-mix-1124-passport,DPP,$.issuer.issuerAlsoKnownAs[].type,yes,no,array<string>,not published,no,,,,,Not applicable to this item or not used by this reconstruction.,
3 data,05-dolmino-mix-1124-passport,DPP,$.issuer.issuerAlsoKnownAs[].id,yes,yes,string,not published,no,,,,,Not applicable to this item or not used by this reconstruction.,Globally unique identifier of this party. Typically represented as a URI identifierScheme/Identifier URI
3 data,05-dolmino-mix-1124-passport,DPP,$.issuer.issuerAlsoKnownAs[].name,yes,yes,string,not published,no,,,,,Not applicable to this item or not used by this reconstruction.,Legal registered name of this party.
3 data,05-dolmino-mix-1124-passport,DPP,$.issuer.issuerAlsoKnownAs[].registeredId,yes,no,string,not published,no,,,,,Not applicable to this item or not used by this reconstruction.,The registration number (alphanumeric) of the Party within the register. Unique within the register.
3 data,05-dolmino-mix-1124-passport,DPP,$.validFrom,yes,yes,string,issuer-controlled,yes,2026-09-30T00:00:00Z,issuer-controlled,ODS,,,The date and time from which the credential is valid.
3 data,05-dolmino-mix-1124-passport,DPP,$.validUntil,yes,no,string,not published,no,,,,,Not applicable to this item or not used by this reconstruction.,The expiry date (if applicable) of this verifiable credential.
3 data,05-dolmino-mix-1124-passport,DPP,$.name,yes,yes,string,issuer-controlled,yes,Digital Product Passport: dolmino-mix-1124 (OLMo 2 mid-training data),issuer-controlled,ODS,,,"Name of this verifiable credential instance (eg the title of a digital product passport, facility record, lifecycle event, or conformity credential)"
3 data,05-dolmino-mix-1124-passport,DPP,$.credentialStatus,yes,no,object,not published,no,,,,,Not applicable to this item or not used by this reconstruction.,A W3C VCDM2.0 compliant object containing credential status information.
3 data,05-dolmino-mix-1124-passport,DPP,$.credentialStatus.type,yes,yes,string enum['BitstringStatusListEntry'],not published,no,,,,,Not applicable to this item or not used by this reconstruction.,"The type of status list - must be set to ""The type property MUST be BitstringStatusListEntry."""
3 data,05-dolmino-mix-1124-passport,DPP,$.credentialStatus.id,yes,no,string,not published,no,,,,,Not applicable to this item or not used by this reconstruction.,optional identifier of this status list entry.
3 data,05-dolmino-mix-1124-passport,DPP,$.credentialStatus.statusPurpose,yes,yes,"string enum['refresh', 'revocation', 'suspension', 'message']",not published,no,,,,,Not applicable to this item or not used by this reconstruction.,Status purpose drawn from a standard list but extensible as per w3c bitstring status list specification.
3 data,05-dolmino-mix-1124-passport,DPP,$.credentialStatus.statusListIndex,yes,yes,integer,not published,no,,,,,Not applicable to this item or not used by this reconstruction.,"	The statusListIndex property MUST be an arbitrary size integer greater than or equal to 0, expressed as a string in base 10. The value identifies the positi..."
3 data,05-dolmino-mix-1124-passport,DPP,$.credentialStatus.statusListCredential,yes,yes,string,not published,no,,,,,Not applicable to this item or not used by this reconstruction.,"The statusListCredential property MUST be a URL to a verifiable credential. When the URL is dereferenced, the resulting verifiable credential MUST have type ..."
3 data,05-dolmino-mix-1124-passport,DPP,$.renderMethod[],yes,no,object,not published,no,,,,,Not applicable to this item or not used by this reconstruction.,Human rendering information for this credential. An array of render methods (eg RenderTemplate2024) that may be used to display the credential.
3 data,05-dolmino-mix-1124-passport,DPP,$.renderMethod[].type,yes,no,array<string>,not published,no,,,,,Not applicable to this item or not used by this reconstruction.,
3 data,05-dolmino-mix-1124-passport,DPP,$.renderMethod[].name,yes,no,string,not published,no,,,,,Not applicable to this item or not used by this reconstruction.,Human facing display name for selection
3 data,05-dolmino-mix-1124-passport,DPP,$.renderMethod[].mediaQuery,yes,no,string,not published,no,,,,,Not applicable to this item or not used by this reconstruction.,Media query as defined in https://www.w3.org/TR/mediaqueries-4/
3 data,05-dolmino-mix-1124-passport,DPP,$.renderMethod[].template,yes,no,string,not published,no,,,,,Not applicable to this item or not used by this reconstruction.,An inline template field for use cases where remote retrieval of a render method is suboptimal
3 data,05-dolmino-mix-1124-passport,DPP,$.renderMethod[].url,yes,no,string,not published,no,,,,,Not applicable to this item or not used by this reconstruction.,URL for remotely hosted template
3 data,05-dolmino-mix-1124-passport,DPP,$.renderMethod[].mediaType,yes,no,string,not published,no,,,,,Not applicable to this item or not used by this reconstruction.,media type of the rendered output (eg text/html)
3 data,05-dolmino-mix-1124-passport,DPP,$.renderMethod[].digestMultibase,yes,no,string,not published,no,,,,,Not applicable to this item or not used by this reconstruction.,Used for resource integrity and/or validation of the inline `template`
3 data,05-dolmino-mix-1124-passport,DPP,$.credentialSubject,yes,yes,object,container,yes,,,,,Structural: see the fields beneath.,The product that is the subject of this digital product passport.
3 data,05-dolmino-mix-1124-passport,DPP,$.credentialSubject.type,yes,no,array<string>,container,yes,,,,,Structural: see the fields beneath.,
3 data,05-dolmino-mix-1124-passport,DPP,$.credentialSubject.id,yes,yes,string,published,yes,https://huggingface.co/datasets/allenai/dolmino-mix-1124/tree/a319f19eef1e257417b11ea8c30da266ae175557,ODS-assigned,HF-DOLMINO,,Hub URL at the commit; ODS identifier rule.,"Globally unique identifier of this product. Typically represented as a URI identifierScheme/Identifier URI or, if self-issued, as a did."
3 data,05-dolmino-mix-1124-passport,DPP,$.credentialSubject.name,yes,yes,string,published,yes,DOLMino dataset mix for OLMo 2 stage 2 annealing: dolmino-mix-1124,stated,HF-DOLMINO,dataset card title,,The product name as known to the market.
3 data,05-dolmino-mix-1124-passport,DPP,$.credentialSubject.description,yes,no,string,published,yes,"Mixture of high-quality data used for the second stage (mid-training) of OLMo 2. Stage 2 uses a 50B, 100B or 300B token sample; OLMo 2 7B used the 50B sample...",stated,HF-DOLMINO; OLMO2,"dataset card; report §2.3, §4.5",,Description of the product.
3 data,05-dolmino-mix-1124-passport,DPP,$.credentialSubject.idScheme,yes,yes,object,needs extension vocabulary,yes,,ODS-assigned,HF-MODEL,,No registered identifier scheme exists for models or datasets.,"The identifier scheme for this product.  Eg a GS1 GTIN or an AU Livestock NLIS, or similar. If self issued then use the party ID of the issuer.  "
3 data,05-dolmino-mix-1124-passport,DPP,$.credentialSubject.idScheme.type,yes,no,array<string>,needs extension vocabulary,yes,,ODS-assigned,HF-MODEL,,No registered identifier scheme exists for models or datasets. (inherited from parent field),
3 data,05-dolmino-mix-1124-passport,DPP,$.credentialSubject.idScheme.id,yes,yes,string,needs extension vocabulary,yes,https://huggingface.co,ODS-assigned,HF-MODEL,,No registered identifier scheme exists for models or datasets. (inherited from parent field),The URI of this identifier scheme
3 data,05-dolmino-mix-1124-passport,DPP,$.credentialSubject.idScheme.name,yes,yes,string,needs extension vocabulary,yes,Hugging Face Hub repository at a commit (proposed AI identifier rule: repo + commit + file hash),ODS-assigned,HF-MODEL,,No registered identifier scheme exists for models or datasets. (inherited from parent field),The name of the identifier scheme. 
3 data,05-dolmino-mix-1124-passport,DPP,$.credentialSubject.modelNumber,yes,no,string,published,yes,allenai/dolmino-mix-1124,stated,HF-DOLMINO,,,"Where available, the model number (for manufactured products) or material identification (for bulk materials)"
3 data,05-dolmino-mix-1124-passport,DPP,$.credentialSubject.batchNumber,yes,no,string,published,yes,a319f19eef1e257417b11ea8c30da266ae175557,stated,HF-DOLMINO,API field 'sha',Commit at access date; last modified 2025-10-29. Training revision not published.,Identifier of the specific production batch of the product.  Unique within the product class.
3 data,05-dolmino-mix-1124-passport,DPP,$.credentialSubject.itemNumber,yes,no,string,not published,no,,,,,Not applicable to this item or not used by this reconstruction.,A number or code representing a specific serialised item of the product. Unique within product class.
3 data,05-dolmino-mix-1124-passport,DPP,$.credentialSubject.idGranularity,yes,yes,"string enum['model', 'batch', 'item']",needs extension vocabulary,yes,batch,ODS-assigned,ODS,,"A repository commit fixes the exact bytes, so it is treated as a batch. Digital copies are identical, so model/batch/item granularity does not map cleanly.","The identification granularity for this product (item, batch, model)"
3 data,05-dolmino-mix-1124-passport,DPP,$.credentialSubject.productImage,yes,no,object,not published,no,,,,,Not applicable to this item or not used by this reconstruction.,"Reference information (location, type, name) of an image of the product."
3 data,05-dolmino-mix-1124-passport,DPP,$.credentialSubject.productImage.linkURL,yes,yes,string,not published,no,,,,,Not applicable to this item or not used by this reconstruction.,The URL of the target resource.  
3 data,05-dolmino-mix-1124-passport,DPP,$.credentialSubject.productImage.linkName,yes,yes,string,not published,no,,,,,Not applicable to this item or not used by this reconstruction.,Display name for this link.
3 data,05-dolmino-mix-1124-passport,DPP,$.credentialSubject.productImage.digestMultibase,yes,no,string,not published,no,,,,,Not applicable to this item or not used by this reconstruction.,An optional multi-base encoded digest to ensure the content of the link has not changed. See https://www.w3.org/TR/vc-data-integrity/#resource-integrity for ...
3 data,05-dolmino-mix-1124-passport,DPP,$.credentialSubject.productImage.mediaType,yes,no,string,not published,no,,,,,Not applicable to this item or not used by this reconstruction.,The media type of the target resource.
3 data,05-dolmino-mix-1124-passport,DPP,$.credentialSubject.productImage.linkType,yes,no,string,not published,no,,,,,Not applicable to this item or not used by this reconstruction.,The type of the target resource - drawn from a controlled vocabulary 
3 data,05-dolmino-mix-1124-passport,DPP,$.credentialSubject.characteristics,yes,no,object,container,yes,,,,,Structural: see the fields beneath.,A set of industry specific product information. 
3 data,05-dolmino-mix-1124-passport,DPP,$.credentialSubject.productCategory[],yes,yes,object,needs extension vocabulary,yes,,ODS-assigned,CPC21; ODS,,Nearest CPC v2.1 subclass; CPC has no class for trained models or training datasets.,"A code representing the product's class, typically using the UN CPC (United Nations Central Product Classification) https://unstats.un.org/unsd/classificatio..."
3 data,05-dolmino-mix-1124-passport,DPP,$.credentialSubject.productCategory[].code,yes,yes,string,needs extension vocabulary,yes,84399 | training-dataset,ODS-assigned,CPC21; ODS,,Nearest CPC v2.1 subclass; CPC has no class for trained models or training datasets. (inherited from parent field),classification code within the scheme
3 data,05-dolmino-mix-1124-passport,DPP,$.credentialSubject.productCategory[].name,yes,yes,string,needs extension vocabulary,yes,Other on-line content n.e.c. | Training dataset,ODS-assigned,CPC21; ODS,,Nearest CPC v2.1 subclass; CPC has no class for trained models or training datasets. (inherited from parent field),Name of the classification represented by the code
3 data,05-dolmino-mix-1124-passport,DPP,$.credentialSubject.productCategory[].definition,yes,no,string,not published,yes,,,,,,A rich definition of this classification code.
3 data,05-dolmino-mix-1124-passport,DPP,$.credentialSubject.productCategory[].schemeId,yes,yes,string,needs extension vocabulary,yes,https://unstats.un.org/unsd/classifications/Econ/cpc/ | https://example.org/untp-ai/0.1/productClass,ODS-assigned,CPC21; ODS,,Nearest CPC v2.1 subclass; CPC has no class for trained models or training datasets. (inherited from parent field),Classification scheme ID
3 data,05-dolmino-mix-1124-passport,DPP,$.credentialSubject.productCategory[].schemeName,yes,yes,string,needs extension vocabulary,yes,UN CPC v2.1 | AI compute and models product classes (proposed),ODS-assigned,CPC21; ODS,,Nearest CPC v2.1 subclass; CPC has no class for trained models or training datasets. (inherited from parent field),The name of the classification scheme
3 data,05-dolmino-mix-1124-passport,DPP,$.credentialSubject.relatedDocument[],yes,no,object,published,yes,,stated,HF-DOLMINO; OLMO2,,,A list of links to documents providing additional product information. Documents that support a conformity claim (e.g. permits or certificates) SHOULD be ref...
3 data,05-dolmino-mix-1124-passport,DPP,$.credentialSubject.relatedDocument[].linkURL,yes,yes,string,published,yes,https://huggingface.co/datasets/allenai/dolmino-mix-1124 | https://arxiv.org/abs/2501.00656v3,stated,HF-DOLMINO; OLMO2,,(inherited from parent field),The URL of the target resource.  
3 data,05-dolmino-mix-1124-passport,DPP,$.credentialSubject.relatedDocument[].linkName,yes,yes,string,published,yes,Hugging Face dataset card | OLMo 2 technical report (arXiv:2501.00656v3),stated,HF-DOLMINO; OLMO2,,(inherited from parent field),Display name for this link.
3 data,05-dolmino-mix-1124-passport,DPP,$.credentialSubject.relatedDocument[].digestMultibase,yes,no,string,not published,yes,,,,,,An optional multi-base encoded digest to ensure the content of the link has not changed. See https://www.w3.org/TR/vc-data-integrity/#resource-integrity for ...
3 data,05-dolmino-mix-1124-passport,DPP,$.credentialSubject.relatedDocument[].mediaType,yes,no,string,published,yes,text/html,stated,HF-DOLMINO; OLMO2,,(inherited from parent field),The media type of the target resource.
3 data,05-dolmino-mix-1124-passport,DPP,$.credentialSubject.relatedDocument[].linkType,yes,no,string,not published,yes,,,,,,The type of the target resource - drawn from a controlled vocabulary 
3 data,05-dolmino-mix-1124-passport,DPP,$.credentialSubject.relatedParty[],yes,no,object,published,yes,,stated,HF-DOLMINO,repo owner 'allenai',,A list of parties with a defined relationship to this product
3 data,05-dolmino-mix-1124-passport,DPP,$.credentialSubject.relatedParty[].role,yes,yes,"string enum['owner', 'producer', 'manufacturer', 'processor', 'remanufacturer', 'recycler', 'operator', 'serviceProvider', 'inspector', 'certifier', 'logisticsProvider', 'carrier', 'consignor', 'consignee', 'importer', 'exporter', 'distributor', 'retailer', 'brandOwner', 'regulator']",published,yes,producer,stated,HF-DOLMINO,repo owner 'allenai',(inherited from parent field),The role played by the party in this relationship
3 data,05-dolmino-mix-1124-passport,DPP,$.credentialSubject.relatedParty[].party,yes,yes,object,published,yes,,stated,HF-DOLMINO,repo owner 'allenai',(inherited from parent field),The party that has the specified role.
3 data,05-dolmino-mix-1124-passport,DPP,$.credentialSubject.relatedParty[].party.type,yes,no,array<string>,published,yes,,stated,HF-DOLMINO,repo owner 'allenai',(inherited from parent field),
3 data,05-dolmino-mix-1124-passport,DPP,$.credentialSubject.relatedParty[].party.id,yes,yes,string,published,yes,https://projects.propublica.org/nonprofits/organizations/824083177,stated,PROPUBLICA-AI2,,No LEI exists (GLEIF-NONE). EIN register URL used as the resolvable party identifier.,Globally unique identifier of this party. Typically represented as a URI identifierScheme/Identifier URI
3 data,05-dolmino-mix-1124-passport,DPP,$.credentialSubject.relatedParty[].party.name,yes,yes,string,published,yes,The Allen Institute For Artificial Intelligence,stated,PROPUBLICA-AI2,,,Legal registered name of this party.
3 data,05-dolmino-mix-1124-passport,DPP,$.credentialSubject.relatedParty[].party.description,yes,no,string,not published,yes,,,,,,Description of the party including function and other names.
3 data,05-dolmino-mix-1124-passport,DPP,$.credentialSubject.relatedParty[].party.registeredId,yes,no,string,published,yes,82-4083177,stated,PROPUBLICA-AI2,,"Wikidata Q16002567 gives 91-2155317, which is the Allen Institute (bioscience).",The registration number (alphanumeric) of the Party within the register. Unique within the register.
3 data,05-dolmino-mix-1124-passport,DPP,$.credentialSubject.relatedParty[].party.idScheme,yes,no,object,not published,yes,,,,,,The identifier scheme of the party.  Typically a national business register or a global scheme such as GLEIF. 
3 data,05-dolmino-mix-1124-passport,DPP,$.credentialSubject.relatedParty[].party.idScheme.type,yes,no,array<string>,not published,yes,,,,,,
3 data,05-dolmino-mix-1124-passport,DPP,$.credentialSubject.relatedParty[].party.idScheme.id,yes,yes,string,not published,yes,,,,,,The URI of this identifier scheme
3 data,05-dolmino-mix-1124-passport,DPP,$.credentialSubject.relatedParty[].party.idScheme.name,yes,yes,string,not published,yes,,,,,,The name of the identifier scheme. 
3 data,05-dolmino-mix-1124-passport,DPP,$.credentialSubject.relatedParty[].party.registrationCountry,yes,no,object,not published,yes,,,,,,the country in which this organisation is registered - using ISO-3166 code and name.
3 data,05-dolmino-mix-1124-passport,DPP,$.credentialSubject.relatedParty[].party.registrationCountry.countryCode,yes,yes,string,not published,yes,,,,,,"ISO 3166 country code      This is an enumerated value, but the list of valid values are too big, or change too often to include here. You can access the lis..."
3 data,05-dolmino-mix-1124-passport,DPP,$.credentialSubject.relatedParty[].party.registrationCountry.countryName,yes,no,string,not published,yes,,,,,,Country Name as defined in ISO 3166
3 data,05-dolmino-mix-1124-passport,DPP,$.credentialSubject.relatedParty[].party.partyAddress,yes,no,object,not published,yes,,,,,,The address of the party
3 data,05-dolmino-mix-1124-passport,DPP,$.credentialSubject.relatedParty[].party.partyAddress.streetAddress,yes,yes,string,not published,yes,,,,,,the street address as an unstructured string.
3 data,05-dolmino-mix-1124-passport,DPP,$.credentialSubject.relatedParty[].party.partyAddress.postalCode,yes,yes,string,not published,yes,,,,,,The postal code or zip code for this address.
3 data,05-dolmino-mix-1124-passport,DPP,$.credentialSubject.relatedParty[].party.partyAddress.addressLocality,yes,yes,string,not published,yes,,,,,,"The city, suburb or township name."
3 data,05-dolmino-mix-1124-passport,DPP,$.credentialSubject.relatedParty[].party.partyAddress.addressRegion,yes,yes,string,not published,yes,,,,,,The state or territory or province
3 data,05-dolmino-mix-1124-passport,DPP,$.credentialSubject.relatedParty[].party.partyAddress.addressCountry,yes,yes,object,not published,yes,,,,,,The address country as an ISO-3166 two letter country code and name.
3 data,05-dolmino-mix-1124-passport,DPP,$.credentialSubject.relatedParty[].party.partyAddress.addressCountry.countryCode,yes,yes,string,not published,yes,,,,,,"ISO 3166 country code      This is an enumerated value, but the list of valid values are too big, or change too often to include here. You can access the lis..."
3 data,05-dolmino-mix-1124-passport,DPP,$.credentialSubject.relatedParty[].party.partyAddress.addressCountry.countryName,yes,no,string,not published,yes,,,,,,Country Name as defined in ISO 3166
3 data,05-dolmino-mix-1124-passport,DPP,$.credentialSubject.relatedParty[].party.organisationWebsite,yes,no,string,not published,yes,,,,,,Website for this organisation
3 data,05-dolmino-mix-1124-passport,DPP,$.credentialSubject.relatedParty[].party.industryCategory[],yes,no,object,not published,yes,,,,,,The industry categories for this organisation.  Recommend use of UNCPC as the category scheme. for example - unstats.un.org/isic/1030
3 data,05-dolmino-mix-1124-passport,DPP,$.credentialSubject.relatedParty[].party.industryCategory[].code,yes,yes,string,not published,yes,,,,,,classification code within the scheme
3 data,05-dolmino-mix-1124-passport,DPP,$.credentialSubject.relatedParty[].party.industryCategory[].name,yes,yes,string,not published,yes,,,,,,Name of the classification represented by the code
3 data,05-dolmino-mix-1124-passport,DPP,$.credentialSubject.relatedParty[].party.industryCategory[].definition,yes,no,string,not published,yes,,,,,,A rich definition of this classification code.
3 data,05-dolmino-mix-1124-passport,DPP,$.credentialSubject.relatedParty[].party.industryCategory[].schemeId,yes,yes,string,not published,yes,,,,,,Classification scheme ID
3 data,05-dolmino-mix-1124-passport,DPP,$.credentialSubject.relatedParty[].party.industryCategory[].schemeName,yes,yes,string,not published,yes,,,,,,The name of the classification scheme
3 data,05-dolmino-mix-1124-passport,DPP,$.credentialSubject.relatedParty[].party.partyAlsoKnownAs[],yes,no,object,not published,yes,,,,,,"An optional list of other registered identifiers for this organisation. For example DUNS, GLN, LEI, etc"
3 data,05-dolmino-mix-1124-passport,DPP,$.credentialSubject.relatedParty[].party.partyAlsoKnownAs[].type,yes,no,array<string>,not published,yes,,,,,,
3 data,05-dolmino-mix-1124-passport,DPP,$.credentialSubject.relatedParty[].party.partyAlsoKnownAs[].id,yes,yes,string,not published,yes,,,,,,Globally unique identifier of this party. Typically represented as a URI identifierScheme/Identifier URI
3 data,05-dolmino-mix-1124-passport,DPP,$.credentialSubject.relatedParty[].party.partyAlsoKnownAs[].name,yes,yes,string,not published,yes,,,,,,Legal registered name of this party.
3 data,05-dolmino-mix-1124-passport,DPP,$.credentialSubject.relatedParty[].party.partyAlsoKnownAs[].registeredId,yes,no,string,not published,yes,,,,,,The registration number (alphanumeric) of the Party within the register. Unique within the register.
3 data,05-dolmino-mix-1124-passport,DPP,$.credentialSubject.producedAtFacility,yes,yes,object,not published,yes,,placeholder,ODS,,Required field. Where the dataset was assembled is not published.,The Facility where the product batch was produced / manufactured.
3 data,05-dolmino-mix-1124-passport,DPP,$.credentialSubject.producedAtFacility.type,yes,no,array<string>,not published,yes,,placeholder,ODS,,Required field. Where the dataset was assembled is not published. (inherited from parent field),
3 data,05-dolmino-mix-1124-passport,DPP,$.credentialSubject.producedAtFacility.id,yes,yes,string,not published,yes,https://example.org/untp-ai/facility/not-published,placeholder,ODS,,Required field. Where the dataset was assembled is not published. (inherited from parent field),Globally unique identifier of this facility. Typically represented as a URI identifierScheme/Identifier URI
3 data,05-dolmino-mix-1124-passport,DPP,$.credentialSubject.producedAtFacility.name,yes,yes,string,not published,yes,Not published,placeholder,ODS,,Required field. Where the dataset was assembled is not published. (inherited from parent field),Name of this facility as defined the location register.
3 data,05-dolmino-mix-1124-passport,DPP,$.credentialSubject.producedAtFacility.registeredId,yes,no,string,not published,yes,,,,,,The registration number (alphanumeric) of the facility within the identifier scheme. Unique within the register.
3 data,05-dolmino-mix-1124-passport,DPP,$.credentialSubject.productionDate,yes,no,string,not published,yes,,,,,,The ISO 8601 date on which the product batch or individual serialised item was manufactured.
3 data,05-dolmino-mix-1124-passport,DPP,$.credentialSubject.expiryDate,yes,no,string,not published,no,,,,,Not applicable to this item or not used by this reconstruction.,The date at which this product is no longer fit for use. Typically used for a food product use-by date but may also represent the usable life of any product.
3 data,05-dolmino-mix-1124-passport,DPP,$.credentialSubject.countryOfProduction,yes,yes,object,not published,yes,,placeholder,ODS,,"Required field. No public source states where this was produced. ZZ is the ISO 3166 user-assigned code, used here as an explicit placeholder.",The country in which this item was produced / manufactured.using ISO-3166 code and name.
3 data,05-dolmino-mix-1124-passport,DPP,$.credentialSubject.countryOfProduction.countryCode,yes,yes,string,not published,yes,ZZ,placeholder,ODS,,"Required field. No public source states where this was produced. ZZ is the ISO 3166 user-assigned code, used here as an explicit placeholder. (inherited from parent field)","ISO 3166 country code      This is an enumerated value, but the list of valid values are too big, or change too often to include here. You can access the lis..."
3 data,05-dolmino-mix-1124-passport,DPP,$.credentialSubject.countryOfProduction.countryName,yes,no,string,not published,yes,Not published,placeholder,ODS,,"Required field. No public source states where this was produced. ZZ is the ISO 3166 user-assigned code, used here as an explicit placeholder. (inherited from parent field)",Country Name as defined in ISO 3166
3 data,05-dolmino-mix-1124-passport,DPP,$.credentialSubject.dimensions,yes,no,object,needs extension vocabulary,yes,,,,,No data-size dimension (bytes); see aic:byteSize / aic:totalArtefactSize.,The physical dimensions of the product. Not every dimension is relevant to every products.  For example bulk materials may have weight and volume but not len...
3 data,05-dolmino-mix-1124-passport,DPP,$.credentialSubject.dimensions.weight,yes,no,object,needs extension vocabulary,yes,,,,,No data-size dimension (bytes); see aic:byteSize / aic:totalArtefactSize.,"the weight of the product. EG {""value"":10, ""unit"":""KGM""}"
3 data,05-dolmino-mix-1124-passport,DPP,$.credentialSubject.dimensions.weight.value,yes,yes,number,needs extension vocabulary,yes,,,,,No data-size dimension (bytes); see aic:byteSize / aic:totalArtefactSize.,The numeric value of the measure
3 data,05-dolmino-mix-1124-passport,DPP,$.credentialSubject.dimensions.weight.upperTolerance,yes,no,number,needs extension vocabulary,yes,,,,,No data-size dimension (bytes); see aic:byteSize / aic:totalArtefactSize.,"The upper tolerance associated with this measure expressed in the same units as the measure.  For example value=10, upperTolerance=0.1, unit=KGM would mean t..."
3 data,05-dolmino-mix-1124-passport,DPP,$.credentialSubject.dimensions.weight.lowerTolerance,yes,no,number,needs extension vocabulary,yes,,,,,No data-size dimension (bytes); see aic:byteSize / aic:totalArtefactSize.,"The lower tolerance associated with this measure expressed in the same units as the measure.  For example value=10, lowerTolerance=0.1, unit=KGM would mean t..."
3 data,05-dolmino-mix-1124-passport,DPP,$.credentialSubject.dimensions.weight.unit,yes,yes,string,needs extension vocabulary,yes,,,,,No data-size dimension (bytes); see aic:byteSize / aic:totalArtefactSize.,"Unit of measure drawn from the UNECE Rec20 measure code list.      This is an enumerated value, but the list of valid values are too big, or change too often..."
3 data,05-dolmino-mix-1124-passport,DPP,$.credentialSubject.dimensions.length,yes,no,object,needs extension vocabulary,yes,,,,,No data-size dimension (bytes); see aic:byteSize / aic:totalArtefactSize.,"The length of the product or packaging eg {""value"":840, ""unit"":""MMT""}"
3 data,05-dolmino-mix-1124-passport,DPP,$.credentialSubject.dimensions.length.value,yes,yes,number,needs extension vocabulary,yes,,,,,No data-size dimension (bytes); see aic:byteSize / aic:totalArtefactSize.,The numeric value of the measure
3 data,05-dolmino-mix-1124-passport,DPP,$.credentialSubject.dimensions.length.upperTolerance,yes,no,number,needs extension vocabulary,yes,,,,,No data-size dimension (bytes); see aic:byteSize / aic:totalArtefactSize.,"The upper tolerance associated with this measure expressed in the same units as the measure.  For example value=10, upperTolerance=0.1, unit=KGM would mean t..."
3 data,05-dolmino-mix-1124-passport,DPP,$.credentialSubject.dimensions.length.lowerTolerance,yes,no,number,needs extension vocabulary,yes,,,,,No data-size dimension (bytes); see aic:byteSize / aic:totalArtefactSize.,"The lower tolerance associated with this measure expressed in the same units as the measure.  For example value=10, lowerTolerance=0.1, unit=KGM would mean t..."
3 data,05-dolmino-mix-1124-passport,DPP,$.credentialSubject.dimensions.length.unit,yes,yes,string,needs extension vocabulary,yes,,,,,No data-size dimension (bytes); see aic:byteSize / aic:totalArtefactSize.,"Unit of measure drawn from the UNECE Rec20 measure code list.      This is an enumerated value, but the list of valid values are too big, or change too often..."
3 data,05-dolmino-mix-1124-passport,DPP,$.credentialSubject.dimensions.width,yes,no,object,needs extension vocabulary,yes,,,,,No data-size dimension (bytes); see aic:byteSize / aic:totalArtefactSize.,"The width of the product or packaging. eg {""value"":150, ""unit"":""MMT""}"
3 data,05-dolmino-mix-1124-passport,DPP,$.credentialSubject.dimensions.width.value,yes,yes,number,needs extension vocabulary,yes,,,,,No data-size dimension (bytes); see aic:byteSize / aic:totalArtefactSize.,The numeric value of the measure
3 data,05-dolmino-mix-1124-passport,DPP,$.credentialSubject.dimensions.width.upperTolerance,yes,no,number,needs extension vocabulary,yes,,,,,No data-size dimension (bytes); see aic:byteSize / aic:totalArtefactSize.,"The upper tolerance associated with this measure expressed in the same units as the measure.  For example value=10, upperTolerance=0.1, unit=KGM would mean t..."
3 data,05-dolmino-mix-1124-passport,DPP,$.credentialSubject.dimensions.width.lowerTolerance,yes,no,number,needs extension vocabulary,yes,,,,,No data-size dimension (bytes); see aic:byteSize / aic:totalArtefactSize.,"The lower tolerance associated with this measure expressed in the same units as the measure.  For example value=10, lowerTolerance=0.1, unit=KGM would mean t..."
3 data,05-dolmino-mix-1124-passport,DPP,$.credentialSubject.dimensions.width.unit,yes,yes,string,needs extension vocabulary,yes,,,,,No data-size dimension (bytes); see aic:byteSize / aic:totalArtefactSize.,"Unit of measure drawn from the UNECE Rec20 measure code list.      This is an enumerated value, but the list of valid values are too big, or change too often..."
3 data,05-dolmino-mix-1124-passport,DPP,$.credentialSubject.dimensions.height,yes,no,object,needs extension vocabulary,yes,,,,,No data-size dimension (bytes); see aic:byteSize / aic:totalArtefactSize.,"The height of the product or packaging. eg {""value"":220, ""unit"":""MMT""}"
3 data,05-dolmino-mix-1124-passport,DPP,$.credentialSubject.dimensions.height.value,yes,yes,number,needs extension vocabulary,yes,,,,,No data-size dimension (bytes); see aic:byteSize / aic:totalArtefactSize.,The numeric value of the measure
3 data,05-dolmino-mix-1124-passport,DPP,$.credentialSubject.dimensions.height.upperTolerance,yes,no,number,needs extension vocabulary,yes,,,,,No data-size dimension (bytes); see aic:byteSize / aic:totalArtefactSize.,"The upper tolerance associated with this measure expressed in the same units as the measure.  For example value=10, upperTolerance=0.1, unit=KGM would mean t..."
3 data,05-dolmino-mix-1124-passport,DPP,$.credentialSubject.dimensions.height.lowerTolerance,yes,no,number,needs extension vocabulary,yes,,,,,No data-size dimension (bytes); see aic:byteSize / aic:totalArtefactSize.,"The lower tolerance associated with this measure expressed in the same units as the measure.  For example value=10, lowerTolerance=0.1, unit=KGM would mean t..."
3 data,05-dolmino-mix-1124-passport,DPP,$.credentialSubject.dimensions.height.unit,yes,yes,string,needs extension vocabulary,yes,,,,,No data-size dimension (bytes); see aic:byteSize / aic:totalArtefactSize.,"Unit of measure drawn from the UNECE Rec20 measure code list.      This is an enumerated value, but the list of valid values are too big, or change too often..."
3 data,05-dolmino-mix-1124-passport,DPP,$.credentialSubject.dimensions.volume,yes,no,object,needs extension vocabulary,yes,,,,,No data-size dimension (bytes); see aic:byteSize / aic:totalArtefactSize.,"The displacement volume of the product. eg {""value"":7.5, ""unit"":""LTR""}"
3 data,05-dolmino-mix-1124-passport,DPP,$.credentialSubject.dimensions.volume.value,yes,yes,number,needs extension vocabulary,yes,,,,,No data-size dimension (bytes); see aic:byteSize / aic:totalArtefactSize.,The numeric value of the measure
3 data,05-dolmino-mix-1124-passport,DPP,$.credentialSubject.dimensions.volume.upperTolerance,yes,no,number,needs extension vocabulary,yes,,,,,No data-size dimension (bytes); see aic:byteSize / aic:totalArtefactSize.,"The upper tolerance associated with this measure expressed in the same units as the measure.  For example value=10, upperTolerance=0.1, unit=KGM would mean t..."
3 data,05-dolmino-mix-1124-passport,DPP,$.credentialSubject.dimensions.volume.lowerTolerance,yes,no,number,needs extension vocabulary,yes,,,,,No data-size dimension (bytes); see aic:byteSize / aic:totalArtefactSize.,"The lower tolerance associated with this measure expressed in the same units as the measure.  For example value=10, lowerTolerance=0.1, unit=KGM would mean t..."
3 data,05-dolmino-mix-1124-passport,DPP,$.credentialSubject.dimensions.volume.unit,yes,yes,string,needs extension vocabulary,yes,,,,,No data-size dimension (bytes); see aic:byteSize / aic:totalArtefactSize.,"Unit of measure drawn from the UNECE Rec20 measure code list.      This is an enumerated value, but the list of valid values are too big, or change too often..."
3 data,05-dolmino-mix-1124-passport,DPP,$.credentialSubject.materialProvenance[],yes,no,object,needs extension vocabulary,yes,,,,,"Composition of datasets and models is by tokens or components, not mass fraction and origin country; for the H100 no mass fractions are published. See aic:composition / aic:components.",A list of materials provenance objects providing details on the origin and mass fraction of materials of the product or batch.
3 data,05-dolmino-mix-1124-passport,DPP,$.credentialSubject.materialProvenance[].name,yes,yes,string,needs extension vocabulary,yes,,,,,"Composition of datasets and models is by tokens or components, not mass fraction and origin country; for the H100 no mass fractions are published. See aic:composition / aic:components.","Name of this material (eg ""Egyptian Cotton"")"
3 data,05-dolmino-mix-1124-passport,DPP,$.credentialSubject.materialProvenance[].originCountry,yes,yes,object,needs extension vocabulary,yes,,,,,"Composition of datasets and models is by tokens or components, not mass fraction and origin country; for the H100 no mass fractions are published. See aic:composition / aic:components.",A ISO 3166-1 code representing the country of origin of the component or ingredient.
3 data,05-dolmino-mix-1124-passport,DPP,$.credentialSubject.materialProvenance[].originCountry.countryCode,yes,yes,string,needs extension vocabulary,yes,,,,,"Composition of datasets and models is by tokens or components, not mass fraction and origin country; for the H100 no mass fractions are published. See aic:composition / aic:components.","ISO 3166 country code      This is an enumerated value, but the list of valid values are too big, or change too often to include here. You can access the lis..."
3 data,05-dolmino-mix-1124-passport,DPP,$.credentialSubject.materialProvenance[].originCountry.countryName,yes,no,string,needs extension vocabulary,yes,,,,,"Composition of datasets and models is by tokens or components, not mass fraction and origin country; for the H100 no mass fractions are published. See aic:composition / aic:components.",Country Name as defined in ISO 3166
3 data,05-dolmino-mix-1124-passport,DPP,$.credentialSubject.materialProvenance[].materialType,yes,yes,object,needs extension vocabulary,yes,,,,,"Composition of datasets and models is by tokens or components, not mass fraction and origin country; for the H100 no mass fractions are published. See aic:composition / aic:components.",The type of this material - as a value drawn from a controlled vocabulary eg from UN Framework Classification for Resources (UNFC).
3 data,05-dolmino-mix-1124-passport,DPP,$.credentialSubject.materialProvenance[].materialType.code,yes,yes,string,needs extension vocabulary,yes,,,,,"Composition of datasets and models is by tokens or components, not mass fraction and origin country; for the H100 no mass fractions are published. See aic:composition / aic:components.",classification code within the scheme
3 data,05-dolmino-mix-1124-passport,DPP,$.credentialSubject.materialProvenance[].materialType.name,yes,yes,string,needs extension vocabulary,yes,,,,,"Composition of datasets and models is by tokens or components, not mass fraction and origin country; for the H100 no mass fractions are published. See aic:composition / aic:components.",Name of the classification represented by the code
3 data,05-dolmino-mix-1124-passport,DPP,$.credentialSubject.materialProvenance[].materialType.definition,yes,no,string,needs extension vocabulary,yes,,,,,"Composition of datasets and models is by tokens or components, not mass fraction and origin country; for the H100 no mass fractions are published. See aic:composition / aic:components.",A rich definition of this classification code.
3 data,05-dolmino-mix-1124-passport,DPP,$.credentialSubject.materialProvenance[].materialType.schemeId,yes,yes,string,needs extension vocabulary,yes,,,,,"Composition of datasets and models is by tokens or components, not mass fraction and origin country; for the H100 no mass fractions are published. See aic:composition / aic:components.",Classification scheme ID
3 data,05-dolmino-mix-1124-passport,DPP,$.credentialSubject.materialProvenance[].materialType.schemeName,yes,yes,string,needs extension vocabulary,yes,,,,,"Composition of datasets and models is by tokens or components, not mass fraction and origin country; for the H100 no mass fractions are published. See aic:composition / aic:components.",The name of the classification scheme
3 data,05-dolmino-mix-1124-passport,DPP,$.credentialSubject.materialProvenance[].massFraction,yes,yes,number,needs extension vocabulary,yes,,,,,"Composition of datasets and models is by tokens or components, not mass fraction and origin country; for the H100 no mass fractions are published. See aic:composition / aic:components.",The mass fraction as a decimal of the product (or facility reporting period)  represented by this material. 
3 data,05-dolmino-mix-1124-passport,DPP,$.credentialSubject.materialProvenance[].mass,yes,no,object,needs extension vocabulary,yes,,,,,"Composition of datasets and models is by tokens or components, not mass fraction and origin country; for the H100 no mass fractions are published. See aic:composition / aic:components.",The mass of the material component.
3 data,05-dolmino-mix-1124-passport,DPP,$.credentialSubject.materialProvenance[].mass.value,yes,yes,number,needs extension vocabulary,yes,,,,,"Composition of datasets and models is by tokens or components, not mass fraction and origin country; for the H100 no mass fractions are published. See aic:composition / aic:components.",The numeric value of the measure
3 data,05-dolmino-mix-1124-passport,DPP,$.credentialSubject.materialProvenance[].mass.upperTolerance,yes,no,number,needs extension vocabulary,yes,,,,,"Composition of datasets and models is by tokens or components, not mass fraction and origin country; for the H100 no mass fractions are published. See aic:composition / aic:components.","The upper tolerance associated with this measure expressed in the same units as the measure.  For example value=10, upperTolerance=0.1, unit=KGM would mean t..."
3 data,05-dolmino-mix-1124-passport,DPP,$.credentialSubject.materialProvenance[].mass.lowerTolerance,yes,no,number,needs extension vocabulary,yes,,,,,"Composition of datasets and models is by tokens or components, not mass fraction and origin country; for the H100 no mass fractions are published. See aic:composition / aic:components.","The lower tolerance associated with this measure expressed in the same units as the measure.  For example value=10, lowerTolerance=0.1, unit=KGM would mean t..."
3 data,05-dolmino-mix-1124-passport,DPP,$.credentialSubject.materialProvenance[].mass.unit,yes,yes,string,needs extension vocabulary,yes,,,,,"Composition of datasets and models is by tokens or components, not mass fraction and origin country; for the H100 no mass fractions are published. See aic:composition / aic:components.","Unit of measure drawn from the UNECE Rec20 measure code list.      This is an enumerated value, but the list of valid values are too big, or change too often..."
3 data,05-dolmino-mix-1124-passport,DPP,$.credentialSubject.materialProvenance[].recycledMassFraction,yes,no,number,needs extension vocabulary,yes,,,,,"Composition of datasets and models is by tokens or components, not mass fraction and origin country; for the H100 no mass fractions are published. See aic:composition / aic:components.",Mass fraction of this material that is recycled (eg 50% recycled Lithium)
3 data,05-dolmino-mix-1124-passport,DPP,$.credentialSubject.materialProvenance[].hazardous,yes,no,boolean,needs extension vocabulary,yes,,,,,"Composition of datasets and models is by tokens or components, not mass fraction and origin country; for the H100 no mass fractions are published. See aic:composition / aic:components.",Indicates whether this material is hazardous. If true then the materialSafetyInformation property must be present
3 data,05-dolmino-mix-1124-passport,DPP,$.credentialSubject.materialProvenance[].symbol,yes,no,object,needs extension vocabulary,yes,,,,,"Composition of datasets and models is by tokens or components, not mass fraction and origin country; for the H100 no mass fractions are published. See aic:composition / aic:components.",Based 64 encoded binary used to represent a visual symbol for a given material. 
3 data,05-dolmino-mix-1124-passport,DPP,$.credentialSubject.materialProvenance[].symbol.name,yes,yes,string,needs extension vocabulary,yes,,,,,"Composition of datasets and models is by tokens or components, not mass fraction and origin country; for the H100 no mass fractions are published. See aic:composition / aic:components.",the display name for this image
3 data,05-dolmino-mix-1124-passport,DPP,$.credentialSubject.materialProvenance[].symbol.description,yes,no,string,needs extension vocabulary,yes,,,,,"Composition of datasets and models is by tokens or components, not mass fraction and origin country; for the H100 no mass fractions are published. See aic:composition / aic:components.",The detailed description / supporting information for this image.
3 data,05-dolmino-mix-1124-passport,DPP,$.credentialSubject.materialProvenance[].symbol.imageData,yes,yes,string,needs extension vocabulary,yes,,,,,"Composition of datasets and models is by tokens or components, not mass fraction and origin country; for the H100 no mass fractions are published. See aic:composition / aic:components.",The image data encoded as a base64 string.
3 data,05-dolmino-mix-1124-passport,DPP,$.credentialSubject.materialProvenance[].symbol.mediaType,yes,yes,string,needs extension vocabulary,yes,,,,,"Composition of datasets and models is by tokens or components, not mass fraction and origin country; for the H100 no mass fractions are published. See aic:composition / aic:components.","The media type of this image (eg image/png)      This is an enumerated value, but the list of valid values are too big, or change too often to include here. ..."
3 data,05-dolmino-mix-1124-passport,DPP,$.credentialSubject.materialProvenance[].materialSafetyInformation,yes,no,object,needs extension vocabulary,yes,,,,,"Composition of datasets and models is by tokens or components, not mass fraction and origin country; for the H100 no mass fractions are published. See aic:composition / aic:components.",Reference to further information about safe handling of this hazardous material (for example a link to a material safety data sheet)
3 data,05-dolmino-mix-1124-passport,DPP,$.credentialSubject.materialProvenance[].materialSafetyInformation.linkURL,yes,yes,string,needs extension vocabulary,yes,,,,,"Composition of datasets and models is by tokens or components, not mass fraction and origin country; for the H100 no mass fractions are published. See aic:composition / aic:components.",The URL of the target resource.  
3 data,05-dolmino-mix-1124-passport,DPP,$.credentialSubject.materialProvenance[].materialSafetyInformation.linkName,yes,yes,string,needs extension vocabulary,yes,,,,,"Composition of datasets and models is by tokens or components, not mass fraction and origin country; for the H100 no mass fractions are published. See aic:composition / aic:components.",Display name for this link.
3 data,05-dolmino-mix-1124-passport,DPP,$.credentialSubject.materialProvenance[].materialSafetyInformation.digestMultibase,yes,no,string,needs extension vocabulary,yes,,,,,"Composition of datasets and models is by tokens or components, not mass fraction and origin country; for the H100 no mass fractions are published. See aic:composition / aic:components.",An optional multi-base encoded digest to ensure the content of the link has not changed. See https://www.w3.org/TR/vc-data-integrity/#resource-integrity for ...
3 data,05-dolmino-mix-1124-passport,DPP,$.credentialSubject.materialProvenance[].materialSafetyInformation.mediaType,yes,no,string,needs extension vocabulary,yes,,,,,"Composition of datasets and models is by tokens or components, not mass fraction and origin country; for the H100 no mass fractions are published. See aic:composition / aic:components.",The media type of the target resource.
3 data,05-dolmino-mix-1124-passport,DPP,$.credentialSubject.materialProvenance[].materialSafetyInformation.linkType,yes,no,string,needs extension vocabulary,yes,,,,,"Composition of datasets and models is by tokens or components, not mass fraction and origin country; for the H100 no mass fractions are published. See aic:composition / aic:components.",The type of the target resource - drawn from a controlled vocabulary 
3 data,05-dolmino-mix-1124-passport,DPP,$.credentialSubject.packaging,yes,no,object,not published,no,,,,,Not applicable to this item or not used by this reconstruction.,The packaging for this product.
3 data,05-dolmino-mix-1124-passport,DPP,$.credentialSubject.packaging.description,yes,yes,string,not published,no,,,,,Not applicable to this item or not used by this reconstruction.,Description of the packaging.
3 data,05-dolmino-mix-1124-passport,DPP,$.credentialSubject.packaging.dimensions,yes,yes,object,not published,no,,,,,Not applicable to this item or not used by this reconstruction.,dimensions of the packaging
3 data,05-dolmino-mix-1124-passport,DPP,$.credentialSubject.packaging.dimensions.weight,yes,no,object,not published,no,,,,,Not applicable to this item or not used by this reconstruction.,"the weight of the product. EG {""value"":10, ""unit"":""KGM""}"
3 data,05-dolmino-mix-1124-passport,DPP,$.credentialSubject.packaging.dimensions.weight.value,yes,yes,number,not published,no,,,,,Not applicable to this item or not used by this reconstruction.,The numeric value of the measure
3 data,05-dolmino-mix-1124-passport,DPP,$.credentialSubject.packaging.dimensions.weight.upperTolerance,yes,no,number,not published,no,,,,,Not applicable to this item or not used by this reconstruction.,"The upper tolerance associated with this measure expressed in the same units as the measure.  For example value=10, upperTolerance=0.1, unit=KGM would mean t..."
3 data,05-dolmino-mix-1124-passport,DPP,$.credentialSubject.packaging.dimensions.weight.lowerTolerance,yes,no,number,not published,no,,,,,Not applicable to this item or not used by this reconstruction.,"The lower tolerance associated with this measure expressed in the same units as the measure.  For example value=10, lowerTolerance=0.1, unit=KGM would mean t..."
3 data,05-dolmino-mix-1124-passport,DPP,$.credentialSubject.packaging.dimensions.weight.unit,yes,yes,string,not published,no,,,,,Not applicable to this item or not used by this reconstruction.,"Unit of measure drawn from the UNECE Rec20 measure code list.      This is an enumerated value, but the list of valid values are too big, or change too often..."
3 data,05-dolmino-mix-1124-passport,DPP,$.credentialSubject.packaging.dimensions.length,yes,no,object,not published,no,,,,,Not applicable to this item or not used by this reconstruction.,"The length of the product or packaging eg {""value"":840, ""unit"":""MMT""}"
3 data,05-dolmino-mix-1124-passport,DPP,$.credentialSubject.packaging.dimensions.length.value,yes,yes,number,not published,no,,,,,Not applicable to this item or not used by this reconstruction.,The numeric value of the measure
3 data,05-dolmino-mix-1124-passport,DPP,$.credentialSubject.packaging.dimensions.length.upperTolerance,yes,no,number,not published,no,,,,,Not applicable to this item or not used by this reconstruction.,"The upper tolerance associated with this measure expressed in the same units as the measure.  For example value=10, upperTolerance=0.1, unit=KGM would mean t..."
3 data,05-dolmino-mix-1124-passport,DPP,$.credentialSubject.packaging.dimensions.length.lowerTolerance,yes,no,number,not published,no,,,,,Not applicable to this item or not used by this reconstruction.,"The lower tolerance associated with this measure expressed in the same units as the measure.  For example value=10, lowerTolerance=0.1, unit=KGM would mean t..."
3 data,05-dolmino-mix-1124-passport,DPP,$.credentialSubject.packaging.dimensions.length.unit,yes,yes,string,not published,no,,,,,Not applicable to this item or not used by this reconstruction.,"Unit of measure drawn from the UNECE Rec20 measure code list.      This is an enumerated value, but the list of valid values are too big, or change too often..."
3 data,05-dolmino-mix-1124-passport,DPP,$.credentialSubject.packaging.dimensions.width,yes,no,object,not published,no,,,,,Not applicable to this item or not used by this reconstruction.,"The width of the product or packaging. eg {""value"":150, ""unit"":""MMT""}"
3 data,05-dolmino-mix-1124-passport,DPP,$.credentialSubject.packaging.dimensions.width.value,yes,yes,number,not published,no,,,,,Not applicable to this item or not used by this reconstruction.,The numeric value of the measure
3 data,05-dolmino-mix-1124-passport,DPP,$.credentialSubject.packaging.dimensions.width.upperTolerance,yes,no,number,not published,no,,,,,Not applicable to this item or not used by this reconstruction.,"The upper tolerance associated with this measure expressed in the same units as the measure.  For example value=10, upperTolerance=0.1, unit=KGM would mean t..."
3 data,05-dolmino-mix-1124-passport,DPP,$.credentialSubject.packaging.dimensions.width.lowerTolerance,yes,no,number,not published,no,,,,,Not applicable to this item or not used by this reconstruction.,"The lower tolerance associated with this measure expressed in the same units as the measure.  For example value=10, lowerTolerance=0.1, unit=KGM would mean t..."
3 data,05-dolmino-mix-1124-passport,DPP,$.credentialSubject.packaging.dimensions.width.unit,yes,yes,string,not published,no,,,,,Not applicable to this item or not used by this reconstruction.,"Unit of measure drawn from the UNECE Rec20 measure code list.      This is an enumerated value, but the list of valid values are too big, or change too often..."
3 data,05-dolmino-mix-1124-passport,DPP,$.credentialSubject.packaging.dimensions.height,yes,no,object,not published,no,,,,,Not applicable to this item or not used by this reconstruction.,"The height of the product or packaging. eg {""value"":220, ""unit"":""MMT""}"
3 data,05-dolmino-mix-1124-passport,DPP,$.credentialSubject.packaging.dimensions.height.value,yes,yes,number,not published,no,,,,,Not applicable to this item or not used by this reconstruction.,The numeric value of the measure
3 data,05-dolmino-mix-1124-passport,DPP,$.credentialSubject.packaging.dimensions.height.upperTolerance,yes,no,number,not published,no,,,,,Not applicable to this item or not used by this reconstruction.,"The upper tolerance associated with this measure expressed in the same units as the measure.  For example value=10, upperTolerance=0.1, unit=KGM would mean t..."
3 data,05-dolmino-mix-1124-passport,DPP,$.credentialSubject.packaging.dimensions.height.lowerTolerance,yes,no,number,not published,no,,,,,Not applicable to this item or not used by this reconstruction.,"The lower tolerance associated with this measure expressed in the same units as the measure.  For example value=10, lowerTolerance=0.1, unit=KGM would mean t..."
3 data,05-dolmino-mix-1124-passport,DPP,$.credentialSubject.packaging.dimensions.height.unit,yes,yes,string,not published,no,,,,,Not applicable to this item or not used by this reconstruction.,"Unit of measure drawn from the UNECE Rec20 measure code list.      This is an enumerated value, but the list of valid values are too big, or change too often..."
3 data,05-dolmino-mix-1124-passport,DPP,$.credentialSubject.packaging.dimensions.volume,yes,no,object,not published,no,,,,,Not applicable to this item or not used by this reconstruction.,"The displacement volume of the product. eg {""value"":7.5, ""unit"":""LTR""}"
3 data,05-dolmino-mix-1124-passport,DPP,$.credentialSubject.packaging.dimensions.volume.value,yes,yes,number,not published,no,,,,,Not applicable to this item or not used by this reconstruction.,The numeric value of the measure
3 data,05-dolmino-mix-1124-passport,DPP,$.credentialSubject.packaging.dimensions.volume.upperTolerance,yes,no,number,not published,no,,,,,Not applicable to this item or not used by this reconstruction.,"The upper tolerance associated with this measure expressed in the same units as the measure.  For example value=10, upperTolerance=0.1, unit=KGM would mean t..."
3 data,05-dolmino-mix-1124-passport,DPP,$.credentialSubject.packaging.dimensions.volume.lowerTolerance,yes,no,number,not published,no,,,,,Not applicable to this item or not used by this reconstruction.,"The lower tolerance associated with this measure expressed in the same units as the measure.  For example value=10, lowerTolerance=0.1, unit=KGM would mean t..."
3 data,05-dolmino-mix-1124-passport,DPP,$.credentialSubject.packaging.dimensions.volume.unit,yes,yes,string,not published,no,,,,,Not applicable to this item or not used by this reconstruction.,"Unit of measure drawn from the UNECE Rec20 measure code list.      This is an enumerated value, but the list of valid values are too big, or change too often..."
3 data,05-dolmino-mix-1124-passport,DPP,$.credentialSubject.packaging.materialUsed[],yes,yes,object,not published,no,,,,,Not applicable to this item or not used by this reconstruction.,materials used for the packaging.
3 data,05-dolmino-mix-1124-passport,DPP,$.credentialSubject.packaging.materialUsed[].name,yes,yes,string,not published,no,,,,,Not applicable to this item or not used by this reconstruction.,"Name of this material (eg ""Egyptian Cotton"")"
3 data,05-dolmino-mix-1124-passport,DPP,$.credentialSubject.packaging.materialUsed[].originCountry,yes,yes,object,not published,no,,,,,Not applicable to this item or not used by this reconstruction.,A ISO 3166-1 code representing the country of origin of the component or ingredient.
3 data,05-dolmino-mix-1124-passport,DPP,$.credentialSubject.packaging.materialUsed[].originCountry.countryCode,yes,yes,string,not published,no,,,,,Not applicable to this item or not used by this reconstruction.,"ISO 3166 country code      This is an enumerated value, but the list of valid values are too big, or change too often to include here. You can access the lis..."
3 data,05-dolmino-mix-1124-passport,DPP,$.credentialSubject.packaging.materialUsed[].originCountry.countryName,yes,no,string,not published,no,,,,,Not applicable to this item or not used by this reconstruction.,Country Name as defined in ISO 3166
3 data,05-dolmino-mix-1124-passport,DPP,$.credentialSubject.packaging.materialUsed[].materialType,yes,yes,object,not published,no,,,,,Not applicable to this item or not used by this reconstruction.,The type of this material - as a value drawn from a controlled vocabulary eg from UN Framework Classification for Resources (UNFC).
3 data,05-dolmino-mix-1124-passport,DPP,$.credentialSubject.packaging.materialUsed[].materialType.code,yes,yes,string,not published,no,,,,,Not applicable to this item or not used by this reconstruction.,classification code within the scheme
3 data,05-dolmino-mix-1124-passport,DPP,$.credentialSubject.packaging.materialUsed[].materialType.name,yes,yes,string,not published,no,,,,,Not applicable to this item or not used by this reconstruction.,Name of the classification represented by the code
3 data,05-dolmino-mix-1124-passport,DPP,$.credentialSubject.packaging.materialUsed[].materialType.definition,yes,no,string,not published,no,,,,,Not applicable to this item or not used by this reconstruction.,A rich definition of this classification code.
3 data,05-dolmino-mix-1124-passport,DPP,$.credentialSubject.packaging.materialUsed[].materialType.schemeId,yes,yes,string,not published,no,,,,,Not applicable to this item or not used by this reconstruction.,Classification scheme ID
3 data,05-dolmino-mix-1124-passport,DPP,$.credentialSubject.packaging.materialUsed[].materialType.schemeName,yes,yes,string,not published,no,,,,,Not applicable to this item or not used by this reconstruction.,The name of the classification scheme
3 data,05-dolmino-mix-1124-passport,DPP,$.credentialSubject.packaging.materialUsed[].massFraction,yes,yes,number,not published,no,,,,,Not applicable to this item or not used by this reconstruction.,The mass fraction as a decimal of the product (or facility reporting period)  represented by this material. 
3 data,05-dolmino-mix-1124-passport,DPP,$.credentialSubject.packaging.materialUsed[].mass,yes,no,object,not published,no,,,,,Not applicable to this item or not used by this reconstruction.,The mass of the material component.
3 data,05-dolmino-mix-1124-passport,DPP,$.credentialSubject.packaging.materialUsed[].mass.value,yes,yes,number,not published,no,,,,,Not applicable to this item or not used by this reconstruction.,The numeric value of the measure
3 data,05-dolmino-mix-1124-passport,DPP,$.credentialSubject.packaging.materialUsed[].mass.upperTolerance,yes,no,number,not published,no,,,,,Not applicable to this item or not used by this reconstruction.,"The upper tolerance associated with this measure expressed in the same units as the measure.  For example value=10, upperTolerance=0.1, unit=KGM would mean t..."
3 data,05-dolmino-mix-1124-passport,DPP,$.credentialSubject.packaging.materialUsed[].mass.lowerTolerance,yes,no,number,not published,no,,,,,Not applicable to this item or not used by this reconstruction.,"The lower tolerance associated with this measure expressed in the same units as the measure.  For example value=10, lowerTolerance=0.1, unit=KGM would mean t..."
3 data,05-dolmino-mix-1124-passport,DPP,$.credentialSubject.packaging.materialUsed[].mass.unit,yes,yes,string,not published,no,,,,,Not applicable to this item or not used by this reconstruction.,"Unit of measure drawn from the UNECE Rec20 measure code list.      This is an enumerated value, but the list of valid values are too big, or change too often..."
3 data,05-dolmino-mix-1124-passport,DPP,$.credentialSubject.packaging.materialUsed[].recycledMassFraction,yes,no,number,not published,no,,,,,Not applicable to this item or not used by this reconstruction.,Mass fraction of this material that is recycled (eg 50% recycled Lithium)
3 data,05-dolmino-mix-1124-passport,DPP,$.credentialSubject.packaging.materialUsed[].hazardous,yes,no,boolean,not published,no,,,,,Not applicable to this item or not used by this reconstruction.,Indicates whether this material is hazardous. If true then the materialSafetyInformation property must be present
3 data,05-dolmino-mix-1124-passport,DPP,$.credentialSubject.packaging.materialUsed[].symbol,yes,no,object,not published,no,,,,,Not applicable to this item or not used by this reconstruction.,Based 64 encoded binary used to represent a visual symbol for a given material. 
3 data,05-dolmino-mix-1124-passport,DPP,$.credentialSubject.packaging.materialUsed[].symbol.name,yes,yes,string,not published,no,,,,,Not applicable to this item or not used by this reconstruction.,the display name for this image
3 data,05-dolmino-mix-1124-passport,DPP,$.credentialSubject.packaging.materialUsed[].symbol.description,yes,no,string,not published,no,,,,,Not applicable to this item or not used by this reconstruction.,The detailed description / supporting information for this image.
3 data,05-dolmino-mix-1124-passport,DPP,$.credentialSubject.packaging.materialUsed[].symbol.imageData,yes,yes,string,not published,no,,,,,Not applicable to this item or not used by this reconstruction.,The image data encoded as a base64 string.
3 data,05-dolmino-mix-1124-passport,DPP,$.credentialSubject.packaging.materialUsed[].symbol.mediaType,yes,yes,string,not published,no,,,,,Not applicable to this item or not used by this reconstruction.,"The media type of this image (eg image/png)      This is an enumerated value, but the list of valid values are too big, or change too often to include here. ..."
3 data,05-dolmino-mix-1124-passport,DPP,$.credentialSubject.packaging.materialUsed[].materialSafetyInformation,yes,no,object,not published,no,,,,,Not applicable to this item or not used by this reconstruction.,Reference to further information about safe handling of this hazardous material (for example a link to a material safety data sheet)
3 data,05-dolmino-mix-1124-passport,DPP,$.credentialSubject.packaging.materialUsed[].materialSafetyInformation.linkURL,yes,yes,string,not published,no,,,,,Not applicable to this item or not used by this reconstruction.,The URL of the target resource.  
3 data,05-dolmino-mix-1124-passport,DPP,$.credentialSubject.packaging.materialUsed[].materialSafetyInformation.linkName,yes,yes,string,not published,no,,,,,Not applicable to this item or not used by this reconstruction.,Display name for this link.
3 data,05-dolmino-mix-1124-passport,DPP,$.credentialSubject.packaging.materialUsed[].materialSafetyInformation.digestMultibase,yes,no,string,not published,no,,,,,Not applicable to this item or not used by this reconstruction.,An optional multi-base encoded digest to ensure the content of the link has not changed. See https://www.w3.org/TR/vc-data-integrity/#resource-integrity for ...
3 data,05-dolmino-mix-1124-passport,DPP,$.credentialSubject.packaging.materialUsed[].materialSafetyInformation.mediaType,yes,no,string,not published,no,,,,,Not applicable to this item or not used by this reconstruction.,The media type of the target resource.
3 data,05-dolmino-mix-1124-passport,DPP,$.credentialSubject.packaging.materialUsed[].materialSafetyInformation.linkType,yes,no,string,not published,no,,,,,Not applicable to this item or not used by this reconstruction.,The type of the target resource - drawn from a controlled vocabulary 
3 data,05-dolmino-mix-1124-passport,DPP,$.credentialSubject.packaging.packageLabel[],yes,no,object,not published,no,,,,,Not applicable to this item or not used by this reconstruction.,An array of package labels that may appear on the packaging together with their meaning. Use for small images that represent certification marks or regulator...
3 data,05-dolmino-mix-1124-passport,DPP,$.credentialSubject.packaging.packageLabel[].name,yes,yes,string,not published,no,,,,,Not applicable to this item or not used by this reconstruction.,the display name for this image
3 data,05-dolmino-mix-1124-passport,DPP,$.credentialSubject.packaging.packageLabel[].description,yes,no,string,not published,no,,,,,Not applicable to this item or not used by this reconstruction.,The detailed description / supporting information for this image.
3 data,05-dolmino-mix-1124-passport,DPP,$.credentialSubject.packaging.packageLabel[].imageData,yes,yes,string,not published,no,,,,,Not applicable to this item or not used by this reconstruction.,The image data encoded as a base64 string.
3 data,05-dolmino-mix-1124-passport,DPP,$.credentialSubject.packaging.packageLabel[].mediaType,yes,yes,string,not published,no,,,,,Not applicable to this item or not used by this reconstruction.,"The media type of this image (eg image/png)      This is an enumerated value, but the list of valid values are too big, or change too often to include here. ..."
3 data,05-dolmino-mix-1124-passport,DPP,$.credentialSubject.packaging.performanceClaim[],yes,no,object,not published,no,,,,,Not applicable to this item or not used by this reconstruction.,conformity claims made about the packaging.
3 data,05-dolmino-mix-1124-passport,DPP,$.credentialSubject.packaging.performanceClaim[].type,yes,no,array<string>,not published,no,,,,,Not applicable to this item or not used by this reconstruction.,
3 data,05-dolmino-mix-1124-passport,DPP,$.credentialSubject.packaging.performanceClaim[].id,yes,yes,string,not published,no,,,,,Not applicable to this item or not used by this reconstruction.,Globally unique identifier of this claim. Typically represented as a URI companyURL/claimID URI or a UUID
3 data,05-dolmino-mix-1124-passport,DPP,$.credentialSubject.packaging.performanceClaim[].name,yes,yes,string,not published,no,,,,,Not applicable to this item or not used by this reconstruction.,Name of this claim - typically similar or the same as the referenced criterion name.
3 data,05-dolmino-mix-1124-passport,DPP,$.credentialSubject.packaging.performanceClaim[].description,yes,no,string,not published,no,,,,,Not applicable to this item or not used by this reconstruction.,Description of this conformity claim
3 data,05-dolmino-mix-1124-passport,DPP,$.credentialSubject.packaging.performanceClaim[].referenceCriteria[],yes,yes,object,not published,no,,,,,Not applicable to this item or not used by this reconstruction.,The criterion against which the claim is made.
3 data,05-dolmino-mix-1124-passport,DPP,$.credentialSubject.packaging.performanceClaim[].referenceCriteria[].type,yes,no,array<string>,not published,no,,,,,Not applicable to this item or not used by this reconstruction.,
3 data,05-dolmino-mix-1124-passport,DPP,$.credentialSubject.packaging.performanceClaim[].referenceCriteria[].id,yes,yes,string,not published,no,,,,,Not applicable to this item or not used by this reconstruction.,Globally unique identifier of this conformity criterion. Typically represented as a URI SchemeOwner/CriterionID URI
3 data,05-dolmino-mix-1124-passport,DPP,$.credentialSubject.packaging.performanceClaim[].referenceCriteria[].name,yes,yes,string,not published,no,,,,,Not applicable to this item or not used by this reconstruction.,Name of this criterion as defined by the scheme owner.
3 data,05-dolmino-mix-1124-passport,DPP,$.credentialSubject.packaging.performanceClaim[].referenceRegulation[],yes,no,object,not published,no,,,,,Not applicable to this item or not used by this reconstruction.,List of references to regulation to which conformity is claimed claimed for this product
3 data,05-dolmino-mix-1124-passport,DPP,$.credentialSubject.packaging.performanceClaim[].referenceRegulation[].type,yes,no,array<string>,not published,no,,,,,Not applicable to this item or not used by this reconstruction.,
3 data,05-dolmino-mix-1124-passport,DPP,$.credentialSubject.packaging.performanceClaim[].referenceRegulation[].id,yes,yes,string,not published,no,,,,,Not applicable to this item or not used by this reconstruction.,Globally unique identifier of this standard. Typically represented as a URI government/regulation URI
3 data,05-dolmino-mix-1124-passport,DPP,$.credentialSubject.packaging.performanceClaim[].referenceRegulation[].name,yes,yes,string,not published,no,,,,,Not applicable to this item or not used by this reconstruction.,Name of this regulation as defined by the regulator.
3 data,05-dolmino-mix-1124-passport,DPP,$.credentialSubject.packaging.performanceClaim[].referenceStandard[],yes,no,object,not published,no,,,,,Not applicable to this item or not used by this reconstruction.,List of references to standards to which conformity is claimed claimed for this product
3 data,05-dolmino-mix-1124-passport,DPP,$.credentialSubject.packaging.performanceClaim[].referenceStandard[].type,yes,no,array<string>,not published,no,,,,,Not applicable to this item or not used by this reconstruction.,
3 data,05-dolmino-mix-1124-passport,DPP,$.credentialSubject.packaging.performanceClaim[].referenceStandard[].id,yes,yes,string,not published,no,,,,,Not applicable to this item or not used by this reconstruction.,Globally unique identifier of this standard. Typically represented as a URI issuer/standard URI
3 data,05-dolmino-mix-1124-passport,DPP,$.credentialSubject.packaging.performanceClaim[].referenceStandard[].name,yes,yes,string,not published,no,,,,,Not applicable to this item or not used by this reconstruction.,Name for this standard
3 data,05-dolmino-mix-1124-passport,DPP,$.credentialSubject.packaging.performanceClaim[].claimDate,yes,yes,string,not published,no,,,,,Not applicable to this item or not used by this reconstruction.,That date on which the claimed performance is applicable.
3 data,05-dolmino-mix-1124-passport,DPP,$.credentialSubject.packaging.performanceClaim[].applicablePeriod,yes,no,object,not published,no,,,,,Not applicable to this item or not used by this reconstruction.,The applicable reporting period for this facility record.
3 data,05-dolmino-mix-1124-passport,DPP,$.credentialSubject.packaging.performanceClaim[].applicablePeriod.startDate,yes,yes,string,not published,no,,,,,Not applicable to this item or not used by this reconstruction.,The period start date
3 data,05-dolmino-mix-1124-passport,DPP,$.credentialSubject.packaging.performanceClaim[].applicablePeriod.endDate,yes,yes,string,not published,no,,,,,Not applicable to this item or not used by this reconstruction.,The period end date
3 data,05-dolmino-mix-1124-passport,DPP,$.credentialSubject.packaging.performanceClaim[].applicablePeriod.periodInformation,yes,no,string,not published,no,,,,,Not applicable to this item or not used by this reconstruction.,Additional information relevant to this reporting period
3 data,05-dolmino-mix-1124-passport,DPP,$.credentialSubject.packaging.performanceClaim[].claimedPerformance[],yes,yes,object,not published,no,,,,,Not applicable to this item or not used by this reconstruction.,The claimed performance level 
3 data,05-dolmino-mix-1124-passport,DPP,$.credentialSubject.packaging.performanceClaim[].claimedPerformance[].metric,yes,no,object,not published,no,,,,,Not applicable to this item or not used by this reconstruction.,The metric (eg material emissions intensity CO2e/Kg or percentage of young workers) that is measured.
3 data,05-dolmino-mix-1124-passport,DPP,$.credentialSubject.packaging.performanceClaim[].claimedPerformance[].metric.type,yes,no,array<string>,not published,no,,,,,Not applicable to this item or not used by this reconstruction.,
3 data,05-dolmino-mix-1124-passport,DPP,$.credentialSubject.packaging.performanceClaim[].claimedPerformance[].metric.id,yes,yes,string,not published,no,,,,,Not applicable to this item or not used by this reconstruction.,Globally unique identifier of this reporting metric. 
3 data,05-dolmino-mix-1124-passport,DPP,$.credentialSubject.packaging.performanceClaim[].claimedPerformance[].metric.name,yes,yes,string,not published,no,,,,,Not applicable to this item or not used by this reconstruction.,"A human readable name for this metric (for example ""water usage per Kg of material"")"
3 data,05-dolmino-mix-1124-passport,DPP,$.credentialSubject.packaging.performanceClaim[].claimedPerformance[].measure,yes,no,object,not published,no,,,,,Not applicable to this item or not used by this reconstruction.,The measured performance value
3 data,05-dolmino-mix-1124-passport,DPP,$.credentialSubject.packaging.performanceClaim[].claimedPerformance[].measure.value,yes,yes,number,not published,no,,,,,Not applicable to this item or not used by this reconstruction.,The numeric value of the measure
3 data,05-dolmino-mix-1124-passport,DPP,$.credentialSubject.packaging.performanceClaim[].claimedPerformance[].measure.upperTolerance,yes,no,number,not published,no,,,,,Not applicable to this item or not used by this reconstruction.,"The upper tolerance associated with this measure expressed in the same units as the measure.  For example value=10, upperTolerance=0.1, unit=KGM would mean t..."
3 data,05-dolmino-mix-1124-passport,DPP,$.credentialSubject.packaging.performanceClaim[].claimedPerformance[].measure.lowerTolerance,yes,no,number,not published,no,,,,,Not applicable to this item or not used by this reconstruction.,"The lower tolerance associated with this measure expressed in the same units as the measure.  For example value=10, lowerTolerance=0.1, unit=KGM would mean t..."
3 data,05-dolmino-mix-1124-passport,DPP,$.credentialSubject.packaging.performanceClaim[].claimedPerformance[].measure.unit,yes,yes,string,not published,no,,,,,Not applicable to this item or not used by this reconstruction.,"Unit of measure drawn from the UNECE Rec20 measure code list.      This is an enumerated value, but the list of valid values are too big, or change too often..."
3 data,05-dolmino-mix-1124-passport,DPP,$.credentialSubject.packaging.performanceClaim[].claimedPerformance[].score,yes,no,object,not published,no,,,,,Not applicable to this item or not used by this reconstruction.,"A performance score (eg ""AA"") drawn from a scoring framework defined by the scheme or criterion."
3 data,05-dolmino-mix-1124-passport,DPP,$.credentialSubject.packaging.performanceClaim[].claimedPerformance[].score.code,yes,yes,string,not published,no,,,,,Not applicable to this item or not used by this reconstruction.,"The coded value for this score (eg ""AAA"")"
3 data,05-dolmino-mix-1124-passport,DPP,$.credentialSubject.packaging.performanceClaim[].claimedPerformance[].score.rank,yes,no,integer,not published,no,,,,,Not applicable to this item or not used by this reconstruction.,"The ranking of this score within the scoring framework - using an integer where ""1"" is the highest rank."
3 data,05-dolmino-mix-1124-passport,DPP,$.credentialSubject.packaging.performanceClaim[].claimedPerformance[].score.definition,yes,no,string,not published,no,,,,,Not applicable to this item or not used by this reconstruction.,A description of the meaning of this score.
3 data,05-dolmino-mix-1124-passport,DPP,$.credentialSubject.packaging.performanceClaim[].evidence[],yes,no,object,not published,no,,,,,Not applicable to this item or not used by this reconstruction.,A URI pointing to the evidence supporting the claim. SHOULD be a URL to a UNTP Digital Conformity Credential (DCC)
3 data,05-dolmino-mix-1124-passport,DPP,$.credentialSubject.packaging.performanceClaim[].evidence[].linkURL,yes,yes,string,not published,no,,,,,Not applicable to this item or not used by this reconstruction.,The URL of the target resource.  
3 data,05-dolmino-mix-1124-passport,DPP,$.credentialSubject.packaging.performanceClaim[].evidence[].linkName,yes,yes,string,not published,no,,,,,Not applicable to this item or not used by this reconstruction.,Display name for this link.
3 data,05-dolmino-mix-1124-passport,DPP,$.credentialSubject.packaging.performanceClaim[].evidence[].digestMultibase,yes,no,string,not published,no,,,,,Not applicable to this item or not used by this reconstruction.,An optional multi-base encoded digest to ensure the content of the link has not changed. See https://www.w3.org/TR/vc-data-integrity/#resource-integrity for ...
3 data,05-dolmino-mix-1124-passport,DPP,$.credentialSubject.packaging.performanceClaim[].evidence[].mediaType,yes,no,string,not published,no,,,,,Not applicable to this item or not used by this reconstruction.,The media type of the target resource.
3 data,05-dolmino-mix-1124-passport,DPP,$.credentialSubject.packaging.performanceClaim[].evidence[].linkType,yes,no,string,not published,no,,,,,Not applicable to this item or not used by this reconstruction.,The type of the target resource - drawn from a controlled vocabulary 
3 data,05-dolmino-mix-1124-passport,DPP,$.credentialSubject.packaging.performanceClaim[].conformityTopic[],yes,yes,object,not published,no,,,,,Not applicable to this item or not used by this reconstruction.,The conformity topic category for this assessment
3 data,05-dolmino-mix-1124-passport,DPP,$.credentialSubject.packaging.performanceClaim[].conformityTopic[].type,yes,no,array<string>,not published,no,,,,,Not applicable to this item or not used by this reconstruction.,
3 data,05-dolmino-mix-1124-passport,DPP,$.credentialSubject.packaging.performanceClaim[].conformityTopic[].id,yes,yes,string,not published,no,,,,,Not applicable to this item or not used by this reconstruction.,The unique identifier for this conformity topic
3 data,05-dolmino-mix-1124-passport,DPP,$.credentialSubject.packaging.performanceClaim[].conformityTopic[].name,yes,yes,string,not published,no,,,,,Not applicable to this item or not used by this reconstruction.,The human readable name for this conformity topic.
3 data,05-dolmino-mix-1124-passport,DPP,$.credentialSubject.packaging.performanceClaim[].conformityTopic[].definition,yes,no,string,not published,no,,,,,Not applicable to this item or not used by this reconstruction.,The rich definition of this conformity topic.
3 data,05-dolmino-mix-1124-passport,DPP,$.credentialSubject.productLabel[],yes,no,object,not published,no,,,,,Not applicable to this item or not used by this reconstruction.,An array of labels that may appear on the product such as certification marks or regulatory labels.
3 data,05-dolmino-mix-1124-passport,DPP,$.credentialSubject.productLabel[].name,yes,yes,string,not published,no,,,,,Not applicable to this item or not used by this reconstruction.,the display name for this image
3 data,05-dolmino-mix-1124-passport,DPP,$.credentialSubject.productLabel[].description,yes,no,string,not published,no,,,,,Not applicable to this item or not used by this reconstruction.,The detailed description / supporting information for this image.
3 data,05-dolmino-mix-1124-passport,DPP,$.credentialSubject.productLabel[].imageData,yes,yes,string,not published,no,,,,,Not applicable to this item or not used by this reconstruction.,The image data encoded as a base64 string.
3 data,05-dolmino-mix-1124-passport,DPP,$.credentialSubject.productLabel[].mediaType,yes,yes,string,not published,no,,,,,Not applicable to this item or not used by this reconstruction.,"The media type of this image (eg image/png)      This is an enumerated value, but the list of valid values are too big, or change too often to include here. ..."
3 data,05-dolmino-mix-1124-passport,DPP,$.credentialSubject.performanceClaim[],yes,no,object,not published,yes,,,,,,A list of performance claims (eg emissions intensity) for this product.
3 data,05-dolmino-mix-1124-passport,DPP,$.credentialSubject.performanceClaim[].type,yes,no,array<string>,not published,yes,,,,,,
3 data,05-dolmino-mix-1124-passport,DPP,$.credentialSubject.performanceClaim[].id,yes,yes,string,not published,yes,,,,,,Globally unique identifier of this claim. Typically represented as a URI companyURL/claimID URI or a UUID
3 data,05-dolmino-mix-1124-passport,DPP,$.credentialSubject.performanceClaim[].name,yes,yes,string,not published,yes,,,,,,Name of this claim - typically similar or the same as the referenced criterion name.
3 data,05-dolmino-mix-1124-passport,DPP,$.credentialSubject.performanceClaim[].description,yes,no,string,not published,yes,,,,,,Description of this conformity claim
3 data,05-dolmino-mix-1124-passport,DPP,$.credentialSubject.performanceClaim[].referenceCriteria[],yes,yes,object,not published,yes,,,,,,The criterion against which the claim is made.
3 data,05-dolmino-mix-1124-passport,DPP,$.credentialSubject.performanceClaim[].referenceCriteria[].type,yes,no,array<string>,not published,yes,,,,,,
3 data,05-dolmino-mix-1124-passport,DPP,$.credentialSubject.performanceClaim[].referenceCriteria[].id,yes,yes,string,not published,yes,,,,,,Globally unique identifier of this conformity criterion. Typically represented as a URI SchemeOwner/CriterionID URI
3 data,05-dolmino-mix-1124-passport,DPP,$.credentialSubject.performanceClaim[].referenceCriteria[].name,yes,yes,string,not published,yes,,,,,,Name of this criterion as defined by the scheme owner.
3 data,05-dolmino-mix-1124-passport,DPP,$.credentialSubject.performanceClaim[].referenceRegulation[],yes,no,object,not published,yes,,,,,,List of references to regulation to which conformity is claimed claimed for this product
3 data,05-dolmino-mix-1124-passport,DPP,$.credentialSubject.performanceClaim[].referenceRegulation[].type,yes,no,array<string>,not published,yes,,,,,,
3 data,05-dolmino-mix-1124-passport,DPP,$.credentialSubject.performanceClaim[].referenceRegulation[].id,yes,yes,string,not published,yes,,,,,,Globally unique identifier of this standard. Typically represented as a URI government/regulation URI
3 data,05-dolmino-mix-1124-passport,DPP,$.credentialSubject.performanceClaim[].referenceRegulation[].name,yes,yes,string,not published,yes,,,,,,Name of this regulation as defined by the regulator.
3 data,05-dolmino-mix-1124-passport,DPP,$.credentialSubject.performanceClaim[].referenceStandard[],yes,no,object,not published,yes,,,,,,List of references to standards to which conformity is claimed claimed for this product
3 data,05-dolmino-mix-1124-passport,DPP,$.credentialSubject.performanceClaim[].referenceStandard[].type,yes,no,array<string>,not published,yes,,,,,,
3 data,05-dolmino-mix-1124-passport,DPP,$.credentialSubject.performanceClaim[].referenceStandard[].id,yes,yes,string,not published,yes,,,,,,Globally unique identifier of this standard. Typically represented as a URI issuer/standard URI
3 data,05-dolmino-mix-1124-passport,DPP,$.credentialSubject.performanceClaim[].referenceStandard[].name,yes,yes,string,not published,yes,,,,,,Name for this standard
3 data,05-dolmino-mix-1124-passport,DPP,$.credentialSubject.performanceClaim[].claimDate,yes,yes,string,not published,yes,,,,,,That date on which the claimed performance is applicable.
3 data,05-dolmino-mix-1124-passport,DPP,$.credentialSubject.performanceClaim[].applicablePeriod,yes,no,object,not published,yes,,,,,,The applicable reporting period for this facility record.
3 data,05-dolmino-mix-1124-passport,DPP,$.credentialSubject.performanceClaim[].applicablePeriod.startDate,yes,yes,string,not published,yes,,,,,,The period start date
3 data,05-dolmino-mix-1124-passport,DPP,$.credentialSubject.performanceClaim[].applicablePeriod.endDate,yes,yes,string,not published,yes,,,,,,The period end date
3 data,05-dolmino-mix-1124-passport,DPP,$.credentialSubject.performanceClaim[].applicablePeriod.periodInformation,yes,no,string,not published,yes,,,,,,Additional information relevant to this reporting period
3 data,05-dolmino-mix-1124-passport,DPP,$.credentialSubject.performanceClaim[].claimedPerformance[],yes,yes,object,not published,yes,,,,,,The claimed performance level 
3 data,05-dolmino-mix-1124-passport,DPP,$.credentialSubject.performanceClaim[].claimedPerformance[].metric,yes,no,object,not published,yes,,,,,,The metric (eg material emissions intensity CO2e/Kg or percentage of young workers) that is measured.
3 data,05-dolmino-mix-1124-passport,DPP,$.credentialSubject.performanceClaim[].claimedPerformance[].metric.type,yes,no,array<string>,not published,yes,,,,,,
3 data,05-dolmino-mix-1124-passport,DPP,$.credentialSubject.performanceClaim[].claimedPerformance[].metric.id,yes,yes,string,not published,yes,,,,,,Globally unique identifier of this reporting metric. 
3 data,05-dolmino-mix-1124-passport,DPP,$.credentialSubject.performanceClaim[].claimedPerformance[].metric.name,yes,yes,string,not published,yes,,,,,,"A human readable name for this metric (for example ""water usage per Kg of material"")"
3 data,05-dolmino-mix-1124-passport,DPP,$.credentialSubject.performanceClaim[].claimedPerformance[].measure,yes,no,object,not published,yes,,,,,,The measured performance value
3 data,05-dolmino-mix-1124-passport,DPP,$.credentialSubject.performanceClaim[].claimedPerformance[].measure.value,yes,yes,number,not published,yes,,,,,,The numeric value of the measure
3 data,05-dolmino-mix-1124-passport,DPP,$.credentialSubject.performanceClaim[].claimedPerformance[].measure.upperTolerance,yes,no,number,not published,yes,,,,,,"The upper tolerance associated with this measure expressed in the same units as the measure.  For example value=10, upperTolerance=0.1, unit=KGM would mean t..."
3 data,05-dolmino-mix-1124-passport,DPP,$.credentialSubject.performanceClaim[].claimedPerformance[].measure.lowerTolerance,yes,no,number,not published,yes,,,,,,"The lower tolerance associated with this measure expressed in the same units as the measure.  For example value=10, lowerTolerance=0.1, unit=KGM would mean t..."
3 data,05-dolmino-mix-1124-passport,DPP,$.credentialSubject.performanceClaim[].claimedPerformance[].measure.unit,yes,yes,string,not published,yes,,,,,,"Unit of measure drawn from the UNECE Rec20 measure code list.      This is an enumerated value, but the list of valid values are too big, or change too often..."
3 data,05-dolmino-mix-1124-passport,DPP,$.credentialSubject.performanceClaim[].claimedPerformance[].score,yes,no,object,not published,yes,,,,,,"A performance score (eg ""AA"") drawn from a scoring framework defined by the scheme or criterion."
3 data,05-dolmino-mix-1124-passport,DPP,$.credentialSubject.performanceClaim[].claimedPerformance[].score.code,yes,yes,string,not published,yes,,,,,,"The coded value for this score (eg ""AAA"")"
3 data,05-dolmino-mix-1124-passport,DPP,$.credentialSubject.performanceClaim[].claimedPerformance[].score.rank,yes,no,integer,not published,yes,,,,,,"The ranking of this score within the scoring framework - using an integer where ""1"" is the highest rank."
3 data,05-dolmino-mix-1124-passport,DPP,$.credentialSubject.performanceClaim[].claimedPerformance[].score.definition,yes,no,string,not published,yes,,,,,,A description of the meaning of this score.
3 data,05-dolmino-mix-1124-passport,DPP,$.credentialSubject.performanceClaim[].evidence[],yes,no,object,not published,yes,,,,,,A URI pointing to the evidence supporting the claim. SHOULD be a URL to a UNTP Digital Conformity Credential (DCC)
3 data,05-dolmino-mix-1124-passport,DPP,$.credentialSubject.performanceClaim[].evidence[].linkURL,yes,yes,string,not published,yes,,,,,,The URL of the target resource.  
3 data,05-dolmino-mix-1124-passport,DPP,$.credentialSubject.performanceClaim[].evidence[].linkName,yes,yes,string,not published,yes,,,,,,Display name for this link.
3 data,05-dolmino-mix-1124-passport,DPP,$.credentialSubject.performanceClaim[].evidence[].digestMultibase,yes,no,string,not published,yes,,,,,,An optional multi-base encoded digest to ensure the content of the link has not changed. See https://www.w3.org/TR/vc-data-integrity/#resource-integrity for ...
3 data,05-dolmino-mix-1124-passport,DPP,$.credentialSubject.performanceClaim[].evidence[].mediaType,yes,no,string,not published,yes,,,,,,The media type of the target resource.
3 data,05-dolmino-mix-1124-passport,DPP,$.credentialSubject.performanceClaim[].evidence[].linkType,yes,no,string,not published,yes,,,,,,The type of the target resource - drawn from a controlled vocabulary 
3 data,05-dolmino-mix-1124-passport,DPP,$.credentialSubject.performanceClaim[].conformityTopic[],yes,yes,object,not published,yes,,,,,,The conformity topic category for this assessment
3 data,05-dolmino-mix-1124-passport,DPP,$.credentialSubject.performanceClaim[].conformityTopic[].type,yes,no,array<string>,not published,yes,,,,,,
3 data,05-dolmino-mix-1124-passport,DPP,$.credentialSubject.performanceClaim[].conformityTopic[].id,yes,yes,string,not published,yes,,,,,,The unique identifier for this conformity topic
3 data,05-dolmino-mix-1124-passport,DPP,$.credentialSubject.performanceClaim[].conformityTopic[].name,yes,yes,string,not published,yes,,,,,,The human readable name for this conformity topic.
3 data,05-dolmino-mix-1124-passport,DPP,$.credentialSubject.performanceClaim[].conformityTopic[].definition,yes,no,string,not published,yes,,,,,,The rich definition of this conformity topic.
3 data,05-dolmino-mix-1124-passport,DPP,$.issuingSoftware,yes,no,object,not published,no,,,,,Not applicable to this item or not used by this reconstruction.,Optional metadata identifying the software product (and its vendor) that issued this credential. Useful for vendor traceability and conformity testing. Issue...
3 data,05-dolmino-mix-1124-passport,DPP,$.issuingSoftware.id,yes,yes,string,not published,no,,,,,Not applicable to this item or not used by this reconstruction.,A resolvable identifier for the specific version of the software product that issued this credential.
3 data,05-dolmino-mix-1124-passport,DPP,$.issuingSoftware.name,yes,yes,string,not published,no,,,,,Not applicable to this item or not used by this reconstruction.,The name of the software product that issued this credential.
3 data,05-dolmino-mix-1124-passport,DPP,$.issuingSoftware.version,yes,yes,string,not published,no,,,,,Not applicable to this item or not used by this reconstruction.,The version of the software product that issued this credential.
3 data,05-dolmino-mix-1124-passport,DPP,$.issuingSoftware.vendor,yes,yes,object,not published,no,,,,,Not applicable to this item or not used by this reconstruction.,The vendor of the software product that issued this credential.
3 data,05-dolmino-mix-1124-passport,DPP,$.issuingSoftware.vendor.id,yes,yes,string,not published,no,,,,,Not applicable to this item or not used by this reconstruction.,The decentralised identifier (DID) or other resolvable identifier of the software vendor.
3 data,05-dolmino-mix-1124-passport,DPP,$.issuingSoftware.vendor.name,yes,yes,string,not published,no,,,,,Not applicable to this item or not used by this reconstruction.,The name of the software vendor.
3 data,05-dolmino-mix-1124-passport,DPP,$.description,yes (additional property),no,,issuer-controlled,yes,Reconstructed by Open Data Services (ODS) from public sources for the AI Supply Chains field work (September 2026). None of the parties named in this credent...,issuer-controlled,ODS,,VCDM 2.0 'description'; allowed by the UNTP schema's additionalProperties.,
3 data,05-dolmino-mix-1124-passport,DPP,$.credentialSubject.characteristics.aic:tokenCount,no,no,extension,needs extension vocabulary,yes,,stated,HF-DOLMINO,Total row,,Proposed AI compute and models extension property
3 data,05-dolmino-mix-1124-passport,DPP,$.credentialSubject.characteristics.aic:byteSize,no,no,extension,needs extension vocabulary,yes,,stated,HF-DOLMINO,Total row,,Proposed AI compute and models extension property
3 data,05-dolmino-mix-1124-passport,DPP,$.credentialSubject.characteristics.aic:documentCount,no,no,extension,needs extension vocabulary,yes,,stated,HF-DOLMINO,Total row,,Proposed AI compute and models extension property
3 data,05-dolmino-mix-1124-passport,DPP,$.credentialSubject.characteristics.aic:licence,no,no,extension,needs extension vocabulary,yes,ODC-By-1.0,stated,HF-DOLMINO,Licensing Information,Also subject to Common Crawl Terms of Use; component licences differ.,Proposed AI compute and models extension property
3 data,05-dolmino-mix-1124-passport,DPP,$.credentialSubject.characteristics.aic:composition,no,no,extension,needs extension vocabulary,yes,,stated,HF-DOLMINO,Source Sizes table,,Proposed AI compute and models extension property
3 data,05-dolmino-mix-1124-passport,DPP,$.credentialSubject.characteristics.aic:sampleComposition,no,no,extension,needs extension vocabulary,yes,,stated,HF-DOLMINO,"Mix Compositions table, 50B column",The 50B sample is the one used for OLMo 2 7B (report §4.5).,Proposed AI compute and models extension property
4 training runs,06-training-run-jupiter,DTE,$,yes,yes,object,container,yes,,,,,Structural: see the fields beneath.,A Digital Traceability Event (DTE) credential.
4 training runs,06-training-run-jupiter,DTE,$.type,yes,no,array<string>,issuer-controlled,yes,,issuer-controlled,ODS,,,
4 training runs,06-training-run-jupiter,DTE,$.@context,yes,yes,array<string>,issuer-controlled,yes,,issuer-controlled,ODS,,Third entry is the proposed AI compute and models extension context (fictional URL; local copy in extension/).,A list of JSON-LD context URIs that define the semantic meaning of properties within the credential. 
4 training runs,06-training-run-jupiter,DTE,$.id,yes,yes,string,issuer-controlled,yes,https://example.org/untp-ai/credentials/training-run-jupiter,issuer-controlled,ODS,,,A unique identifier (URI) assigned to this verifiable credential.
4 training runs,06-training-run-jupiter,DTE,$.issuer,yes,yes,object,issuer-controlled,yes,,issuer-controlled,ODS,,Fictional issuer. The DID does not resolve and nothing is signed.,"The organisation that is the issuer of this VC. Note that the ""id"" property MUST be a W3C DID.  Other identifiers such as tax registration numbers can be lis..."
4 training runs,06-training-run-jupiter,DTE,$.issuer.type,yes,no,array<string>,issuer-controlled,yes,,issuer-controlled,ODS,,Fictional issuer. The DID does not resolve and nothing is signed. (inherited from parent field),
4 training runs,06-training-run-jupiter,DTE,$.issuer.id,yes,yes,string,issuer-controlled,yes,did:web:example.org,issuer-controlled,ODS,,Fictional issuer. The DID does not resolve and nothing is signed. (inherited from parent field),The W3C DID of the issuer - should be a did:web or did:webvh
4 training runs,06-training-run-jupiter,DTE,$.issuer.name,yes,yes,string,issuer-controlled,yes,Example reconstruction issuer (fictional; ODS AI Supply Chains prototype),issuer-controlled,ODS,,Fictional issuer. The DID does not resolve and nothing is signed. (inherited from parent field),The name of the issuer person or organisation
4 training runs,06-training-run-jupiter,DTE,$.issuer.issuerAlsoKnownAs[],yes,no,object,not published,no,,,,,Not applicable to this item or not used by this reconstruction.,An optional list of other registered identifiers for this credential issuer 
4 training runs,06-training-run-jupiter,DTE,$.issuer.issuerAlsoKnownAs[].type,yes,no,array<string>,not published,no,,,,,Not applicable to this item or not used by this reconstruction.,
4 training runs,06-training-run-jupiter,DTE,$.issuer.issuerAlsoKnownAs[].id,yes,yes,string,not published,no,,,,,Not applicable to this item or not used by this reconstruction.,Globally unique identifier of this party. Typically represented as a URI identifierScheme/Identifier URI
4 training runs,06-training-run-jupiter,DTE,$.issuer.issuerAlsoKnownAs[].name,yes,yes,string,not published,no,,,,,Not applicable to this item or not used by this reconstruction.,Legal registered name of this party.
4 training runs,06-training-run-jupiter,DTE,$.issuer.issuerAlsoKnownAs[].registeredId,yes,no,string,not published,no,,,,,Not applicable to this item or not used by this reconstruction.,The registration number (alphanumeric) of the Party within the register. Unique within the register.
4 training runs,06-training-run-jupiter,DTE,$.validFrom,yes,yes,string,issuer-controlled,yes,2026-09-30T00:00:00Z,issuer-controlled,ODS,,,The date and time from which the credential is valid.
4 training runs,06-training-run-jupiter,DTE,$.validUntil,yes,no,string,not published,no,,,,,Not applicable to this item or not used by this reconstruction.,The expiry date (if applicable) of this verifiable credential.
4 training runs,06-training-run-jupiter,DTE,$.name,yes,yes,string,issuer-controlled,yes,Digital Traceability Event: OLMo 2 7B training at Jupiter,issuer-controlled,ODS,,,"Name of this verifiable credential instance (eg the title of a digital product passport, facility record, lifecycle event, or conformity credential)"
4 training runs,06-training-run-jupiter,DTE,$.credentialStatus,yes,no,object,not published,no,,,,,Not applicable to this item or not used by this reconstruction.,A W3C VCDM2.0 compliant object containing credential status information.
4 training runs,06-training-run-jupiter,DTE,$.credentialStatus.type,yes,yes,string enum['BitstringStatusListEntry'],not published,no,,,,,Not applicable to this item or not used by this reconstruction.,"The type of status list - must be set to ""The type property MUST be BitstringStatusListEntry."""
4 training runs,06-training-run-jupiter,DTE,$.credentialStatus.id,yes,no,string,not published,no,,,,,Not applicable to this item or not used by this reconstruction.,optional identifier of this status list entry.
4 training runs,06-training-run-jupiter,DTE,$.credentialStatus.statusPurpose,yes,yes,"string enum['refresh', 'revocation', 'suspension', 'message']",not published,no,,,,,Not applicable to this item or not used by this reconstruction.,Status purpose drawn from a standard list but extensible as per w3c bitstring status list specification.
4 training runs,06-training-run-jupiter,DTE,$.credentialStatus.statusListIndex,yes,yes,integer,not published,no,,,,,Not applicable to this item or not used by this reconstruction.,"	The statusListIndex property MUST be an arbitrary size integer greater than or equal to 0, expressed as a string in base 10. The value identifies the positi..."
4 training runs,06-training-run-jupiter,DTE,$.credentialStatus.statusListCredential,yes,yes,string,not published,no,,,,,Not applicable to this item or not used by this reconstruction.,"The statusListCredential property MUST be a URL to a verifiable credential. When the URL is dereferenced, the resulting verifiable credential MUST have type ..."
4 training runs,06-training-run-jupiter,DTE,$.renderMethod[],yes,no,object,not published,no,,,,,Not applicable to this item or not used by this reconstruction.,Human rendering information for this credential. An array of render methods (eg RenderTemplate2024) that may be used to display the credential.
4 training runs,06-training-run-jupiter,DTE,$.renderMethod[].type,yes,no,array<string>,not published,no,,,,,Not applicable to this item or not used by this reconstruction.,
4 training runs,06-training-run-jupiter,DTE,$.renderMethod[].name,yes,no,string,not published,no,,,,,Not applicable to this item or not used by this reconstruction.,Human facing display name for selection
4 training runs,06-training-run-jupiter,DTE,$.renderMethod[].mediaQuery,yes,no,string,not published,no,,,,,Not applicable to this item or not used by this reconstruction.,Media query as defined in https://www.w3.org/TR/mediaqueries-4/
4 training runs,06-training-run-jupiter,DTE,$.renderMethod[].template,yes,no,string,not published,no,,,,,Not applicable to this item or not used by this reconstruction.,An inline template field for use cases where remote retrieval of a render method is suboptimal
4 training runs,06-training-run-jupiter,DTE,$.renderMethod[].url,yes,no,string,not published,no,,,,,Not applicable to this item or not used by this reconstruction.,URL for remotely hosted template
4 training runs,06-training-run-jupiter,DTE,$.renderMethod[].mediaType,yes,no,string,not published,no,,,,,Not applicable to this item or not used by this reconstruction.,media type of the rendered output (eg text/html)
4 training runs,06-training-run-jupiter,DTE,$.renderMethod[].digestMultibase,yes,no,string,not published,no,,,,,Not applicable to this item or not used by this reconstruction.,Used for resource integrity and/or validation of the inline `template`
4 training runs,06-training-run-jupiter,DTE,$.credentialSubject[],yes,yes,object,container,yes,,,,,Structural: see the fields beneath.,Transformation (manufacture/  production) of input products to output products at a given facility.
4 training runs,06-training-run-jupiter,DTE,$.credentialSubject[].type,yes,no,array<string>,issuer-controlled,yes,,issuer-controlled,ODS,,,
4 training runs,06-training-run-jupiter,DTE,$.credentialSubject[].id,yes,yes,string,issuer-controlled,yes,https://example.org/untp-ai/event/olmo-2-7b-training-jupiter,issuer-controlled,ODS,,,Globally unique ID for this lifecycle event. Should be a URI. Can be a UUID.
4 training runs,06-training-run-jupiter,DTE,$.credentialSubject[].name,yes,yes,string,published,yes,OLMo 2 7B training at Jupiter cluster (Ai2),stated,OLMO2,§6.1; §6.5,,The name for this lifecycle event 
4 training runs,06-training-run-jupiter,DTE,$.credentialSubject[].description,yes,no,string,published,yes,Part of OLMo 2 7B training (the bulk of 7B training). Beaker moved workloads between clusters; which stages or tokens ran here is not published.,stated,OLMO2,§6.1; §6.5,,The description of this lifecycle event.
4 training runs,06-training-run-jupiter,DTE,$.credentialSubject[].eventDate,yes,yes,string,not published,yes,2024-10-29T21:08:22Z,placeholder,ODS,,Required field. Training dates are not published. The Hugging Face repository creation time (2024-10-29T21:08:22Z) is used as a placeholder; it is not the event date.,The date and time at which this lifecycle event occurs. use 00:00 for time if only a date is required.
4 training runs,06-training-run-jupiter,DTE,$.credentialSubject[].sensorData[],yes,no,object,not published,no,,,,,Not applicable to this item or not used by this reconstruction.,A sensor data set associated with this lifecycle event.
4 training runs,06-training-run-jupiter,DTE,$.credentialSubject[].sensorData[].metric,yes,yes,object,not published,no,,,,,Not applicable to this item or not used by this reconstruction.,The type of measurement recorded in this sensor data event.
4 training runs,06-training-run-jupiter,DTE,$.credentialSubject[].sensorData[].metric.type,yes,no,array<string>,not published,no,,,,,Not applicable to this item or not used by this reconstruction.,
4 training runs,06-training-run-jupiter,DTE,$.credentialSubject[].sensorData[].metric.id,yes,yes,string,not published,no,,,,,Not applicable to this item or not used by this reconstruction.,Globally unique identifier of this reporting metric. 
4 training runs,06-training-run-jupiter,DTE,$.credentialSubject[].sensorData[].metric.name,yes,yes,string,not published,no,,,,,Not applicable to this item or not used by this reconstruction.,"A human readable name for this metric (for example ""water usage per Kg of material"")"
4 training runs,06-training-run-jupiter,DTE,$.credentialSubject[].sensorData[].measure[],yes,yes,object,not published,no,,,,,Not applicable to this item or not used by this reconstruction.,The value measured by this sensor measurement event.
4 training runs,06-training-run-jupiter,DTE,$.credentialSubject[].sensorData[].measure[].value,yes,yes,number,not published,no,,,,,Not applicable to this item or not used by this reconstruction.,The numeric value of the measure
4 training runs,06-training-run-jupiter,DTE,$.credentialSubject[].sensorData[].measure[].upperTolerance,yes,no,number,not published,no,,,,,Not applicable to this item or not used by this reconstruction.,"The upper tolerance associated with this measure expressed in the same units as the measure.  For example value=10, upperTolerance=0.1, unit=KGM would mean t..."
4 training runs,06-training-run-jupiter,DTE,$.credentialSubject[].sensorData[].measure[].lowerTolerance,yes,no,number,not published,no,,,,,Not applicable to this item or not used by this reconstruction.,"The lower tolerance associated with this measure expressed in the same units as the measure.  For example value=10, lowerTolerance=0.1, unit=KGM would mean t..."
4 training runs,06-training-run-jupiter,DTE,$.credentialSubject[].sensorData[].measure[].unit,yes,yes,string,not published,no,,,,,Not applicable to this item or not used by this reconstruction.,"Unit of measure drawn from the UNECE Rec20 measure code list.      This is an enumerated value, but the list of valid values are too big, or change too often..."
4 training runs,06-training-run-jupiter,DTE,$.credentialSubject[].sensorData[].rawData[],yes,no,object,not published,no,,,,,Not applicable to this item or not used by this reconstruction.,Link to raw data file associated with this sensor reading (eg an image).
4 training runs,06-training-run-jupiter,DTE,$.credentialSubject[].sensorData[].rawData[].linkURL,yes,yes,string,not published,no,,,,,Not applicable to this item or not used by this reconstruction.,The URL of the target resource.  
4 training runs,06-training-run-jupiter,DTE,$.credentialSubject[].sensorData[].rawData[].linkName,yes,yes,string,not published,no,,,,,Not applicable to this item or not used by this reconstruction.,Display name for this link.
4 training runs,06-training-run-jupiter,DTE,$.credentialSubject[].sensorData[].rawData[].digestMultibase,yes,no,string,not published,no,,,,,Not applicable to this item or not used by this reconstruction.,An optional multi-base encoded digest to ensure the content of the link has not changed. See https://www.w3.org/TR/vc-data-integrity/#resource-integrity for ...
4 training runs,06-training-run-jupiter,DTE,$.credentialSubject[].sensorData[].rawData[].mediaType,yes,no,string,not published,no,,,,,Not applicable to this item or not used by this reconstruction.,The media type of the target resource.
4 training runs,06-training-run-jupiter,DTE,$.credentialSubject[].sensorData[].rawData[].linkType,yes,no,string,not published,no,,,,,Not applicable to this item or not used by this reconstruction.,The type of the target resource - drawn from a controlled vocabulary 
4 training runs,06-training-run-jupiter,DTE,$.credentialSubject[].sensorData[].sensor,yes,no,object,not published,no,,,,,Not applicable to this item or not used by this reconstruction.,The sensor device used for this sensor measurement
4 training runs,06-training-run-jupiter,DTE,$.credentialSubject[].sensorData[].sensor.type,yes,no,array<string>,not published,no,,,,,Not applicable to this item or not used by this reconstruction.,
4 training runs,06-training-run-jupiter,DTE,$.credentialSubject[].sensorData[].sensor.id,yes,yes,string,not published,no,,,,,Not applicable to this item or not used by this reconstruction.,"Globally unique identifier of this product. Typically represented as a URI identifierScheme/Identifier URI or, if self-issued, as a did."
4 training runs,06-training-run-jupiter,DTE,$.credentialSubject[].sensorData[].sensor.name,yes,yes,string,not published,no,,,,,Not applicable to this item or not used by this reconstruction.,The product name as known to the market.
4 training runs,06-training-run-jupiter,DTE,$.credentialSubject[].sensorData[].geoLocation,yes,no,object,not published,no,,,,,Not applicable to this item or not used by this reconstruction.,The geolocation of this sensor data recording event.
4 training runs,06-training-run-jupiter,DTE,$.credentialSubject[].sensorData[].geoLocation.latitude,yes,yes,number,not published,no,,,,,Not applicable to this item or not used by this reconstruction.,"latitude: Angular distance north or south of the equator, expressed in decimal degrees.Valid range: −90.0 to +90.0."
4 training runs,06-training-run-jupiter,DTE,$.credentialSubject[].sensorData[].geoLocation.longitude,yes,yes,number,not published,no,,,,,Not applicable to this item or not used by this reconstruction.,"longitude: Angular distance east or west of the Prime Meridian, expressed in decimal degrees.Valid range: −180.0 to +180.0."
4 training runs,06-training-run-jupiter,DTE,$.credentialSubject[].relatedDocument[],yes,no,object,published,yes,,ODS-assigned,OLMO2; ODS,,linkType 'dfr' follows the dpp/dcc/dte pattern; not confirmed in the 0.7.0 link-type vocabulary.,A list of links to documentary evidence that supports this event. 
4 training runs,06-training-run-jupiter,DTE,$.credentialSubject[].relatedDocument[].linkURL,yes,yes,string,published,yes,https://arxiv.org/abs/2501.00656v3 | https://example.org/untp-ai/credentials/jupiter-facility-record,ODS-assigned,OLMO2; ODS,,linkType 'dfr' follows the dpp/dcc/dte pattern; not confirmed in the 0.7.0 link-type vocabulary. (inherited from parent field),The URL of the target resource.  
4 training runs,06-training-run-jupiter,DTE,$.credentialSubject[].relatedDocument[].linkName,yes,yes,string,published,yes,"OLMo 2 technical report (arXiv:2501.00656v3) | Jupiter cluster (Ai2), Austin, Texas (DFR)",ODS-assigned,OLMO2; ODS,,linkType 'dfr' follows the dpp/dcc/dte pattern; not confirmed in the 0.7.0 link-type vocabulary. (inherited from parent field),Display name for this link.
4 training runs,06-training-run-jupiter,DTE,$.credentialSubject[].relatedDocument[].digestMultibase,yes,no,string,not published,yes,,,,,,An optional multi-base encoded digest to ensure the content of the link has not changed. See https://www.w3.org/TR/vc-data-integrity/#resource-integrity for ...
4 training runs,06-training-run-jupiter,DTE,$.credentialSubject[].relatedDocument[].mediaType,yes,no,string,published,yes,text/html,ODS-assigned,OLMO2; ODS,,linkType 'dfr' follows the dpp/dcc/dte pattern; not confirmed in the 0.7.0 link-type vocabulary. (inherited from parent field),The media type of the target resource.
4 training runs,06-training-run-jupiter,DTE,$.credentialSubject[].relatedDocument[].linkType,yes,no,string,published,yes,https://test.uncefact.org/vocabulary/linkTypes/dfr,ODS-assigned,OLMO2; ODS,,linkType 'dfr' follows the dpp/dcc/dte pattern; not confirmed in the 0.7.0 link-type vocabulary. (inherited from parent field),The type of the target resource - drawn from a controlled vocabulary 
4 training runs,06-training-run-jupiter,DTE,$.credentialSubject[].activityType,yes,yes,object,needs extension vocabulary,yes,,ODS-assigned,ODS,,GS1 CBV BizStep has no training step. UNTP allows industry-specific schemes for activityType.,"The business activity that this event represents (eg shipping, repair, etc) using a standard classification scheme - eg https://ref.gs1.org/cbv/BizStep. This..."
4 training runs,06-training-run-jupiter,DTE,$.credentialSubject[].activityType.code,yes,yes,string,needs extension vocabulary,yes,training,ODS-assigned,ODS,,GS1 CBV BizStep has no training step. UNTP allows industry-specific schemes for activityType. (inherited from parent field),classification code within the scheme
4 training runs,06-training-run-jupiter,DTE,$.credentialSubject[].activityType.name,yes,yes,string,needs extension vocabulary,yes,Model training,ODS-assigned,ODS,,GS1 CBV BizStep has no training step. UNTP allows industry-specific schemes for activityType. (inherited from parent field),Name of the classification represented by the code
4 training runs,06-training-run-jupiter,DTE,$.credentialSubject[].activityType.definition,yes,no,string,needs extension vocabulary,yes,Producing or updating model weights by optimisation over a dataset. Covers pretraining and mid-training; the stage split by site is not published.,ODS-assigned,ODS,,GS1 CBV BizStep has no training step. UNTP allows industry-specific schemes for activityType. (inherited from parent field),A rich definition of this classification code.
4 training runs,06-training-run-jupiter,DTE,$.credentialSubject[].activityType.schemeId,yes,yes,string,needs extension vocabulary,yes,https://example.org/untp-ai/0.1/activityType,ODS-assigned,ODS,,GS1 CBV BizStep has no training step. UNTP allows industry-specific schemes for activityType. (inherited from parent field),Classification scheme ID
4 training runs,06-training-run-jupiter,DTE,$.credentialSubject[].activityType.schemeName,yes,yes,string,needs extension vocabulary,yes,AI compute and models activity types (proposed),ODS-assigned,ODS,,GS1 CBV BizStep has no training step. UNTP allows industry-specific schemes for activityType. (inherited from parent field),The name of the classification scheme
4 training runs,06-training-run-jupiter,DTE,$.credentialSubject[].relatedParty[],yes,no,object,published,yes,,stated,OLMO2,§6.1,Ai2 ran the training (Beaker). No 'trainer' role.,Any related parties and their roles involved in this event (eg the carrier for a shipment event)
4 training runs,06-training-run-jupiter,DTE,$.credentialSubject[].relatedParty[].role,yes,yes,"string enum['owner', 'producer', 'manufacturer', 'processor', 'remanufacturer', 'recycler', 'operator', 'serviceProvider', 'inspector', 'certifier', 'logisticsProvider', 'carrier', 'consignor', 'consignee', 'importer', 'exporter', 'distributor', 'retailer', 'brandOwner', 'regulator']",published,yes,producer,stated,OLMO2,§6.1,Ai2 ran the training (Beaker). No 'trainer' role. (inherited from parent field),The role played by the party in this relationship
4 training runs,06-training-run-jupiter,DTE,$.credentialSubject[].relatedParty[].party,yes,yes,object,published,yes,,stated,OLMO2,§6.1,Ai2 ran the training (Beaker). No 'trainer' role. (inherited from parent field),The party that has the specified role.
4 training runs,06-training-run-jupiter,DTE,$.credentialSubject[].relatedParty[].party.type,yes,no,array<string>,published,yes,,stated,OLMO2,§6.1,Ai2 ran the training (Beaker). No 'trainer' role. (inherited from parent field),
4 training runs,06-training-run-jupiter,DTE,$.credentialSubject[].relatedParty[].party.id,yes,yes,string,published,yes,https://projects.propublica.org/nonprofits/organizations/824083177,stated,PROPUBLICA-AI2,,No LEI exists (GLEIF-NONE). EIN register URL used as the resolvable party identifier.,Globally unique identifier of this party. Typically represented as a URI identifierScheme/Identifier URI
4 training runs,06-training-run-jupiter,DTE,$.credentialSubject[].relatedParty[].party.name,yes,yes,string,published,yes,The Allen Institute For Artificial Intelligence,stated,PROPUBLICA-AI2,,,Legal registered name of this party.
4 training runs,06-training-run-jupiter,DTE,$.credentialSubject[].relatedParty[].party.description,yes,no,string,not published,yes,,,,,,Description of the party including function and other names.
4 training runs,06-training-run-jupiter,DTE,$.credentialSubject[].relatedParty[].party.registeredId,yes,no,string,published,yes,82-4083177,stated,PROPUBLICA-AI2,,"Wikidata Q16002567 gives 91-2155317, which is the Allen Institute (bioscience).",The registration number (alphanumeric) of the Party within the register. Unique within the register.
4 training runs,06-training-run-jupiter,DTE,$.credentialSubject[].relatedParty[].party.idScheme,yes,no,object,not published,yes,,,,,,The identifier scheme of the party.  Typically a national business register or a global scheme such as GLEIF. 
4 training runs,06-training-run-jupiter,DTE,$.credentialSubject[].relatedParty[].party.idScheme.type,yes,no,array<string>,not published,yes,,,,,,
4 training runs,06-training-run-jupiter,DTE,$.credentialSubject[].relatedParty[].party.idScheme.id,yes,yes,string,not published,yes,,,,,,The URI of this identifier scheme
4 training runs,06-training-run-jupiter,DTE,$.credentialSubject[].relatedParty[].party.idScheme.name,yes,yes,string,not published,yes,,,,,,The name of the identifier scheme. 
4 training runs,06-training-run-jupiter,DTE,$.credentialSubject[].relatedParty[].party.registrationCountry,yes,no,object,not published,yes,,,,,,the country in which this organisation is registered - using ISO-3166 code and name.
4 training runs,06-training-run-jupiter,DTE,$.credentialSubject[].relatedParty[].party.registrationCountry.countryCode,yes,yes,string,not published,yes,,,,,,"ISO 3166 country code      This is an enumerated value, but the list of valid values are too big, or change too often to include here. You can access the lis..."
4 training runs,06-training-run-jupiter,DTE,$.credentialSubject[].relatedParty[].party.registrationCountry.countryName,yes,no,string,not published,yes,,,,,,Country Name as defined in ISO 3166
4 training runs,06-training-run-jupiter,DTE,$.credentialSubject[].relatedParty[].party.partyAddress,yes,no,object,not published,yes,,,,,,The address of the party
4 training runs,06-training-run-jupiter,DTE,$.credentialSubject[].relatedParty[].party.partyAddress.streetAddress,yes,yes,string,not published,yes,,,,,,the street address as an unstructured string.
4 training runs,06-training-run-jupiter,DTE,$.credentialSubject[].relatedParty[].party.partyAddress.postalCode,yes,yes,string,not published,yes,,,,,,The postal code or zip code for this address.
4 training runs,06-training-run-jupiter,DTE,$.credentialSubject[].relatedParty[].party.partyAddress.addressLocality,yes,yes,string,not published,yes,,,,,,"The city, suburb or township name."
4 training runs,06-training-run-jupiter,DTE,$.credentialSubject[].relatedParty[].party.partyAddress.addressRegion,yes,yes,string,not published,yes,,,,,,The state or territory or province
4 training runs,06-training-run-jupiter,DTE,$.credentialSubject[].relatedParty[].party.partyAddress.addressCountry,yes,yes,object,not published,yes,,,,,,The address country as an ISO-3166 two letter country code and name.
4 training runs,06-training-run-jupiter,DTE,$.credentialSubject[].relatedParty[].party.partyAddress.addressCountry.countryCode,yes,yes,string,not published,yes,,,,,,"ISO 3166 country code      This is an enumerated value, but the list of valid values are too big, or change too often to include here. You can access the lis..."
4 training runs,06-training-run-jupiter,DTE,$.credentialSubject[].relatedParty[].party.partyAddress.addressCountry.countryName,yes,no,string,not published,yes,,,,,,Country Name as defined in ISO 3166
4 training runs,06-training-run-jupiter,DTE,$.credentialSubject[].relatedParty[].party.organisationWebsite,yes,no,string,not published,yes,,,,,,Website for this organisation
4 training runs,06-training-run-jupiter,DTE,$.credentialSubject[].relatedParty[].party.industryCategory[],yes,no,object,not published,yes,,,,,,The industry categories for this organisation.  Recommend use of UNCPC as the category scheme. for example - unstats.un.org/isic/1030
4 training runs,06-training-run-jupiter,DTE,$.credentialSubject[].relatedParty[].party.industryCategory[].code,yes,yes,string,not published,yes,,,,,,classification code within the scheme
4 training runs,06-training-run-jupiter,DTE,$.credentialSubject[].relatedParty[].party.industryCategory[].name,yes,yes,string,not published,yes,,,,,,Name of the classification represented by the code
4 training runs,06-training-run-jupiter,DTE,$.credentialSubject[].relatedParty[].party.industryCategory[].definition,yes,no,string,not published,yes,,,,,,A rich definition of this classification code.
4 training runs,06-training-run-jupiter,DTE,$.credentialSubject[].relatedParty[].party.industryCategory[].schemeId,yes,yes,string,not published,yes,,,,,,Classification scheme ID
4 training runs,06-training-run-jupiter,DTE,$.credentialSubject[].relatedParty[].party.industryCategory[].schemeName,yes,yes,string,not published,yes,,,,,,The name of the classification scheme
4 training runs,06-training-run-jupiter,DTE,$.credentialSubject[].relatedParty[].party.partyAlsoKnownAs[],yes,no,object,not published,yes,,,,,,"An optional list of other registered identifiers for this organisation. For example DUNS, GLN, LEI, etc"
4 training runs,06-training-run-jupiter,DTE,$.credentialSubject[].relatedParty[].party.partyAlsoKnownAs[].type,yes,no,array<string>,not published,yes,,,,,,
4 training runs,06-training-run-jupiter,DTE,$.credentialSubject[].relatedParty[].party.partyAlsoKnownAs[].id,yes,yes,string,not published,yes,,,,,,Globally unique identifier of this party. Typically represented as a URI identifierScheme/Identifier URI
4 training runs,06-training-run-jupiter,DTE,$.credentialSubject[].relatedParty[].party.partyAlsoKnownAs[].name,yes,yes,string,not published,yes,,,,,,Legal registered name of this party.
4 training runs,06-training-run-jupiter,DTE,$.credentialSubject[].relatedParty[].party.partyAlsoKnownAs[].registeredId,yes,no,string,not published,yes,,,,,,The registration number (alphanumeric) of the Party within the register. Unique within the register.
4 training runs,06-training-run-jupiter,DTE,$.credentialSubject[].inputProduct[],yes,yes,object,needs extension vocabulary,yes,,stated,OLMO2,§2.3,Quantity (tokens at this site) not published. Datasets are not consumed by training; 'active' is the nearest disposition. No input role for 'training data' vs 'material'.; Not published whether mid-training ran at this site; listed as a possible input.,An array of input products and quantities for this production or manufacturing process
4 training runs,06-training-run-jupiter,DTE,$.credentialSubject[].inputProduct[].product,yes,yes,object,needs extension vocabulary,yes,,stated,OLMO2,§2.3,Quantity (tokens at this site) not published. Datasets are not consumed by training; 'active' is the nearest disposition. No input role for 'training data' vs 'material'.; Not published whether mid-training ran at this site; listed as a possible input. (inherited from parent field),The product item / model / batch subject to this lifecycle event.
4 training runs,06-training-run-jupiter,DTE,$.credentialSubject[].inputProduct[].product.type,yes,no,array<string>,needs extension vocabulary,yes,,stated,OLMO2,§2.3,Quantity (tokens at this site) not published. Datasets are not consumed by training; 'active' is the nearest disposition. No input role for 'training data' vs 'material'.; Not published whether mid-training ran at this site; listed as a possible input. (inherited from parent field),
4 training runs,06-training-run-jupiter,DTE,$.credentialSubject[].inputProduct[].product.id,yes,yes,string,needs extension vocabulary,yes,https://huggingface.co/datasets/allenai/olmo-mix-1124/tree/99ee6aaace88779d1ef099d36251b91101c1679b | https://huggingface.co/datasets/allenai/dolmino-mix-1124/tree/a319f19eef1e257417b11ea8c30da266ae175557,stated,OLMO2,§2.3,Quantity (tokens at this site) not published. Datasets are not consumed by training; 'active' is the nearest disposition. No input role for 'training data' vs 'material'.; Not published whether mid-training ran at this site; listed as a possible input. (inherited from parent field),"Globally unique identifier of this product. Typically represented as a URI identifierScheme/Identifier URI or, if self-issued, as a did."
4 training runs,06-training-run-jupiter,DTE,$.credentialSubject[].inputProduct[].product.name,yes,yes,string,needs extension vocabulary,yes,olmo-mix-1124 | dolmino-mix-1124,stated,OLMO2,§2.3,Quantity (tokens at this site) not published. Datasets are not consumed by training; 'active' is the nearest disposition. No input role for 'training data' vs 'material'.; Not published whether mid-training ran at this site; listed as a possible input. (inherited from parent field),The product name as known to the market.
4 training runs,06-training-run-jupiter,DTE,$.credentialSubject[].inputProduct[].product.idGranularity,yes,yes,"string enum['model', 'batch', 'item']",needs extension vocabulary,yes,batch,stated,OLMO2,§2.3,Quantity (tokens at this site) not published. Datasets are not consumed by training; 'active' is the nearest disposition. No input role for 'training data' vs 'material'.; Not published whether mid-training ran at this site; listed as a possible input. (inherited from parent field),"The identification granularity for this product (item, batch, model)"
4 training runs,06-training-run-jupiter,DTE,$.credentialSubject[].inputProduct[].product.modelNumber,yes,no,string,needs extension vocabulary,yes,allenai/olmo-mix-1124 | allenai/dolmino-mix-1124,stated,OLMO2,§2.3,Quantity (tokens at this site) not published. Datasets are not consumed by training; 'active' is the nearest disposition. No input role for 'training data' vs 'material'.; Not published whether mid-training ran at this site; listed as a possible input. (inherited from parent field),"Where available, the model number (for manufactured products) or material identification (for bulk materials)"
4 training runs,06-training-run-jupiter,DTE,$.credentialSubject[].inputProduct[].product.batchNumber,yes,no,string,needs extension vocabulary,yes,99ee6aaace88779d1ef099d36251b91101c1679b | a319f19eef1e257417b11ea8c30da266ae175557,stated,OLMO2,§2.3,Quantity (tokens at this site) not published. Datasets are not consumed by training; 'active' is the nearest disposition. No input role for 'training data' vs 'material'.; Not published whether mid-training ran at this site; listed as a possible input. (inherited from parent field),Identifier of the specific production batch of the product.  Unique within the product class.
4 training runs,06-training-run-jupiter,DTE,$.credentialSubject[].inputProduct[].product.itemNumber,yes,no,string,not published,yes,,,,,,A number or code representing a specific serialised item of the product. Unique within product class.
4 training runs,06-training-run-jupiter,DTE,$.credentialSubject[].inputProduct[].quantity,yes,no,object,not published,yes,,,,,,The quantity of product subject to this lifecycle event.  Not needed for serialised items.
4 training runs,06-training-run-jupiter,DTE,$.credentialSubject[].inputProduct[].quantity.value,yes,yes,number,not published,yes,,,,,,The numeric value of the measure
4 training runs,06-training-run-jupiter,DTE,$.credentialSubject[].inputProduct[].quantity.upperTolerance,yes,no,number,not published,yes,,,,,,"The upper tolerance associated with this measure expressed in the same units as the measure.  For example value=10, upperTolerance=0.1, unit=KGM would mean t..."
4 training runs,06-training-run-jupiter,DTE,$.credentialSubject[].inputProduct[].quantity.lowerTolerance,yes,no,number,not published,yes,,,,,,"The lower tolerance associated with this measure expressed in the same units as the measure.  For example value=10, lowerTolerance=0.1, unit=KGM would mean t..."
4 training runs,06-training-run-jupiter,DTE,$.credentialSubject[].inputProduct[].quantity.unit,yes,yes,string,not published,yes,,,,,,"Unit of measure drawn from the UNECE Rec20 measure code list.      This is an enumerated value, but the list of valid values are too big, or change too often..."
4 training runs,06-training-run-jupiter,DTE,$.credentialSubject[].inputProduct[].disposition,yes,no,"string enum['new', 'inTransit', 'active', 'repaired', 'recalled', 'expired', 'consumed', 'recycled', 'disposed']",needs extension vocabulary,yes,active,stated,OLMO2,§2.3,Quantity (tokens at this site) not published. Datasets are not consumed by training; 'active' is the nearest disposition. No input role for 'training data' vs 'material'.; Not published whether mid-training ran at this site; listed as a possible input. (inherited from parent field),The status of the product after the event has happened.
4 training runs,06-training-run-jupiter,DTE,$.credentialSubject[].outputProduct[],yes,yes,object,needs extension vocabulary,yes,,stated,OLMO2,§6.1,Both events contribute to one output. UNTP assumes one make event per output at one facility.,An array of output products and quantities for this produciton or manufacturing process
4 training runs,06-training-run-jupiter,DTE,$.credentialSubject[].outputProduct[].product,yes,yes,object,needs extension vocabulary,yes,,stated,OLMO2,§6.1,Both events contribute to one output. UNTP assumes one make event per output at one facility. (inherited from parent field),The product item / model / batch subject to this lifecycle event.
4 training runs,06-training-run-jupiter,DTE,$.credentialSubject[].outputProduct[].product.type,yes,no,array<string>,needs extension vocabulary,yes,,stated,OLMO2,§6.1,Both events contribute to one output. UNTP assumes one make event per output at one facility. (inherited from parent field),
4 training runs,06-training-run-jupiter,DTE,$.credentialSubject[].outputProduct[].product.id,yes,yes,string,needs extension vocabulary,yes,https://huggingface.co/allenai/OLMo-2-1124-7B/tree/7df9a82518afdecae4e8c026b27adccc8c1f0032,stated,OLMO2,§6.1,Both events contribute to one output. UNTP assumes one make event per output at one facility. (inherited from parent field),"Globally unique identifier of this product. Typically represented as a URI identifierScheme/Identifier URI or, if self-issued, as a did."
4 training runs,06-training-run-jupiter,DTE,$.credentialSubject[].outputProduct[].product.name,yes,yes,string,needs extension vocabulary,yes,OLMo 2 7B,stated,OLMO2,§6.1,Both events contribute to one output. UNTP assumes one make event per output at one facility. (inherited from parent field),The product name as known to the market.
4 training runs,06-training-run-jupiter,DTE,$.credentialSubject[].outputProduct[].product.idGranularity,yes,yes,"string enum['model', 'batch', 'item']",needs extension vocabulary,yes,batch,stated,OLMO2,§6.1,Both events contribute to one output. UNTP assumes one make event per output at one facility. (inherited from parent field),"The identification granularity for this product (item, batch, model)"
4 training runs,06-training-run-jupiter,DTE,$.credentialSubject[].outputProduct[].product.modelNumber,yes,no,string,needs extension vocabulary,yes,allenai/OLMo-2-1124-7B,stated,OLMO2,§6.1,Both events contribute to one output. UNTP assumes one make event per output at one facility. (inherited from parent field),"Where available, the model number (for manufactured products) or material identification (for bulk materials)"
4 training runs,06-training-run-jupiter,DTE,$.credentialSubject[].outputProduct[].product.batchNumber,yes,no,string,needs extension vocabulary,yes,7df9a82518afdecae4e8c026b27adccc8c1f0032,stated,OLMO2,§6.1,Both events contribute to one output. UNTP assumes one make event per output at one facility. (inherited from parent field),Identifier of the specific production batch of the product.  Unique within the product class.
4 training runs,06-training-run-jupiter,DTE,$.credentialSubject[].outputProduct[].product.itemNumber,yes,no,string,not published,yes,,,,,,A number or code representing a specific serialised item of the product. Unique within product class.
4 training runs,06-training-run-jupiter,DTE,$.credentialSubject[].outputProduct[].quantity,yes,no,object,not published,yes,,,,,,The quantity of product subject to this lifecycle event.  Not needed for serialised items.
4 training runs,06-training-run-jupiter,DTE,$.credentialSubject[].outputProduct[].quantity.value,yes,yes,number,not published,yes,,,,,,The numeric value of the measure
4 training runs,06-training-run-jupiter,DTE,$.credentialSubject[].outputProduct[].quantity.upperTolerance,yes,no,number,not published,yes,,,,,,"The upper tolerance associated with this measure expressed in the same units as the measure.  For example value=10, upperTolerance=0.1, unit=KGM would mean t..."
4 training runs,06-training-run-jupiter,DTE,$.credentialSubject[].outputProduct[].quantity.lowerTolerance,yes,no,number,not published,yes,,,,,,"The lower tolerance associated with this measure expressed in the same units as the measure.  For example value=10, lowerTolerance=0.1, unit=KGM would mean t..."
4 training runs,06-training-run-jupiter,DTE,$.credentialSubject[].outputProduct[].quantity.unit,yes,yes,string,not published,yes,,,,,,"Unit of measure drawn from the UNECE Rec20 measure code list.      This is an enumerated value, but the list of valid values are too big, or change too often..."
4 training runs,06-training-run-jupiter,DTE,$.credentialSubject[].outputProduct[].disposition,yes,no,"string enum['new', 'inTransit', 'active', 'repaired', 'recalled', 'expired', 'consumed', 'recycled', 'disposed']",needs extension vocabulary,yes,new,stated,OLMO2,§6.1,Both events contribute to one output. UNTP assumes one make event per output at one facility. (inherited from parent field),The status of the product after the event has happened.
4 training runs,06-training-run-jupiter,DTE,$.credentialSubject[].madeAtFacility,yes,yes,object,published,yes,,stated,OLMO2,§6.1; §6.5,,The facility at which this production / manufacturing event happens.
4 training runs,06-training-run-jupiter,DTE,$.credentialSubject[].madeAtFacility.type,yes,no,array<string>,published,yes,,stated,OLMO2,§6.1; §6.5,(inherited from parent field),
4 training runs,06-training-run-jupiter,DTE,$.credentialSubject[].madeAtFacility.id,yes,yes,string,issuer-controlled,yes,https://example.org/untp-ai/facility/ai2-jupiter,issuer-controlled,ODS,,ODS-minted facility URI (see DFR).,Globally unique identifier of this facility. Typically represented as a URI identifierScheme/Identifier URI
4 training runs,06-training-run-jupiter,DTE,$.credentialSubject[].madeAtFacility.name,yes,yes,string,published,yes,"Jupiter cluster (Ai2), Austin, Texas",stated,OLMO2,§6.1.1,,Name of this facility as defined the location register.
4 training runs,06-training-run-jupiter,DTE,$.issuingSoftware,yes,no,object,not published,no,,,,,Not applicable to this item or not used by this reconstruction.,Optional metadata identifying the software product (and its vendor) that issued this credential. Useful for vendor traceability and conformity testing. Issue...
4 training runs,06-training-run-jupiter,DTE,$.issuingSoftware.id,yes,yes,string,not published,no,,,,,Not applicable to this item or not used by this reconstruction.,A resolvable identifier for the specific version of the software product that issued this credential.
4 training runs,06-training-run-jupiter,DTE,$.issuingSoftware.name,yes,yes,string,not published,no,,,,,Not applicable to this item or not used by this reconstruction.,The name of the software product that issued this credential.
4 training runs,06-training-run-jupiter,DTE,$.issuingSoftware.version,yes,yes,string,not published,no,,,,,Not applicable to this item or not used by this reconstruction.,The version of the software product that issued this credential.
4 training runs,06-training-run-jupiter,DTE,$.issuingSoftware.vendor,yes,yes,object,not published,no,,,,,Not applicable to this item or not used by this reconstruction.,The vendor of the software product that issued this credential.
4 training runs,06-training-run-jupiter,DTE,$.issuingSoftware.vendor.id,yes,yes,string,not published,no,,,,,Not applicable to this item or not used by this reconstruction.,The decentralised identifier (DID) or other resolvable identifier of the software vendor.
4 training runs,06-training-run-jupiter,DTE,$.issuingSoftware.vendor.name,yes,yes,string,not published,no,,,,,Not applicable to this item or not used by this reconstruction.,The name of the software vendor.
4 training runs,06-training-run-jupiter,DTE,$.description,yes (additional property),no,,issuer-controlled,yes,Reconstructed by Open Data Services (ODS) from public sources for the AI Supply Chains field work (September 2026). None of the parties named in this credent...,issuer-controlled,ODS,,VCDM 2.0 'description'; allowed by the UNTP schema's additionalProperties.,
4 training runs,06-training-run-jupiter,DTE,$.credentialSubject[].aic:equipmentUsed,no,no,extension,needs extension vocabulary,yes,,stated,OLMO2,§6.1; §6.5,UNTP distinguishes inputs (inputProduct) from nothing else: no slot for equipment used but not consumed. Extension proposed.,Proposed AI compute and models extension property
4 training runs,06-training-run-jupiter,DTE,$.credentialSubject[].aic:equipmentUsed[].gpuHours,no,no,extension,not published,yes,,placeholder,ODS,,GPU-hours not published; 0 is a placeholder.,Proposed AI compute and models extension property
4 training runs,06-training-run-jupiter,DTE,$.credentialSubject[].aic:trainingShare,no,no,extension,not published,yes,not published,placeholder,ODS,,Report says only: the bulk of 7B training.,Proposed AI compute and models extension property
4 training runs,07-training-run-augusta,DTE,$,yes,yes,object,container,yes,,,,,Structural: see the fields beneath.,A Digital Traceability Event (DTE) credential.
4 training runs,07-training-run-augusta,DTE,$.type,yes,no,array<string>,issuer-controlled,yes,,issuer-controlled,ODS,,,
4 training runs,07-training-run-augusta,DTE,$.@context,yes,yes,array<string>,issuer-controlled,yes,,issuer-controlled,ODS,,Third entry is the proposed AI compute and models extension context (fictional URL; local copy in extension/).,A list of JSON-LD context URIs that define the semantic meaning of properties within the credential. 
4 training runs,07-training-run-augusta,DTE,$.id,yes,yes,string,issuer-controlled,yes,https://example.org/untp-ai/credentials/training-run-augusta,issuer-controlled,ODS,,,A unique identifier (URI) assigned to this verifiable credential.
4 training runs,07-training-run-augusta,DTE,$.issuer,yes,yes,object,issuer-controlled,yes,,issuer-controlled,ODS,,Fictional issuer. The DID does not resolve and nothing is signed.,"The organisation that is the issuer of this VC. Note that the ""id"" property MUST be a W3C DID.  Other identifiers such as tax registration numbers can be lis..."
4 training runs,07-training-run-augusta,DTE,$.issuer.type,yes,no,array<string>,issuer-controlled,yes,,issuer-controlled,ODS,,Fictional issuer. The DID does not resolve and nothing is signed. (inherited from parent field),
4 training runs,07-training-run-augusta,DTE,$.issuer.id,yes,yes,string,issuer-controlled,yes,did:web:example.org,issuer-controlled,ODS,,Fictional issuer. The DID does not resolve and nothing is signed. (inherited from parent field),The W3C DID of the issuer - should be a did:web or did:webvh
4 training runs,07-training-run-augusta,DTE,$.issuer.name,yes,yes,string,issuer-controlled,yes,Example reconstruction issuer (fictional; ODS AI Supply Chains prototype),issuer-controlled,ODS,,Fictional issuer. The DID does not resolve and nothing is signed. (inherited from parent field),The name of the issuer person or organisation
4 training runs,07-training-run-augusta,DTE,$.issuer.issuerAlsoKnownAs[],yes,no,object,not published,no,,,,,Not applicable to this item or not used by this reconstruction.,An optional list of other registered identifiers for this credential issuer 
4 training runs,07-training-run-augusta,DTE,$.issuer.issuerAlsoKnownAs[].type,yes,no,array<string>,not published,no,,,,,Not applicable to this item or not used by this reconstruction.,
4 training runs,07-training-run-augusta,DTE,$.issuer.issuerAlsoKnownAs[].id,yes,yes,string,not published,no,,,,,Not applicable to this item or not used by this reconstruction.,Globally unique identifier of this party. Typically represented as a URI identifierScheme/Identifier URI
4 training runs,07-training-run-augusta,DTE,$.issuer.issuerAlsoKnownAs[].name,yes,yes,string,not published,no,,,,,Not applicable to this item or not used by this reconstruction.,Legal registered name of this party.
4 training runs,07-training-run-augusta,DTE,$.issuer.issuerAlsoKnownAs[].registeredId,yes,no,string,not published,no,,,,,Not applicable to this item or not used by this reconstruction.,The registration number (alphanumeric) of the Party within the register. Unique within the register.
4 training runs,07-training-run-augusta,DTE,$.validFrom,yes,yes,string,issuer-controlled,yes,2026-09-30T00:00:00Z,issuer-controlled,ODS,,,The date and time from which the credential is valid.
4 training runs,07-training-run-augusta,DTE,$.validUntil,yes,no,string,not published,no,,,,,Not applicable to this item or not used by this reconstruction.,The expiry date (if applicable) of this verifiable credential.
4 training runs,07-training-run-augusta,DTE,$.name,yes,yes,string,issuer-controlled,yes,Digital Traceability Event: OLMo 2 7B training at Augusta,issuer-controlled,ODS,,,"Name of this verifiable credential instance (eg the title of a digital product passport, facility record, lifecycle event, or conformity credential)"
4 training runs,07-training-run-augusta,DTE,$.credentialStatus,yes,no,object,not published,no,,,,,Not applicable to this item or not used by this reconstruction.,A W3C VCDM2.0 compliant object containing credential status information.
4 training runs,07-training-run-augusta,DTE,$.credentialStatus.type,yes,yes,string enum['BitstringStatusListEntry'],not published,no,,,,,Not applicable to this item or not used by this reconstruction.,"The type of status list - must be set to ""The type property MUST be BitstringStatusListEntry."""
4 training runs,07-training-run-augusta,DTE,$.credentialStatus.id,yes,no,string,not published,no,,,,,Not applicable to this item or not used by this reconstruction.,optional identifier of this status list entry.
4 training runs,07-training-run-augusta,DTE,$.credentialStatus.statusPurpose,yes,yes,"string enum['refresh', 'revocation', 'suspension', 'message']",not published,no,,,,,Not applicable to this item or not used by this reconstruction.,Status purpose drawn from a standard list but extensible as per w3c bitstring status list specification.
4 training runs,07-training-run-augusta,DTE,$.credentialStatus.statusListIndex,yes,yes,integer,not published,no,,,,,Not applicable to this item or not used by this reconstruction.,"	The statusListIndex property MUST be an arbitrary size integer greater than or equal to 0, expressed as a string in base 10. The value identifies the positi..."
4 training runs,07-training-run-augusta,DTE,$.credentialStatus.statusListCredential,yes,yes,string,not published,no,,,,,Not applicable to this item or not used by this reconstruction.,"The statusListCredential property MUST be a URL to a verifiable credential. When the URL is dereferenced, the resulting verifiable credential MUST have type ..."
4 training runs,07-training-run-augusta,DTE,$.renderMethod[],yes,no,object,not published,no,,,,,Not applicable to this item or not used by this reconstruction.,Human rendering information for this credential. An array of render methods (eg RenderTemplate2024) that may be used to display the credential.
4 training runs,07-training-run-augusta,DTE,$.renderMethod[].type,yes,no,array<string>,not published,no,,,,,Not applicable to this item or not used by this reconstruction.,
4 training runs,07-training-run-augusta,DTE,$.renderMethod[].name,yes,no,string,not published,no,,,,,Not applicable to this item or not used by this reconstruction.,Human facing display name for selection
4 training runs,07-training-run-augusta,DTE,$.renderMethod[].mediaQuery,yes,no,string,not published,no,,,,,Not applicable to this item or not used by this reconstruction.,Media query as defined in https://www.w3.org/TR/mediaqueries-4/
4 training runs,07-training-run-augusta,DTE,$.renderMethod[].template,yes,no,string,not published,no,,,,,Not applicable to this item or not used by this reconstruction.,An inline template field for use cases where remote retrieval of a render method is suboptimal
4 training runs,07-training-run-augusta,DTE,$.renderMethod[].url,yes,no,string,not published,no,,,,,Not applicable to this item or not used by this reconstruction.,URL for remotely hosted template
4 training runs,07-training-run-augusta,DTE,$.renderMethod[].mediaType,yes,no,string,not published,no,,,,,Not applicable to this item or not used by this reconstruction.,media type of the rendered output (eg text/html)
4 training runs,07-training-run-augusta,DTE,$.renderMethod[].digestMultibase,yes,no,string,not published,no,,,,,Not applicable to this item or not used by this reconstruction.,Used for resource integrity and/or validation of the inline `template`
4 training runs,07-training-run-augusta,DTE,$.credentialSubject[],yes,yes,object,container,yes,,,,,Structural: see the fields beneath.,Transformation (manufacture/  production) of input products to output products at a given facility.
4 training runs,07-training-run-augusta,DTE,$.credentialSubject[].type,yes,no,array<string>,issuer-controlled,yes,,issuer-controlled,ODS,,,
4 training runs,07-training-run-augusta,DTE,$.credentialSubject[].id,yes,yes,string,issuer-controlled,yes,https://example.org/untp-ai/event/olmo-2-7b-training-augusta,issuer-controlled,ODS,,,Globally unique ID for this lifecycle event. Should be a URI. Can be a UUID.
4 training runs,07-training-run-augusta,DTE,$.credentialSubject[].name,yes,yes,string,published,yes,OLMo 2 7B training at Augusta cluster (Ai2 on Google Cloud),stated,OLMO2,§6.1,,The name for this lifecycle event 
4 training runs,07-training-run-augusta,DTE,$.credentialSubject[].description,yes,no,string,published,yes,Part of OLMo 2 7B training (a minority share; 7B trained 'partially on both clusters'). Beaker moved workloads between clusters; which stages or tokens ran h...,stated,OLMO2,§6.1,,The description of this lifecycle event.
4 training runs,07-training-run-augusta,DTE,$.credentialSubject[].eventDate,yes,yes,string,not published,yes,2024-10-29T21:08:22Z,placeholder,ODS,,Required field. Training dates are not published. The Hugging Face repository creation time (2024-10-29T21:08:22Z) is used as a placeholder; it is not the event date.,The date and time at which this lifecycle event occurs. use 00:00 for time if only a date is required.
4 training runs,07-training-run-augusta,DTE,$.credentialSubject[].sensorData[],yes,no,object,not published,no,,,,,Not applicable to this item or not used by this reconstruction.,A sensor data set associated with this lifecycle event.
4 training runs,07-training-run-augusta,DTE,$.credentialSubject[].sensorData[].metric,yes,yes,object,not published,no,,,,,Not applicable to this item or not used by this reconstruction.,The type of measurement recorded in this sensor data event.
4 training runs,07-training-run-augusta,DTE,$.credentialSubject[].sensorData[].metric.type,yes,no,array<string>,not published,no,,,,,Not applicable to this item or not used by this reconstruction.,
4 training runs,07-training-run-augusta,DTE,$.credentialSubject[].sensorData[].metric.id,yes,yes,string,not published,no,,,,,Not applicable to this item or not used by this reconstruction.,Globally unique identifier of this reporting metric. 
4 training runs,07-training-run-augusta,DTE,$.credentialSubject[].sensorData[].metric.name,yes,yes,string,not published,no,,,,,Not applicable to this item or not used by this reconstruction.,"A human readable name for this metric (for example ""water usage per Kg of material"")"
4 training runs,07-training-run-augusta,DTE,$.credentialSubject[].sensorData[].measure[],yes,yes,object,not published,no,,,,,Not applicable to this item or not used by this reconstruction.,The value measured by this sensor measurement event.
4 training runs,07-training-run-augusta,DTE,$.credentialSubject[].sensorData[].measure[].value,yes,yes,number,not published,no,,,,,Not applicable to this item or not used by this reconstruction.,The numeric value of the measure
4 training runs,07-training-run-augusta,DTE,$.credentialSubject[].sensorData[].measure[].upperTolerance,yes,no,number,not published,no,,,,,Not applicable to this item or not used by this reconstruction.,"The upper tolerance associated with this measure expressed in the same units as the measure.  For example value=10, upperTolerance=0.1, unit=KGM would mean t..."
4 training runs,07-training-run-augusta,DTE,$.credentialSubject[].sensorData[].measure[].lowerTolerance,yes,no,number,not published,no,,,,,Not applicable to this item or not used by this reconstruction.,"The lower tolerance associated with this measure expressed in the same units as the measure.  For example value=10, lowerTolerance=0.1, unit=KGM would mean t..."
4 training runs,07-training-run-augusta,DTE,$.credentialSubject[].sensorData[].measure[].unit,yes,yes,string,not published,no,,,,,Not applicable to this item or not used by this reconstruction.,"Unit of measure drawn from the UNECE Rec20 measure code list.      This is an enumerated value, but the list of valid values are too big, or change too often..."
4 training runs,07-training-run-augusta,DTE,$.credentialSubject[].sensorData[].rawData[],yes,no,object,not published,no,,,,,Not applicable to this item or not used by this reconstruction.,Link to raw data file associated with this sensor reading (eg an image).
4 training runs,07-training-run-augusta,DTE,$.credentialSubject[].sensorData[].rawData[].linkURL,yes,yes,string,not published,no,,,,,Not applicable to this item or not used by this reconstruction.,The URL of the target resource.  
4 training runs,07-training-run-augusta,DTE,$.credentialSubject[].sensorData[].rawData[].linkName,yes,yes,string,not published,no,,,,,Not applicable to this item or not used by this reconstruction.,Display name for this link.
4 training runs,07-training-run-augusta,DTE,$.credentialSubject[].sensorData[].rawData[].digestMultibase,yes,no,string,not published,no,,,,,Not applicable to this item or not used by this reconstruction.,An optional multi-base encoded digest to ensure the content of the link has not changed. See https://www.w3.org/TR/vc-data-integrity/#resource-integrity for ...
4 training runs,07-training-run-augusta,DTE,$.credentialSubject[].sensorData[].rawData[].mediaType,yes,no,string,not published,no,,,,,Not applicable to this item or not used by this reconstruction.,The media type of the target resource.
4 training runs,07-training-run-augusta,DTE,$.credentialSubject[].sensorData[].rawData[].linkType,yes,no,string,not published,no,,,,,Not applicable to this item or not used by this reconstruction.,The type of the target resource - drawn from a controlled vocabulary 
4 training runs,07-training-run-augusta,DTE,$.credentialSubject[].sensorData[].sensor,yes,no,object,not published,no,,,,,Not applicable to this item or not used by this reconstruction.,The sensor device used for this sensor measurement
4 training runs,07-training-run-augusta,DTE,$.credentialSubject[].sensorData[].sensor.type,yes,no,array<string>,not published,no,,,,,Not applicable to this item or not used by this reconstruction.,
4 training runs,07-training-run-augusta,DTE,$.credentialSubject[].sensorData[].sensor.id,yes,yes,string,not published,no,,,,,Not applicable to this item or not used by this reconstruction.,"Globally unique identifier of this product. Typically represented as a URI identifierScheme/Identifier URI or, if self-issued, as a did."
4 training runs,07-training-run-augusta,DTE,$.credentialSubject[].sensorData[].sensor.name,yes,yes,string,not published,no,,,,,Not applicable to this item or not used by this reconstruction.,The product name as known to the market.
4 training runs,07-training-run-augusta,DTE,$.credentialSubject[].sensorData[].geoLocation,yes,no,object,not published,no,,,,,Not applicable to this item or not used by this reconstruction.,The geolocation of this sensor data recording event.
4 training runs,07-training-run-augusta,DTE,$.credentialSubject[].sensorData[].geoLocation.latitude,yes,yes,number,not published,no,,,,,Not applicable to this item or not used by this reconstruction.,"latitude: Angular distance north or south of the equator, expressed in decimal degrees.Valid range: −90.0 to +90.0."
4 training runs,07-training-run-augusta,DTE,$.credentialSubject[].sensorData[].geoLocation.longitude,yes,yes,number,not published,no,,,,,Not applicable to this item or not used by this reconstruction.,"longitude: Angular distance east or west of the Prime Meridian, expressed in decimal degrees.Valid range: −180.0 to +180.0."
4 training runs,07-training-run-augusta,DTE,$.credentialSubject[].relatedDocument[],yes,no,object,published,yes,,ODS-assigned,OLMO2; ODS,,linkType 'dfr' follows the dpp/dcc/dte pattern; not confirmed in the 0.7.0 link-type vocabulary.,A list of links to documentary evidence that supports this event. 
4 training runs,07-training-run-augusta,DTE,$.credentialSubject[].relatedDocument[].linkURL,yes,yes,string,published,yes,https://arxiv.org/abs/2501.00656v3 | https://example.org/untp-ai/credentials/augusta-facility-record,ODS-assigned,OLMO2; ODS,,linkType 'dfr' follows the dpp/dcc/dte pattern; not confirmed in the 0.7.0 link-type vocabulary. (inherited from parent field),The URL of the target resource.  
4 training runs,07-training-run-augusta,DTE,$.credentialSubject[].relatedDocument[].linkName,yes,yes,string,published,yes,"OLMo 2 technical report (arXiv:2501.00656v3) | Augusta cluster (Ai2 on Google Cloud), Council Bluffs, Iowa (DFR)",ODS-assigned,OLMO2; ODS,,linkType 'dfr' follows the dpp/dcc/dte pattern; not confirmed in the 0.7.0 link-type vocabulary. (inherited from parent field),Display name for this link.
4 training runs,07-training-run-augusta,DTE,$.credentialSubject[].relatedDocument[].digestMultibase,yes,no,string,not published,yes,,,,,,An optional multi-base encoded digest to ensure the content of the link has not changed. See https://www.w3.org/TR/vc-data-integrity/#resource-integrity for ...
4 training runs,07-training-run-augusta,DTE,$.credentialSubject[].relatedDocument[].mediaType,yes,no,string,published,yes,text/html,ODS-assigned,OLMO2; ODS,,linkType 'dfr' follows the dpp/dcc/dte pattern; not confirmed in the 0.7.0 link-type vocabulary. (inherited from parent field),The media type of the target resource.
4 training runs,07-training-run-augusta,DTE,$.credentialSubject[].relatedDocument[].linkType,yes,no,string,published,yes,https://test.uncefact.org/vocabulary/linkTypes/dfr,ODS-assigned,OLMO2; ODS,,linkType 'dfr' follows the dpp/dcc/dte pattern; not confirmed in the 0.7.0 link-type vocabulary. (inherited from parent field),The type of the target resource - drawn from a controlled vocabulary 
4 training runs,07-training-run-augusta,DTE,$.credentialSubject[].activityType,yes,yes,object,needs extension vocabulary,yes,,ODS-assigned,ODS,,GS1 CBV BizStep has no training step. UNTP allows industry-specific schemes for activityType.,"The business activity that this event represents (eg shipping, repair, etc) using a standard classification scheme - eg https://ref.gs1.org/cbv/BizStep. This..."
4 training runs,07-training-run-augusta,DTE,$.credentialSubject[].activityType.code,yes,yes,string,needs extension vocabulary,yes,training,ODS-assigned,ODS,,GS1 CBV BizStep has no training step. UNTP allows industry-specific schemes for activityType. (inherited from parent field),classification code within the scheme
4 training runs,07-training-run-augusta,DTE,$.credentialSubject[].activityType.name,yes,yes,string,needs extension vocabulary,yes,Model training,ODS-assigned,ODS,,GS1 CBV BizStep has no training step. UNTP allows industry-specific schemes for activityType. (inherited from parent field),Name of the classification represented by the code
4 training runs,07-training-run-augusta,DTE,$.credentialSubject[].activityType.definition,yes,no,string,needs extension vocabulary,yes,Producing or updating model weights by optimisation over a dataset. Covers pretraining and mid-training; the stage split by site is not published.,ODS-assigned,ODS,,GS1 CBV BizStep has no training step. UNTP allows industry-specific schemes for activityType. (inherited from parent field),A rich definition of this classification code.
4 training runs,07-training-run-augusta,DTE,$.credentialSubject[].activityType.schemeId,yes,yes,string,needs extension vocabulary,yes,https://example.org/untp-ai/0.1/activityType,ODS-assigned,ODS,,GS1 CBV BizStep has no training step. UNTP allows industry-specific schemes for activityType. (inherited from parent field),Classification scheme ID
4 training runs,07-training-run-augusta,DTE,$.credentialSubject[].activityType.schemeName,yes,yes,string,needs extension vocabulary,yes,AI compute and models activity types (proposed),ODS-assigned,ODS,,GS1 CBV BizStep has no training step. UNTP allows industry-specific schemes for activityType. (inherited from parent field),The name of the classification scheme
4 training runs,07-training-run-augusta,DTE,$.credentialSubject[].relatedParty[],yes,no,object,published,yes,,stated,OLMO2,§6.1,Ai2 ran the training (Beaker). No 'trainer' role.,Any related parties and their roles involved in this event (eg the carrier for a shipment event)
4 training runs,07-training-run-augusta,DTE,$.credentialSubject[].relatedParty[].role,yes,yes,"string enum['owner', 'producer', 'manufacturer', 'processor', 'remanufacturer', 'recycler', 'operator', 'serviceProvider', 'inspector', 'certifier', 'logisticsProvider', 'carrier', 'consignor', 'consignee', 'importer', 'exporter', 'distributor', 'retailer', 'brandOwner', 'regulator']",published,yes,producer,stated,OLMO2,§6.1,Ai2 ran the training (Beaker). No 'trainer' role. (inherited from parent field),The role played by the party in this relationship
4 training runs,07-training-run-augusta,DTE,$.credentialSubject[].relatedParty[].party,yes,yes,object,published,yes,,stated,OLMO2,§6.1,Ai2 ran the training (Beaker). No 'trainer' role. (inherited from parent field),The party that has the specified role.
4 training runs,07-training-run-augusta,DTE,$.credentialSubject[].relatedParty[].party.type,yes,no,array<string>,published,yes,,stated,OLMO2,§6.1,Ai2 ran the training (Beaker). No 'trainer' role. (inherited from parent field),
4 training runs,07-training-run-augusta,DTE,$.credentialSubject[].relatedParty[].party.id,yes,yes,string,published,yes,https://projects.propublica.org/nonprofits/organizations/824083177,stated,PROPUBLICA-AI2,,No LEI exists (GLEIF-NONE). EIN register URL used as the resolvable party identifier.,Globally unique identifier of this party. Typically represented as a URI identifierScheme/Identifier URI
4 training runs,07-training-run-augusta,DTE,$.credentialSubject[].relatedParty[].party.name,yes,yes,string,published,yes,The Allen Institute For Artificial Intelligence,stated,PROPUBLICA-AI2,,,Legal registered name of this party.
4 training runs,07-training-run-augusta,DTE,$.credentialSubject[].relatedParty[].party.description,yes,no,string,not published,yes,,,,,,Description of the party including function and other names.
4 training runs,07-training-run-augusta,DTE,$.credentialSubject[].relatedParty[].party.registeredId,yes,no,string,published,yes,82-4083177,stated,PROPUBLICA-AI2,,"Wikidata Q16002567 gives 91-2155317, which is the Allen Institute (bioscience).",The registration number (alphanumeric) of the Party within the register. Unique within the register.
4 training runs,07-training-run-augusta,DTE,$.credentialSubject[].relatedParty[].party.idScheme,yes,no,object,not published,yes,,,,,,The identifier scheme of the party.  Typically a national business register or a global scheme such as GLEIF. 
4 training runs,07-training-run-augusta,DTE,$.credentialSubject[].relatedParty[].party.idScheme.type,yes,no,array<string>,not published,yes,,,,,,
4 training runs,07-training-run-augusta,DTE,$.credentialSubject[].relatedParty[].party.idScheme.id,yes,yes,string,not published,yes,,,,,,The URI of this identifier scheme
4 training runs,07-training-run-augusta,DTE,$.credentialSubject[].relatedParty[].party.idScheme.name,yes,yes,string,not published,yes,,,,,,The name of the identifier scheme. 
4 training runs,07-training-run-augusta,DTE,$.credentialSubject[].relatedParty[].party.registrationCountry,yes,no,object,not published,yes,,,,,,the country in which this organisation is registered - using ISO-3166 code and name.
4 training runs,07-training-run-augusta,DTE,$.credentialSubject[].relatedParty[].party.registrationCountry.countryCode,yes,yes,string,not published,yes,,,,,,"ISO 3166 country code      This is an enumerated value, but the list of valid values are too big, or change too often to include here. You can access the lis..."
4 training runs,07-training-run-augusta,DTE,$.credentialSubject[].relatedParty[].party.registrationCountry.countryName,yes,no,string,not published,yes,,,,,,Country Name as defined in ISO 3166
4 training runs,07-training-run-augusta,DTE,$.credentialSubject[].relatedParty[].party.partyAddress,yes,no,object,not published,yes,,,,,,The address of the party
4 training runs,07-training-run-augusta,DTE,$.credentialSubject[].relatedParty[].party.partyAddress.streetAddress,yes,yes,string,not published,yes,,,,,,the street address as an unstructured string.
4 training runs,07-training-run-augusta,DTE,$.credentialSubject[].relatedParty[].party.partyAddress.postalCode,yes,yes,string,not published,yes,,,,,,The postal code or zip code for this address.
4 training runs,07-training-run-augusta,DTE,$.credentialSubject[].relatedParty[].party.partyAddress.addressLocality,yes,yes,string,not published,yes,,,,,,"The city, suburb or township name."
4 training runs,07-training-run-augusta,DTE,$.credentialSubject[].relatedParty[].party.partyAddress.addressRegion,yes,yes,string,not published,yes,,,,,,The state or territory or province
4 training runs,07-training-run-augusta,DTE,$.credentialSubject[].relatedParty[].party.partyAddress.addressCountry,yes,yes,object,not published,yes,,,,,,The address country as an ISO-3166 two letter country code and name.
4 training runs,07-training-run-augusta,DTE,$.credentialSubject[].relatedParty[].party.partyAddress.addressCountry.countryCode,yes,yes,string,not published,yes,,,,,,"ISO 3166 country code      This is an enumerated value, but the list of valid values are too big, or change too often to include here. You can access the lis..."
4 training runs,07-training-run-augusta,DTE,$.credentialSubject[].relatedParty[].party.partyAddress.addressCountry.countryName,yes,no,string,not published,yes,,,,,,Country Name as defined in ISO 3166
4 training runs,07-training-run-augusta,DTE,$.credentialSubject[].relatedParty[].party.organisationWebsite,yes,no,string,not published,yes,,,,,,Website for this organisation
4 training runs,07-training-run-augusta,DTE,$.credentialSubject[].relatedParty[].party.industryCategory[],yes,no,object,not published,yes,,,,,,The industry categories for this organisation.  Recommend use of UNCPC as the category scheme. for example - unstats.un.org/isic/1030
4 training runs,07-training-run-augusta,DTE,$.credentialSubject[].relatedParty[].party.industryCategory[].code,yes,yes,string,not published,yes,,,,,,classification code within the scheme
4 training runs,07-training-run-augusta,DTE,$.credentialSubject[].relatedParty[].party.industryCategory[].name,yes,yes,string,not published,yes,,,,,,Name of the classification represented by the code
4 training runs,07-training-run-augusta,DTE,$.credentialSubject[].relatedParty[].party.industryCategory[].definition,yes,no,string,not published,yes,,,,,,A rich definition of this classification code.
4 training runs,07-training-run-augusta,DTE,$.credentialSubject[].relatedParty[].party.industryCategory[].schemeId,yes,yes,string,not published,yes,,,,,,Classification scheme ID
4 training runs,07-training-run-augusta,DTE,$.credentialSubject[].relatedParty[].party.industryCategory[].schemeName,yes,yes,string,not published,yes,,,,,,The name of the classification scheme
4 training runs,07-training-run-augusta,DTE,$.credentialSubject[].relatedParty[].party.partyAlsoKnownAs[],yes,no,object,not published,yes,,,,,,"An optional list of other registered identifiers for this organisation. For example DUNS, GLN, LEI, etc"
4 training runs,07-training-run-augusta,DTE,$.credentialSubject[].relatedParty[].party.partyAlsoKnownAs[].type,yes,no,array<string>,not published,yes,,,,,,
4 training runs,07-training-run-augusta,DTE,$.credentialSubject[].relatedParty[].party.partyAlsoKnownAs[].id,yes,yes,string,not published,yes,,,,,,Globally unique identifier of this party. Typically represented as a URI identifierScheme/Identifier URI
4 training runs,07-training-run-augusta,DTE,$.credentialSubject[].relatedParty[].party.partyAlsoKnownAs[].name,yes,yes,string,not published,yes,,,,,,Legal registered name of this party.
4 training runs,07-training-run-augusta,DTE,$.credentialSubject[].relatedParty[].party.partyAlsoKnownAs[].registeredId,yes,no,string,not published,yes,,,,,,The registration number (alphanumeric) of the Party within the register. Unique within the register.
4 training runs,07-training-run-augusta,DTE,$.credentialSubject[].inputProduct[],yes,yes,object,needs extension vocabulary,yes,,stated,OLMO2,§2.3,Quantity (tokens at this site) not published. Datasets are not consumed by training; 'active' is the nearest disposition. No input role for 'training data' vs 'material'.; Not published whether mid-training ran at this site; listed as a possible input.,An array of input products and quantities for this production or manufacturing process
4 training runs,07-training-run-augusta,DTE,$.credentialSubject[].inputProduct[].product,yes,yes,object,needs extension vocabulary,yes,,stated,OLMO2,§2.3,Quantity (tokens at this site) not published. Datasets are not consumed by training; 'active' is the nearest disposition. No input role for 'training data' vs 'material'.; Not published whether mid-training ran at this site; listed as a possible input. (inherited from parent field),The product item / model / batch subject to this lifecycle event.
4 training runs,07-training-run-augusta,DTE,$.credentialSubject[].inputProduct[].product.type,yes,no,array<string>,needs extension vocabulary,yes,,stated,OLMO2,§2.3,Quantity (tokens at this site) not published. Datasets are not consumed by training; 'active' is the nearest disposition. No input role for 'training data' vs 'material'.; Not published whether mid-training ran at this site; listed as a possible input. (inherited from parent field),
4 training runs,07-training-run-augusta,DTE,$.credentialSubject[].inputProduct[].product.id,yes,yes,string,needs extension vocabulary,yes,https://huggingface.co/datasets/allenai/olmo-mix-1124/tree/99ee6aaace88779d1ef099d36251b91101c1679b | https://huggingface.co/datasets/allenai/dolmino-mix-1124/tree/a319f19eef1e257417b11ea8c30da266ae175557,stated,OLMO2,§2.3,Quantity (tokens at this site) not published. Datasets are not consumed by training; 'active' is the nearest disposition. No input role for 'training data' vs 'material'.; Not published whether mid-training ran at this site; listed as a possible input. (inherited from parent field),"Globally unique identifier of this product. Typically represented as a URI identifierScheme/Identifier URI or, if self-issued, as a did."
4 training runs,07-training-run-augusta,DTE,$.credentialSubject[].inputProduct[].product.name,yes,yes,string,needs extension vocabulary,yes,olmo-mix-1124 | dolmino-mix-1124,stated,OLMO2,§2.3,Quantity (tokens at this site) not published. Datasets are not consumed by training; 'active' is the nearest disposition. No input role for 'training data' vs 'material'.; Not published whether mid-training ran at this site; listed as a possible input. (inherited from parent field),The product name as known to the market.
4 training runs,07-training-run-augusta,DTE,$.credentialSubject[].inputProduct[].product.idGranularity,yes,yes,"string enum['model', 'batch', 'item']",needs extension vocabulary,yes,batch,stated,OLMO2,§2.3,Quantity (tokens at this site) not published. Datasets are not consumed by training; 'active' is the nearest disposition. No input role for 'training data' vs 'material'.; Not published whether mid-training ran at this site; listed as a possible input. (inherited from parent field),"The identification granularity for this product (item, batch, model)"
4 training runs,07-training-run-augusta,DTE,$.credentialSubject[].inputProduct[].product.modelNumber,yes,no,string,needs extension vocabulary,yes,allenai/olmo-mix-1124 | allenai/dolmino-mix-1124,stated,OLMO2,§2.3,Quantity (tokens at this site) not published. Datasets are not consumed by training; 'active' is the nearest disposition. No input role for 'training data' vs 'material'.; Not published whether mid-training ran at this site; listed as a possible input. (inherited from parent field),"Where available, the model number (for manufactured products) or material identification (for bulk materials)"
4 training runs,07-training-run-augusta,DTE,$.credentialSubject[].inputProduct[].product.batchNumber,yes,no,string,needs extension vocabulary,yes,99ee6aaace88779d1ef099d36251b91101c1679b | a319f19eef1e257417b11ea8c30da266ae175557,stated,OLMO2,§2.3,Quantity (tokens at this site) not published. Datasets are not consumed by training; 'active' is the nearest disposition. No input role for 'training data' vs 'material'.; Not published whether mid-training ran at this site; listed as a possible input. (inherited from parent field),Identifier of the specific production batch of the product.  Unique within the product class.
4 training runs,07-training-run-augusta,DTE,$.credentialSubject[].inputProduct[].product.itemNumber,yes,no,string,not published,yes,,,,,,A number or code representing a specific serialised item of the product. Unique within product class.
4 training runs,07-training-run-augusta,DTE,$.credentialSubject[].inputProduct[].quantity,yes,no,object,not published,yes,,,,,,The quantity of product subject to this lifecycle event.  Not needed for serialised items.
4 training runs,07-training-run-augusta,DTE,$.credentialSubject[].inputProduct[].quantity.value,yes,yes,number,not published,yes,,,,,,The numeric value of the measure
4 training runs,07-training-run-augusta,DTE,$.credentialSubject[].inputProduct[].quantity.upperTolerance,yes,no,number,not published,yes,,,,,,"The upper tolerance associated with this measure expressed in the same units as the measure.  For example value=10, upperTolerance=0.1, unit=KGM would mean t..."
4 training runs,07-training-run-augusta,DTE,$.credentialSubject[].inputProduct[].quantity.lowerTolerance,yes,no,number,not published,yes,,,,,,"The lower tolerance associated with this measure expressed in the same units as the measure.  For example value=10, lowerTolerance=0.1, unit=KGM would mean t..."
4 training runs,07-training-run-augusta,DTE,$.credentialSubject[].inputProduct[].quantity.unit,yes,yes,string,not published,yes,,,,,,"Unit of measure drawn from the UNECE Rec20 measure code list.      This is an enumerated value, but the list of valid values are too big, or change too often..."
4 training runs,07-training-run-augusta,DTE,$.credentialSubject[].inputProduct[].disposition,yes,no,"string enum['new', 'inTransit', 'active', 'repaired', 'recalled', 'expired', 'consumed', 'recycled', 'disposed']",needs extension vocabulary,yes,active,stated,OLMO2,§2.3,Quantity (tokens at this site) not published. Datasets are not consumed by training; 'active' is the nearest disposition. No input role for 'training data' vs 'material'.; Not published whether mid-training ran at this site; listed as a possible input. (inherited from parent field),The status of the product after the event has happened.
4 training runs,07-training-run-augusta,DTE,$.credentialSubject[].outputProduct[],yes,yes,object,needs extension vocabulary,yes,,stated,OLMO2,§6.1,Both events contribute to one output. UNTP assumes one make event per output at one facility.,An array of output products and quantities for this produciton or manufacturing process
4 training runs,07-training-run-augusta,DTE,$.credentialSubject[].outputProduct[].product,yes,yes,object,needs extension vocabulary,yes,,stated,OLMO2,§6.1,Both events contribute to one output. UNTP assumes one make event per output at one facility. (inherited from parent field),The product item / model / batch subject to this lifecycle event.
4 training runs,07-training-run-augusta,DTE,$.credentialSubject[].outputProduct[].product.type,yes,no,array<string>,needs extension vocabulary,yes,,stated,OLMO2,§6.1,Both events contribute to one output. UNTP assumes one make event per output at one facility. (inherited from parent field),
4 training runs,07-training-run-augusta,DTE,$.credentialSubject[].outputProduct[].product.id,yes,yes,string,needs extension vocabulary,yes,https://huggingface.co/allenai/OLMo-2-1124-7B/tree/7df9a82518afdecae4e8c026b27adccc8c1f0032,stated,OLMO2,§6.1,Both events contribute to one output. UNTP assumes one make event per output at one facility. (inherited from parent field),"Globally unique identifier of this product. Typically represented as a URI identifierScheme/Identifier URI or, if self-issued, as a did."
4 training runs,07-training-run-augusta,DTE,$.credentialSubject[].outputProduct[].product.name,yes,yes,string,needs extension vocabulary,yes,OLMo 2 7B,stated,OLMO2,§6.1,Both events contribute to one output. UNTP assumes one make event per output at one facility. (inherited from parent field),The product name as known to the market.
4 training runs,07-training-run-augusta,DTE,$.credentialSubject[].outputProduct[].product.idGranularity,yes,yes,"string enum['model', 'batch', 'item']",needs extension vocabulary,yes,batch,stated,OLMO2,§6.1,Both events contribute to one output. UNTP assumes one make event per output at one facility. (inherited from parent field),"The identification granularity for this product (item, batch, model)"
4 training runs,07-training-run-augusta,DTE,$.credentialSubject[].outputProduct[].product.modelNumber,yes,no,string,needs extension vocabulary,yes,allenai/OLMo-2-1124-7B,stated,OLMO2,§6.1,Both events contribute to one output. UNTP assumes one make event per output at one facility. (inherited from parent field),"Where available, the model number (for manufactured products) or material identification (for bulk materials)"
4 training runs,07-training-run-augusta,DTE,$.credentialSubject[].outputProduct[].product.batchNumber,yes,no,string,needs extension vocabulary,yes,7df9a82518afdecae4e8c026b27adccc8c1f0032,stated,OLMO2,§6.1,Both events contribute to one output. UNTP assumes one make event per output at one facility. (inherited from parent field),Identifier of the specific production batch of the product.  Unique within the product class.
4 training runs,07-training-run-augusta,DTE,$.credentialSubject[].outputProduct[].product.itemNumber,yes,no,string,not published,yes,,,,,,A number or code representing a specific serialised item of the product. Unique within product class.
4 training runs,07-training-run-augusta,DTE,$.credentialSubject[].outputProduct[].quantity,yes,no,object,not published,yes,,,,,,The quantity of product subject to this lifecycle event.  Not needed for serialised items.
4 training runs,07-training-run-augusta,DTE,$.credentialSubject[].outputProduct[].quantity.value,yes,yes,number,not published,yes,,,,,,The numeric value of the measure
4 training runs,07-training-run-augusta,DTE,$.credentialSubject[].outputProduct[].quantity.upperTolerance,yes,no,number,not published,yes,,,,,,"The upper tolerance associated with this measure expressed in the same units as the measure.  For example value=10, upperTolerance=0.1, unit=KGM would mean t..."
4 training runs,07-training-run-augusta,DTE,$.credentialSubject[].outputProduct[].quantity.lowerTolerance,yes,no,number,not published,yes,,,,,,"The lower tolerance associated with this measure expressed in the same units as the measure.  For example value=10, lowerTolerance=0.1, unit=KGM would mean t..."
4 training runs,07-training-run-augusta,DTE,$.credentialSubject[].outputProduct[].quantity.unit,yes,yes,string,not published,yes,,,,,,"Unit of measure drawn from the UNECE Rec20 measure code list.      This is an enumerated value, but the list of valid values are too big, or change too often..."
4 training runs,07-training-run-augusta,DTE,$.credentialSubject[].outputProduct[].disposition,yes,no,"string enum['new', 'inTransit', 'active', 'repaired', 'recalled', 'expired', 'consumed', 'recycled', 'disposed']",needs extension vocabulary,yes,new,stated,OLMO2,§6.1,Both events contribute to one output. UNTP assumes one make event per output at one facility. (inherited from parent field),The status of the product after the event has happened.
4 training runs,07-training-run-augusta,DTE,$.credentialSubject[].madeAtFacility,yes,yes,object,published,yes,,stated,OLMO2,§6.1,,The facility at which this production / manufacturing event happens.
4 training runs,07-training-run-augusta,DTE,$.credentialSubject[].madeAtFacility.type,yes,no,array<string>,published,yes,,stated,OLMO2,§6.1,(inherited from parent field),
4 training runs,07-training-run-augusta,DTE,$.credentialSubject[].madeAtFacility.id,yes,yes,string,issuer-controlled,yes,https://example.org/untp-ai/facility/ai2-augusta,issuer-controlled,ODS,,ODS-minted facility URI (see DFR).,Globally unique identifier of this facility. Typically represented as a URI identifierScheme/Identifier URI
4 training runs,07-training-run-augusta,DTE,$.credentialSubject[].madeAtFacility.name,yes,yes,string,published,yes,"Augusta cluster (Ai2 on Google Cloud), Council Bluffs, Iowa",stated,OLMO2,§6.1.2,,Name of this facility as defined the location register.
4 training runs,07-training-run-augusta,DTE,$.issuingSoftware,yes,no,object,not published,no,,,,,Not applicable to this item or not used by this reconstruction.,Optional metadata identifying the software product (and its vendor) that issued this credential. Useful for vendor traceability and conformity testing. Issue...
4 training runs,07-training-run-augusta,DTE,$.issuingSoftware.id,yes,yes,string,not published,no,,,,,Not applicable to this item or not used by this reconstruction.,A resolvable identifier for the specific version of the software product that issued this credential.
4 training runs,07-training-run-augusta,DTE,$.issuingSoftware.name,yes,yes,string,not published,no,,,,,Not applicable to this item or not used by this reconstruction.,The name of the software product that issued this credential.
4 training runs,07-training-run-augusta,DTE,$.issuingSoftware.version,yes,yes,string,not published,no,,,,,Not applicable to this item or not used by this reconstruction.,The version of the software product that issued this credential.
4 training runs,07-training-run-augusta,DTE,$.issuingSoftware.vendor,yes,yes,object,not published,no,,,,,Not applicable to this item or not used by this reconstruction.,The vendor of the software product that issued this credential.
4 training runs,07-training-run-augusta,DTE,$.issuingSoftware.vendor.id,yes,yes,string,not published,no,,,,,Not applicable to this item or not used by this reconstruction.,The decentralised identifier (DID) or other resolvable identifier of the software vendor.
4 training runs,07-training-run-augusta,DTE,$.issuingSoftware.vendor.name,yes,yes,string,not published,no,,,,,Not applicable to this item or not used by this reconstruction.,The name of the software vendor.
4 training runs,07-training-run-augusta,DTE,$.description,yes (additional property),no,,issuer-controlled,yes,Reconstructed by Open Data Services (ODS) from public sources for the AI Supply Chains field work (September 2026). None of the parties named in this credent...,issuer-controlled,ODS,,VCDM 2.0 'description'; allowed by the UNTP schema's additionalProperties.,
4 training runs,07-training-run-augusta,DTE,$.credentialSubject[].aic:equipmentUsed,no,no,extension,needs extension vocabulary,yes,,stated,OLMO2,§6.1,UNTP distinguishes inputs (inputProduct) from nothing else: no slot for equipment used but not consumed. Extension proposed.,Proposed AI compute and models extension property
4 training runs,07-training-run-augusta,DTE,$.credentialSubject[].aic:equipmentUsed[].gpuHours,no,no,extension,not published,yes,,placeholder,ODS,,GPU-hours not published; 0 is a placeholder.,Proposed AI compute and models extension property
4 training runs,07-training-run-augusta,DTE,$.credentialSubject[].aic:trainingShare,no,no,extension,not published,yes,not published,placeholder,ODS,,Report says only: a minority share; 7B trained 'partially on both clusters'.,Proposed AI compute and models extension property
5 model,08-olmo-2-7b-passport,DPP,$,yes,yes,object,container,yes,,,,,Structural: see the fields beneath.,A digital Product Passport (DPP) credential.
5 model,08-olmo-2-7b-passport,DPP,$.type,yes,no,array<string>,issuer-controlled,yes,,issuer-controlled,ODS,,,
5 model,08-olmo-2-7b-passport,DPP,$.@context,yes,yes,array<string>,issuer-controlled,yes,,issuer-controlled,ODS,,Third entry is the proposed AI compute and models extension context (fictional URL; local copy in extension/).,A list of JSON-LD context URIs that define the semantic meaning of properties within the credential. 
5 model,08-olmo-2-7b-passport,DPP,$.id,yes,yes,string,issuer-controlled,yes,https://example.org/untp-ai/credentials/olmo-2-7b-passport,issuer-controlled,ODS,,,A unique identifier (URI) assigned to this verifiable credential.
5 model,08-olmo-2-7b-passport,DPP,$.issuer,yes,yes,object,issuer-controlled,yes,,issuer-controlled,ODS,,Fictional issuer. The DID does not resolve and nothing is signed.,"The organisation that is the issuer of this VC. Note that the ""id"" property MUST be a W3C DID.  Other identifiers such as tax registration numbers can be lis..."
5 model,08-olmo-2-7b-passport,DPP,$.issuer.type,yes,no,array<string>,issuer-controlled,yes,,issuer-controlled,ODS,,Fictional issuer. The DID does not resolve and nothing is signed. (inherited from parent field),
5 model,08-olmo-2-7b-passport,DPP,$.issuer.id,yes,yes,string,issuer-controlled,yes,did:web:example.org,issuer-controlled,ODS,,Fictional issuer. The DID does not resolve and nothing is signed. (inherited from parent field),The W3C DID of the issuer - should be a did:web or did:webvh
5 model,08-olmo-2-7b-passport,DPP,$.issuer.name,yes,yes,string,issuer-controlled,yes,Example reconstruction issuer (fictional; ODS AI Supply Chains prototype),issuer-controlled,ODS,,Fictional issuer. The DID does not resolve and nothing is signed. (inherited from parent field),The name of the issuer person or organisation
5 model,08-olmo-2-7b-passport,DPP,$.issuer.issuerAlsoKnownAs[],yes,no,object,not published,no,,,,,Not applicable to this item or not used by this reconstruction.,An optional list of other registered identifiers for this credential issuer 
5 model,08-olmo-2-7b-passport,DPP,$.issuer.issuerAlsoKnownAs[].type,yes,no,array<string>,not published,no,,,,,Not applicable to this item or not used by this reconstruction.,
5 model,08-olmo-2-7b-passport,DPP,$.issuer.issuerAlsoKnownAs[].id,yes,yes,string,not published,no,,,,,Not applicable to this item or not used by this reconstruction.,Globally unique identifier of this party. Typically represented as a URI identifierScheme/Identifier URI
5 model,08-olmo-2-7b-passport,DPP,$.issuer.issuerAlsoKnownAs[].name,yes,yes,string,not published,no,,,,,Not applicable to this item or not used by this reconstruction.,Legal registered name of this party.
5 model,08-olmo-2-7b-passport,DPP,$.issuer.issuerAlsoKnownAs[].registeredId,yes,no,string,not published,no,,,,,Not applicable to this item or not used by this reconstruction.,The registration number (alphanumeric) of the Party within the register. Unique within the register.
5 model,08-olmo-2-7b-passport,DPP,$.validFrom,yes,yes,string,issuer-controlled,yes,2026-09-30T00:00:00Z,issuer-controlled,ODS,,,The date and time from which the credential is valid.
5 model,08-olmo-2-7b-passport,DPP,$.validUntil,yes,no,string,not published,no,,,,,Not applicable to this item or not used by this reconstruction.,The expiry date (if applicable) of this verifiable credential.
5 model,08-olmo-2-7b-passport,DPP,$.name,yes,yes,string,issuer-controlled,yes,Digital Product Passport: OLMo 2 7B (allenai/OLMo-2-1124-7B),issuer-controlled,ODS,,,"Name of this verifiable credential instance (eg the title of a digital product passport, facility record, lifecycle event, or conformity credential)"
5 model,08-olmo-2-7b-passport,DPP,$.credentialStatus,yes,no,object,not published,no,,,,,Not applicable to this item or not used by this reconstruction.,A W3C VCDM2.0 compliant object containing credential status information.
5 model,08-olmo-2-7b-passport,DPP,$.credentialStatus.type,yes,yes,string enum['BitstringStatusListEntry'],not published,no,,,,,Not applicable to this item or not used by this reconstruction.,"The type of status list - must be set to ""The type property MUST be BitstringStatusListEntry."""
5 model,08-olmo-2-7b-passport,DPP,$.credentialStatus.id,yes,no,string,not published,no,,,,,Not applicable to this item or not used by this reconstruction.,optional identifier of this status list entry.
5 model,08-olmo-2-7b-passport,DPP,$.credentialStatus.statusPurpose,yes,yes,"string enum['refresh', 'revocation', 'suspension', 'message']",not published,no,,,,,Not applicable to this item or not used by this reconstruction.,Status purpose drawn from a standard list but extensible as per w3c bitstring status list specification.
5 model,08-olmo-2-7b-passport,DPP,$.credentialStatus.statusListIndex,yes,yes,integer,not published,no,,,,,Not applicable to this item or not used by this reconstruction.,"	The statusListIndex property MUST be an arbitrary size integer greater than or equal to 0, expressed as a string in base 10. The value identifies the positi..."
5 model,08-olmo-2-7b-passport,DPP,$.credentialStatus.statusListCredential,yes,yes,string,not published,no,,,,,Not applicable to this item or not used by this reconstruction.,"The statusListCredential property MUST be a URL to a verifiable credential. When the URL is dereferenced, the resulting verifiable credential MUST have type ..."
5 model,08-olmo-2-7b-passport,DPP,$.renderMethod[],yes,no,object,not published,no,,,,,Not applicable to this item or not used by this reconstruction.,Human rendering information for this credential. An array of render methods (eg RenderTemplate2024) that may be used to display the credential.
5 model,08-olmo-2-7b-passport,DPP,$.renderMethod[].type,yes,no,array<string>,not published,no,,,,,Not applicable to this item or not used by this reconstruction.,
5 model,08-olmo-2-7b-passport,DPP,$.renderMethod[].name,yes,no,string,not published,no,,,,,Not applicable to this item or not used by this reconstruction.,Human facing display name for selection
5 model,08-olmo-2-7b-passport,DPP,$.renderMethod[].mediaQuery,yes,no,string,not published,no,,,,,Not applicable to this item or not used by this reconstruction.,Media query as defined in https://www.w3.org/TR/mediaqueries-4/
5 model,08-olmo-2-7b-passport,DPP,$.renderMethod[].template,yes,no,string,not published,no,,,,,Not applicable to this item or not used by this reconstruction.,An inline template field for use cases where remote retrieval of a render method is suboptimal
5 model,08-olmo-2-7b-passport,DPP,$.renderMethod[].url,yes,no,string,not published,no,,,,,Not applicable to this item or not used by this reconstruction.,URL for remotely hosted template
5 model,08-olmo-2-7b-passport,DPP,$.renderMethod[].mediaType,yes,no,string,not published,no,,,,,Not applicable to this item or not used by this reconstruction.,media type of the rendered output (eg text/html)
5 model,08-olmo-2-7b-passport,DPP,$.renderMethod[].digestMultibase,yes,no,string,not published,no,,,,,Not applicable to this item or not used by this reconstruction.,Used for resource integrity and/or validation of the inline `template`
5 model,08-olmo-2-7b-passport,DPP,$.credentialSubject,yes,yes,object,container,yes,,,,,Structural: see the fields beneath.,The product that is the subject of this digital product passport.
5 model,08-olmo-2-7b-passport,DPP,$.credentialSubject.type,yes,no,array<string>,container,yes,,,,,Structural: see the fields beneath.,
5 model,08-olmo-2-7b-passport,DPP,$.credentialSubject.id,yes,yes,string,published,yes,https://huggingface.co/allenai/OLMo-2-1124-7B/tree/7df9a82518afdecae4e8c026b27adccc8c1f0032,ODS-assigned,HF-MODEL,,Hub URL at the commit; ODS identifier rule.,"Globally unique identifier of this product. Typically represented as a URI identifierScheme/Identifier URI or, if self-issued, as a did."
5 model,08-olmo-2-7b-passport,DPP,$.credentialSubject.name,yes,yes,string,published,yes,OLMo 2 7B (OLMo-2-1124-7B),stated,HF-MODEL; OLMO2,,,The product name as known to the market.
5 model,08-olmo-2-7b-passport,DPP,$.credentialSubject.description,yes,no,string,published,yes,"7B-parameter open language model (base, pretrained and mid-trained). Stage 1 on olmo-mix-1124; stage 2 on three 50B-token samples of dolmino-mix-1124, averaged.",stated,OLMO2; HF-MODEL,"§2.3, §4.5",,Description of the product.
5 model,08-olmo-2-7b-passport,DPP,$.credentialSubject.idScheme,yes,yes,object,needs extension vocabulary,yes,,ODS-assigned,HF-MODEL,,No registered identifier scheme exists for models or datasets.,"The identifier scheme for this product.  Eg a GS1 GTIN or an AU Livestock NLIS, or similar. If self issued then use the party ID of the issuer.  "
5 model,08-olmo-2-7b-passport,DPP,$.credentialSubject.idScheme.type,yes,no,array<string>,needs extension vocabulary,yes,,ODS-assigned,HF-MODEL,,No registered identifier scheme exists for models or datasets. (inherited from parent field),
5 model,08-olmo-2-7b-passport,DPP,$.credentialSubject.idScheme.id,yes,yes,string,needs extension vocabulary,yes,https://huggingface.co,ODS-assigned,HF-MODEL,,No registered identifier scheme exists for models or datasets. (inherited from parent field),The URI of this identifier scheme
5 model,08-olmo-2-7b-passport,DPP,$.credentialSubject.idScheme.name,yes,yes,string,needs extension vocabulary,yes,Hugging Face Hub repository at a commit (proposed AI identifier rule: repo + commit + file hash),ODS-assigned,HF-MODEL,,No registered identifier scheme exists for models or datasets. (inherited from parent field),The name of the identifier scheme. 
5 model,08-olmo-2-7b-passport,DPP,$.credentialSubject.modelNumber,yes,no,string,published,yes,allenai/OLMo-2-1124-7B,stated,HF-MODEL,,,"Where available, the model number (for manufactured products) or material identification (for bulk materials)"
5 model,08-olmo-2-7b-passport,DPP,$.credentialSubject.batchNumber,yes,no,string,published,yes,7df9a82518afdecae4e8c026b27adccc8c1f0032,stated,HF-MODEL,API field 'sha',Commit at access date (last modified 2025-01-06).,Identifier of the specific production batch of the product.  Unique within the product class.
5 model,08-olmo-2-7b-passport,DPP,$.credentialSubject.itemNumber,yes,no,string,not published,no,,,,,Not applicable to this item or not used by this reconstruction.,A number or code representing a specific serialised item of the product. Unique within product class.
5 model,08-olmo-2-7b-passport,DPP,$.credentialSubject.idGranularity,yes,yes,"string enum['model', 'batch', 'item']",needs extension vocabulary,yes,batch,ODS-assigned,ODS,,"A repository commit fixes the exact bytes, so it is treated as a batch. Digital copies are identical, so model/batch/item granularity does not map cleanly.","The identification granularity for this product (item, batch, model)"
5 model,08-olmo-2-7b-passport,DPP,$.credentialSubject.productImage,yes,no,object,not published,no,,,,,Not applicable to this item or not used by this reconstruction.,"Reference information (location, type, name) of an image of the product."
5 model,08-olmo-2-7b-passport,DPP,$.credentialSubject.productImage.linkURL,yes,yes,string,not published,no,,,,,Not applicable to this item or not used by this reconstruction.,The URL of the target resource.  
5 model,08-olmo-2-7b-passport,DPP,$.credentialSubject.productImage.linkName,yes,yes,string,not published,no,,,,,Not applicable to this item or not used by this reconstruction.,Display name for this link.
5 model,08-olmo-2-7b-passport,DPP,$.credentialSubject.productImage.digestMultibase,yes,no,string,not published,no,,,,,Not applicable to this item or not used by this reconstruction.,An optional multi-base encoded digest to ensure the content of the link has not changed. See https://www.w3.org/TR/vc-data-integrity/#resource-integrity for ...
5 model,08-olmo-2-7b-passport,DPP,$.credentialSubject.productImage.mediaType,yes,no,string,not published,no,,,,,Not applicable to this item or not used by this reconstruction.,The media type of the target resource.
5 model,08-olmo-2-7b-passport,DPP,$.credentialSubject.productImage.linkType,yes,no,string,not published,no,,,,,Not applicable to this item or not used by this reconstruction.,The type of the target resource - drawn from a controlled vocabulary 
5 model,08-olmo-2-7b-passport,DPP,$.credentialSubject.characteristics,yes,no,object,container,yes,,,,,Structural: see the fields beneath.,A set of industry specific product information. 
5 model,08-olmo-2-7b-passport,DPP,$.credentialSubject.productCategory[],yes,yes,object,needs extension vocabulary,yes,,ODS-assigned,CPC21; ODS,,Nearest CPC v2.1 subclass; CPC has no class for trained models or training datasets.,"A code representing the product's class, typically using the UN CPC (United Nations Central Product Classification) https://unstats.un.org/unsd/classificatio..."
5 model,08-olmo-2-7b-passport,DPP,$.credentialSubject.productCategory[].code,yes,yes,string,needs extension vocabulary,yes,84399 | foundation-model,ODS-assigned,CPC21; ODS,,Nearest CPC v2.1 subclass; CPC has no class for trained models or training datasets. (inherited from parent field),classification code within the scheme
5 model,08-olmo-2-7b-passport,DPP,$.credentialSubject.productCategory[].name,yes,yes,string,needs extension vocabulary,yes,Other on-line content n.e.c. | Pretrained foundation model (base),ODS-assigned,CPC21; ODS,,Nearest CPC v2.1 subclass; CPC has no class for trained models or training datasets. (inherited from parent field),Name of the classification represented by the code
5 model,08-olmo-2-7b-passport,DPP,$.credentialSubject.productCategory[].definition,yes,no,string,not published,yes,,,,,,A rich definition of this classification code.
5 model,08-olmo-2-7b-passport,DPP,$.credentialSubject.productCategory[].schemeId,yes,yes,string,needs extension vocabulary,yes,https://unstats.un.org/unsd/classifications/Econ/cpc/ | https://example.org/untp-ai/0.1/productClass,ODS-assigned,CPC21; ODS,,Nearest CPC v2.1 subclass; CPC has no class for trained models or training datasets. (inherited from parent field),Classification scheme ID
5 model,08-olmo-2-7b-passport,DPP,$.credentialSubject.productCategory[].schemeName,yes,yes,string,needs extension vocabulary,yes,UN CPC v2.1 | AI compute and models product classes (proposed),ODS-assigned,CPC21; ODS,,Nearest CPC v2.1 subclass; CPC has no class for trained models or training datasets. (inherited from parent field),The name of the classification scheme
5 model,08-olmo-2-7b-passport,DPP,$.credentialSubject.relatedDocument[],yes,no,object,published,yes,,stated,ODS; HF-MODEL; OLMO2,,,A list of links to documents providing additional product information. Documents that support a conformity claim (e.g. permits or certificates) SHOULD be ref...
5 model,08-olmo-2-7b-passport,DPP,$.credentialSubject.relatedDocument[].linkURL,yes,yes,string,published,yes,https://example.org/untp-ai/credentials/training-run-jupiter | https://example.org/untp-ai/credentials/training-run-augusta | https://example.org/untp-ai/credentials/olmo-mix-1124-passport | https://example.org/untp-ai/credentials/dolmino-mix-1124-passport | https://huggingface.co/allenai/OLMo-2-1124-7B | https://arxiv.org/abs/2501.00656v3,stated,ODS; HF-MODEL; OLMO2,,(inherited from parent field),The URL of the target resource.  
5 model,08-olmo-2-7b-passport,DPP,$.credentialSubject.relatedDocument[].linkName,yes,yes,string,published,yes,Training run at Jupiter (DTE) | Training run at Augusta (DTE) | olmo-mix-1124 (DPP) | dolmino-mix-1124 (DPP) | Hugging Face model card | OLMo 2 technical report (arXiv:2501.00656v3),stated,ODS; HF-MODEL; OLMO2,,(inherited from parent field),Display name for this link.
5 model,08-olmo-2-7b-passport,DPP,$.credentialSubject.relatedDocument[].digestMultibase,yes,no,string,not published,yes,,,,,,An optional multi-base encoded digest to ensure the content of the link has not changed. See https://www.w3.org/TR/vc-data-integrity/#resource-integrity for ...
5 model,08-olmo-2-7b-passport,DPP,$.credentialSubject.relatedDocument[].mediaType,yes,no,string,published,yes,text/html,stated,ODS; HF-MODEL; OLMO2,,(inherited from parent field),The media type of the target resource.
5 model,08-olmo-2-7b-passport,DPP,$.credentialSubject.relatedDocument[].linkType,yes,no,string,published,yes,https://test.uncefact.org/vocabulary/linkTypes/dte | https://test.uncefact.org/vocabulary/linkTypes/dpp,stated,ODS; HF-MODEL; OLMO2,,(inherited from parent field),The type of the target resource - drawn from a controlled vocabulary 
5 model,08-olmo-2-7b-passport,DPP,$.credentialSubject.relatedParty[],yes,no,object,published,yes,,stated,OLMO2; HF-MODEL,,No 'developer' role in PartyRole; 'producer' used.,A list of parties with a defined relationship to this product
5 model,08-olmo-2-7b-passport,DPP,$.credentialSubject.relatedParty[].role,yes,yes,"string enum['owner', 'producer', 'manufacturer', 'processor', 'remanufacturer', 'recycler', 'operator', 'serviceProvider', 'inspector', 'certifier', 'logisticsProvider', 'carrier', 'consignor', 'consignee', 'importer', 'exporter', 'distributor', 'retailer', 'brandOwner', 'regulator']",published,yes,producer,stated,OLMO2; HF-MODEL,,No 'developer' role in PartyRole; 'producer' used. (inherited from parent field),The role played by the party in this relationship
5 model,08-olmo-2-7b-passport,DPP,$.credentialSubject.relatedParty[].party,yes,yes,object,published,yes,,stated,OLMO2; HF-MODEL,,No 'developer' role in PartyRole; 'producer' used. (inherited from parent field),The party that has the specified role.
5 model,08-olmo-2-7b-passport,DPP,$.credentialSubject.relatedParty[].party.type,yes,no,array<string>,published,yes,,stated,OLMO2; HF-MODEL,,No 'developer' role in PartyRole; 'producer' used. (inherited from parent field),
5 model,08-olmo-2-7b-passport,DPP,$.credentialSubject.relatedParty[].party.id,yes,yes,string,published,yes,https://projects.propublica.org/nonprofits/organizations/824083177,stated,PROPUBLICA-AI2,,No LEI exists (GLEIF-NONE). EIN register URL used as the resolvable party identifier.,Globally unique identifier of this party. Typically represented as a URI identifierScheme/Identifier URI
5 model,08-olmo-2-7b-passport,DPP,$.credentialSubject.relatedParty[].party.name,yes,yes,string,published,yes,The Allen Institute For Artificial Intelligence,stated,PROPUBLICA-AI2,,,Legal registered name of this party.
5 model,08-olmo-2-7b-passport,DPP,$.credentialSubject.relatedParty[].party.description,yes,no,string,published,yes,Ai2. Non-profit AI research institute; developer of OLMo 2.,stated,OLMO2,,,Description of the party including function and other names.
5 model,08-olmo-2-7b-passport,DPP,$.credentialSubject.relatedParty[].party.registeredId,yes,no,string,published,yes,82-4083177,stated,PROPUBLICA-AI2,,"Wikidata Q16002567 gives 91-2155317, which is the Allen Institute (bioscience).",The registration number (alphanumeric) of the Party within the register. Unique within the register.
5 model,08-olmo-2-7b-passport,DPP,$.credentialSubject.relatedParty[].party.idScheme,yes,no,object,published,yes,,ODS-assigned,PROPUBLICA-AI2,,,The identifier scheme of the party.  Typically a national business register or a global scheme such as GLEIF. 
5 model,08-olmo-2-7b-passport,DPP,$.credentialSubject.relatedParty[].party.idScheme.type,yes,no,array<string>,published,yes,,ODS-assigned,PROPUBLICA-AI2,,(inherited from parent field),
5 model,08-olmo-2-7b-passport,DPP,$.credentialSubject.relatedParty[].party.idScheme.id,yes,yes,string,published,yes,https://www.irs.gov/ein,ODS-assigned,PROPUBLICA-AI2,,(inherited from parent field),The URI of this identifier scheme
5 model,08-olmo-2-7b-passport,DPP,$.credentialSubject.relatedParty[].party.idScheme.name,yes,yes,string,published,yes,US IRS Employer Identification Number (via ProPublica Nonprofit Explorer),ODS-assigned,PROPUBLICA-AI2,,(inherited from parent field),The name of the identifier scheme. 
5 model,08-olmo-2-7b-passport,DPP,$.credentialSubject.relatedParty[].party.registrationCountry,yes,no,object,published,yes,,stated,PROPUBLICA-AI2,,,the country in which this organisation is registered - using ISO-3166 code and name.
5 model,08-olmo-2-7b-passport,DPP,$.credentialSubject.relatedParty[].party.registrationCountry.countryCode,yes,yes,string,published,yes,US,stated,PROPUBLICA-AI2,,(inherited from parent field),"ISO 3166 country code      This is an enumerated value, but the list of valid values are too big, or change too often to include here. You can access the lis..."
5 model,08-olmo-2-7b-passport,DPP,$.credentialSubject.relatedParty[].party.registrationCountry.countryName,yes,no,string,published,yes,United States of America,stated,PROPUBLICA-AI2,,(inherited from parent field),Country Name as defined in ISO 3166
5 model,08-olmo-2-7b-passport,DPP,$.credentialSubject.relatedParty[].party.partyAddress,yes,no,object,published,yes,,stated,PROPUBLICA-AI2; USASPENDING-AI2,,,The address of the party
5 model,08-olmo-2-7b-passport,DPP,$.credentialSubject.relatedParty[].party.partyAddress.streetAddress,yes,yes,string,published,yes,3800 Latona Ave NE Ste 300,stated,PROPUBLICA-AI2; USASPENDING-AI2,,(inherited from parent field),the street address as an unstructured string.
5 model,08-olmo-2-7b-passport,DPP,$.credentialSubject.relatedParty[].party.partyAddress.postalCode,yes,yes,string,published,yes,98105-6405,stated,PROPUBLICA-AI2; USASPENDING-AI2,,(inherited from parent field),The postal code or zip code for this address.
5 model,08-olmo-2-7b-passport,DPP,$.credentialSubject.relatedParty[].party.partyAddress.addressLocality,yes,yes,string,published,yes,Seattle,stated,PROPUBLICA-AI2; USASPENDING-AI2,,(inherited from parent field),"The city, suburb or township name."
5 model,08-olmo-2-7b-passport,DPP,$.credentialSubject.relatedParty[].party.partyAddress.addressRegion,yes,yes,string,published,yes,WA,stated,PROPUBLICA-AI2; USASPENDING-AI2,,(inherited from parent field),The state or territory or province
5 model,08-olmo-2-7b-passport,DPP,$.credentialSubject.relatedParty[].party.partyAddress.addressCountry,yes,yes,object,published,yes,,stated,PROPUBLICA-AI2; USASPENDING-AI2,,(inherited from parent field),The address country as an ISO-3166 two letter country code and name.
5 model,08-olmo-2-7b-passport,DPP,$.credentialSubject.relatedParty[].party.partyAddress.addressCountry.countryCode,yes,yes,string,published,yes,US,stated,PROPUBLICA-AI2; USASPENDING-AI2,,(inherited from parent field),"ISO 3166 country code      This is an enumerated value, but the list of valid values are too big, or change too often to include here. You can access the lis..."
5 model,08-olmo-2-7b-passport,DPP,$.credentialSubject.relatedParty[].party.partyAddress.addressCountry.countryName,yes,no,string,published,yes,United States of America,stated,PROPUBLICA-AI2; USASPENDING-AI2,,(inherited from parent field),Country Name as defined in ISO 3166
5 model,08-olmo-2-7b-passport,DPP,$.credentialSubject.relatedParty[].party.organisationWebsite,yes,no,string,published,yes,https://allenai.org,stated,OLMO2,,,Website for this organisation
5 model,08-olmo-2-7b-passport,DPP,$.credentialSubject.relatedParty[].party.industryCategory[],yes,no,object,not published,yes,,,,,,The industry categories for this organisation.  Recommend use of UNCPC as the category scheme. for example - unstats.un.org/isic/1030
5 model,08-olmo-2-7b-passport,DPP,$.credentialSubject.relatedParty[].party.industryCategory[].code,yes,yes,string,not published,yes,,,,,,classification code within the scheme
5 model,08-olmo-2-7b-passport,DPP,$.credentialSubject.relatedParty[].party.industryCategory[].name,yes,yes,string,not published,yes,,,,,,Name of the classification represented by the code
5 model,08-olmo-2-7b-passport,DPP,$.credentialSubject.relatedParty[].party.industryCategory[].definition,yes,no,string,not published,yes,,,,,,A rich definition of this classification code.
5 model,08-olmo-2-7b-passport,DPP,$.credentialSubject.relatedParty[].party.industryCategory[].schemeId,yes,yes,string,not published,yes,,,,,,Classification scheme ID
5 model,08-olmo-2-7b-passport,DPP,$.credentialSubject.relatedParty[].party.industryCategory[].schemeName,yes,yes,string,not published,yes,,,,,,The name of the classification scheme
5 model,08-olmo-2-7b-passport,DPP,$.credentialSubject.relatedParty[].party.partyAlsoKnownAs[],yes,no,object,published,yes,,stated,USASPENDING-AI2,,UEI confirmed via USAspending; not checked directly in SAM.gov.,"An optional list of other registered identifiers for this organisation. For example DUNS, GLN, LEI, etc"
5 model,08-olmo-2-7b-passport,DPP,$.credentialSubject.relatedParty[].party.partyAlsoKnownAs[].type,yes,no,array<string>,published,yes,,stated,USASPENDING-AI2,,UEI confirmed via USAspending; not checked directly in SAM.gov. (inherited from parent field),
5 model,08-olmo-2-7b-passport,DPP,$.credentialSubject.relatedParty[].party.partyAlsoKnownAs[].id,yes,yes,string,published,yes,https://www.usaspending.gov/recipient/6c5c3e27-835f-4647-8c4b-ee7239b4e69f-R/latest,stated,USASPENDING-AI2,,UEI confirmed via USAspending; not checked directly in SAM.gov. (inherited from parent field),Globally unique identifier of this party. Typically represented as a URI identifierScheme/Identifier URI
5 model,08-olmo-2-7b-passport,DPP,$.credentialSubject.relatedParty[].party.partyAlsoKnownAs[].name,yes,yes,string,published,yes,THE ALLEN INSTITUTE FOR ARTIFICIAL INTELLIGENCE,stated,USASPENDING-AI2,,UEI confirmed via USAspending; not checked directly in SAM.gov. (inherited from parent field),Legal registered name of this party.
5 model,08-olmo-2-7b-passport,DPP,$.credentialSubject.relatedParty[].party.partyAlsoKnownAs[].registeredId,yes,no,string,published,yes,H2VSQE9MCUU5,stated,USASPENDING-AI2,,UEI confirmed via USAspending; not checked directly in SAM.gov. (inherited from parent field),The registration number (alphanumeric) of the Party within the register. Unique within the register.
5 model,08-olmo-2-7b-passport,DPP,$.credentialSubject.producedAtFacility,yes,yes,object,needs extension vocabulary,yes,,stated,OLMO2,§6.1 'bulk of the 7B training on Jupiter',Single-valued in UNTP. Training was split across Jupiter and Augusta; Augusta is recorded in aic:producedAtFacilities and the DTEs.,The Facility where the product batch was produced / manufactured.
5 model,08-olmo-2-7b-passport,DPP,$.credentialSubject.producedAtFacility.type,yes,no,array<string>,needs extension vocabulary,yes,,stated,OLMO2,§6.1 'bulk of the 7B training on Jupiter',Single-valued in UNTP. Training was split across Jupiter and Augusta; Augusta is recorded in aic:producedAtFacilities and the DTEs. (inherited from parent field),
5 model,08-olmo-2-7b-passport,DPP,$.credentialSubject.producedAtFacility.id,yes,yes,string,issuer-controlled,yes,https://example.org/untp-ai/facility/ai2-jupiter,issuer-controlled,ODS,,ODS-minted facility URI (see DFR).,Globally unique identifier of this facility. Typically represented as a URI identifierScheme/Identifier URI
5 model,08-olmo-2-7b-passport,DPP,$.credentialSubject.producedAtFacility.name,yes,yes,string,published,yes,"Jupiter cluster (Ai2), Austin, Texas",stated,OLMO2,§6.1.1,,Name of this facility as defined the location register.
5 model,08-olmo-2-7b-passport,DPP,$.credentialSubject.producedAtFacility.registeredId,yes,no,string,not published,yes,,,,,,The registration number (alphanumeric) of the facility within the identifier scheme. Unique within the register.
5 model,08-olmo-2-7b-passport,DPP,$.credentialSubject.productionDate,yes,no,string,not published,yes,,,,,,The ISO 8601 date on which the product batch or individual serialised item was manufactured.
5 model,08-olmo-2-7b-passport,DPP,$.credentialSubject.expiryDate,yes,no,string,not published,no,,,,,Not applicable to this item or not used by this reconstruction.,The date at which this product is no longer fit for use. Typically used for a food product use-by date but may also represent the usable life of any product.
5 model,08-olmo-2-7b-passport,DPP,$.credentialSubject.countryOfProduction,yes,yes,object,published,yes,,stated,OLMO2,"§6.1.1, §6.1.2 (both clusters in the US)",,The country in which this item was produced / manufactured.using ISO-3166 code and name.
5 model,08-olmo-2-7b-passport,DPP,$.credentialSubject.countryOfProduction.countryCode,yes,yes,string,published,yes,US,stated,OLMO2,"§6.1.1, §6.1.2 (both clusters in the US)",(inherited from parent field),"ISO 3166 country code      This is an enumerated value, but the list of valid values are too big, or change too often to include here. You can access the lis..."
5 model,08-olmo-2-7b-passport,DPP,$.credentialSubject.countryOfProduction.countryName,yes,no,string,published,yes,United States of America,stated,OLMO2,"§6.1.1, §6.1.2 (both clusters in the US)",(inherited from parent field),Country Name as defined in ISO 3166
5 model,08-olmo-2-7b-passport,DPP,$.credentialSubject.dimensions,yes,no,object,needs extension vocabulary,yes,,,,,No data-size dimension (bytes); see aic:byteSize / aic:totalArtefactSize.,The physical dimensions of the product. Not every dimension is relevant to every products.  For example bulk materials may have weight and volume but not len...
5 model,08-olmo-2-7b-passport,DPP,$.credentialSubject.dimensions.weight,yes,no,object,needs extension vocabulary,yes,,,,,No data-size dimension (bytes); see aic:byteSize / aic:totalArtefactSize.,"the weight of the product. EG {""value"":10, ""unit"":""KGM""}"
5 model,08-olmo-2-7b-passport,DPP,$.credentialSubject.dimensions.weight.value,yes,yes,number,needs extension vocabulary,yes,,,,,No data-size dimension (bytes); see aic:byteSize / aic:totalArtefactSize.,The numeric value of the measure
5 model,08-olmo-2-7b-passport,DPP,$.credentialSubject.dimensions.weight.upperTolerance,yes,no,number,needs extension vocabulary,yes,,,,,No data-size dimension (bytes); see aic:byteSize / aic:totalArtefactSize.,"The upper tolerance associated with this measure expressed in the same units as the measure.  For example value=10, upperTolerance=0.1, unit=KGM would mean t..."
5 model,08-olmo-2-7b-passport,DPP,$.credentialSubject.dimensions.weight.lowerTolerance,yes,no,number,needs extension vocabulary,yes,,,,,No data-size dimension (bytes); see aic:byteSize / aic:totalArtefactSize.,"The lower tolerance associated with this measure expressed in the same units as the measure.  For example value=10, lowerTolerance=0.1, unit=KGM would mean t..."
5 model,08-olmo-2-7b-passport,DPP,$.credentialSubject.dimensions.weight.unit,yes,yes,string,needs extension vocabulary,yes,,,,,No data-size dimension (bytes); see aic:byteSize / aic:totalArtefactSize.,"Unit of measure drawn from the UNECE Rec20 measure code list.      This is an enumerated value, but the list of valid values are too big, or change too often..."
5 model,08-olmo-2-7b-passport,DPP,$.credentialSubject.dimensions.length,yes,no,object,needs extension vocabulary,yes,,,,,No data-size dimension (bytes); see aic:byteSize / aic:totalArtefactSize.,"The length of the product or packaging eg {""value"":840, ""unit"":""MMT""}"
5 model,08-olmo-2-7b-passport,DPP,$.credentialSubject.dimensions.length.value,yes,yes,number,needs extension vocabulary,yes,,,,,No data-size dimension (bytes); see aic:byteSize / aic:totalArtefactSize.,The numeric value of the measure
5 model,08-olmo-2-7b-passport,DPP,$.credentialSubject.dimensions.length.upperTolerance,yes,no,number,needs extension vocabulary,yes,,,,,No data-size dimension (bytes); see aic:byteSize / aic:totalArtefactSize.,"The upper tolerance associated with this measure expressed in the same units as the measure.  For example value=10, upperTolerance=0.1, unit=KGM would mean t..."
5 model,08-olmo-2-7b-passport,DPP,$.credentialSubject.dimensions.length.lowerTolerance,yes,no,number,needs extension vocabulary,yes,,,,,No data-size dimension (bytes); see aic:byteSize / aic:totalArtefactSize.,"The lower tolerance associated with this measure expressed in the same units as the measure.  For example value=10, lowerTolerance=0.1, unit=KGM would mean t..."
5 model,08-olmo-2-7b-passport,DPP,$.credentialSubject.dimensions.length.unit,yes,yes,string,needs extension vocabulary,yes,,,,,No data-size dimension (bytes); see aic:byteSize / aic:totalArtefactSize.,"Unit of measure drawn from the UNECE Rec20 measure code list.      This is an enumerated value, but the list of valid values are too big, or change too often..."
5 model,08-olmo-2-7b-passport,DPP,$.credentialSubject.dimensions.width,yes,no,object,needs extension vocabulary,yes,,,,,No data-size dimension (bytes); see aic:byteSize / aic:totalArtefactSize.,"The width of the product or packaging. eg {""value"":150, ""unit"":""MMT""}"
5 model,08-olmo-2-7b-passport,DPP,$.credentialSubject.dimensions.width.value,yes,yes,number,needs extension vocabulary,yes,,,,,No data-size dimension (bytes); see aic:byteSize / aic:totalArtefactSize.,The numeric value of the measure
5 model,08-olmo-2-7b-passport,DPP,$.credentialSubject.dimensions.width.upperTolerance,yes,no,number,needs extension vocabulary,yes,,,,,No data-size dimension (bytes); see aic:byteSize / aic:totalArtefactSize.,"The upper tolerance associated with this measure expressed in the same units as the measure.  For example value=10, upperTolerance=0.1, unit=KGM would mean t..."
5 model,08-olmo-2-7b-passport,DPP,$.credentialSubject.dimensions.width.lowerTolerance,yes,no,number,needs extension vocabulary,yes,,,,,No data-size dimension (bytes); see aic:byteSize / aic:totalArtefactSize.,"The lower tolerance associated with this measure expressed in the same units as the measure.  For example value=10, lowerTolerance=0.1, unit=KGM would mean t..."
5 model,08-olmo-2-7b-passport,DPP,$.credentialSubject.dimensions.width.unit,yes,yes,string,needs extension vocabulary,yes,,,,,No data-size dimension (bytes); see aic:byteSize / aic:totalArtefactSize.,"Unit of measure drawn from the UNECE Rec20 measure code list.      This is an enumerated value, but the list of valid values are too big, or change too often..."
5 model,08-olmo-2-7b-passport,DPP,$.credentialSubject.dimensions.height,yes,no,object,needs extension vocabulary,yes,,,,,No data-size dimension (bytes); see aic:byteSize / aic:totalArtefactSize.,"The height of the product or packaging. eg {""value"":220, ""unit"":""MMT""}"
5 model,08-olmo-2-7b-passport,DPP,$.credentialSubject.dimensions.height.value,yes,yes,number,needs extension vocabulary,yes,,,,,No data-size dimension (bytes); see aic:byteSize / aic:totalArtefactSize.,The numeric value of the measure
5 model,08-olmo-2-7b-passport,DPP,$.credentialSubject.dimensions.height.upperTolerance,yes,no,number,needs extension vocabulary,yes,,,,,No data-size dimension (bytes); see aic:byteSize / aic:totalArtefactSize.,"The upper tolerance associated with this measure expressed in the same units as the measure.  For example value=10, upperTolerance=0.1, unit=KGM would mean t..."
5 model,08-olmo-2-7b-passport,DPP,$.credentialSubject.dimensions.height.lowerTolerance,yes,no,number,needs extension vocabulary,yes,,,,,No data-size dimension (bytes); see aic:byteSize / aic:totalArtefactSize.,"The lower tolerance associated with this measure expressed in the same units as the measure.  For example value=10, lowerTolerance=0.1, unit=KGM would mean t..."
5 model,08-olmo-2-7b-passport,DPP,$.credentialSubject.dimensions.height.unit,yes,yes,string,needs extension vocabulary,yes,,,,,No data-size dimension (bytes); see aic:byteSize / aic:totalArtefactSize.,"Unit of measure drawn from the UNECE Rec20 measure code list.      This is an enumerated value, but the list of valid values are too big, or change too often..."
5 model,08-olmo-2-7b-passport,DPP,$.credentialSubject.dimensions.volume,yes,no,object,needs extension vocabulary,yes,,,,,No data-size dimension (bytes); see aic:byteSize / aic:totalArtefactSize.,"The displacement volume of the product. eg {""value"":7.5, ""unit"":""LTR""}"
5 model,08-olmo-2-7b-passport,DPP,$.credentialSubject.dimensions.volume.value,yes,yes,number,needs extension vocabulary,yes,,,,,No data-size dimension (bytes); see aic:byteSize / aic:totalArtefactSize.,The numeric value of the measure
5 model,08-olmo-2-7b-passport,DPP,$.credentialSubject.dimensions.volume.upperTolerance,yes,no,number,needs extension vocabulary,yes,,,,,No data-size dimension (bytes); see aic:byteSize / aic:totalArtefactSize.,"The upper tolerance associated with this measure expressed in the same units as the measure.  For example value=10, upperTolerance=0.1, unit=KGM would mean t..."
5 model,08-olmo-2-7b-passport,DPP,$.credentialSubject.dimensions.volume.lowerTolerance,yes,no,number,needs extension vocabulary,yes,,,,,No data-size dimension (bytes); see aic:byteSize / aic:totalArtefactSize.,"The lower tolerance associated with this measure expressed in the same units as the measure.  For example value=10, lowerTolerance=0.1, unit=KGM would mean t..."
5 model,08-olmo-2-7b-passport,DPP,$.credentialSubject.dimensions.volume.unit,yes,yes,string,needs extension vocabulary,yes,,,,,No data-size dimension (bytes); see aic:byteSize / aic:totalArtefactSize.,"Unit of measure drawn from the UNECE Rec20 measure code list.      This is an enumerated value, but the list of valid values are too big, or change too often..."
5 model,08-olmo-2-7b-passport,DPP,$.credentialSubject.materialProvenance[],yes,no,object,needs extension vocabulary,yes,,,,,"Composition of datasets and models is by tokens or components, not mass fraction and origin country; for the H100 no mass fractions are published. See aic:composition / aic:components.",A list of materials provenance objects providing details on the origin and mass fraction of materials of the product or batch.
5 model,08-olmo-2-7b-passport,DPP,$.credentialSubject.materialProvenance[].name,yes,yes,string,needs extension vocabulary,yes,,,,,"Composition of datasets and models is by tokens or components, not mass fraction and origin country; for the H100 no mass fractions are published. See aic:composition / aic:components.","Name of this material (eg ""Egyptian Cotton"")"
5 model,08-olmo-2-7b-passport,DPP,$.credentialSubject.materialProvenance[].originCountry,yes,yes,object,needs extension vocabulary,yes,,,,,"Composition of datasets and models is by tokens or components, not mass fraction and origin country; for the H100 no mass fractions are published. See aic:composition / aic:components.",A ISO 3166-1 code representing the country of origin of the component or ingredient.
5 model,08-olmo-2-7b-passport,DPP,$.credentialSubject.materialProvenance[].originCountry.countryCode,yes,yes,string,needs extension vocabulary,yes,,,,,"Composition of datasets and models is by tokens or components, not mass fraction and origin country; for the H100 no mass fractions are published. See aic:composition / aic:components.","ISO 3166 country code      This is an enumerated value, but the list of valid values are too big, or change too often to include here. You can access the lis..."
5 model,08-olmo-2-7b-passport,DPP,$.credentialSubject.materialProvenance[].originCountry.countryName,yes,no,string,needs extension vocabulary,yes,,,,,"Composition of datasets and models is by tokens or components, not mass fraction and origin country; for the H100 no mass fractions are published. See aic:composition / aic:components.",Country Name as defined in ISO 3166
5 model,08-olmo-2-7b-passport,DPP,$.credentialSubject.materialProvenance[].materialType,yes,yes,object,needs extension vocabulary,yes,,,,,"Composition of datasets and models is by tokens or components, not mass fraction and origin country; for the H100 no mass fractions are published. See aic:composition / aic:components.",The type of this material - as a value drawn from a controlled vocabulary eg from UN Framework Classification for Resources (UNFC).
5 model,08-olmo-2-7b-passport,DPP,$.credentialSubject.materialProvenance[].materialType.code,yes,yes,string,needs extension vocabulary,yes,,,,,"Composition of datasets and models is by tokens or components, not mass fraction and origin country; for the H100 no mass fractions are published. See aic:composition / aic:components.",classification code within the scheme
5 model,08-olmo-2-7b-passport,DPP,$.credentialSubject.materialProvenance[].materialType.name,yes,yes,string,needs extension vocabulary,yes,,,,,"Composition of datasets and models is by tokens or components, not mass fraction and origin country; for the H100 no mass fractions are published. See aic:composition / aic:components.",Name of the classification represented by the code
5 model,08-olmo-2-7b-passport,DPP,$.credentialSubject.materialProvenance[].materialType.definition,yes,no,string,needs extension vocabulary,yes,,,,,"Composition of datasets and models is by tokens or components, not mass fraction and origin country; for the H100 no mass fractions are published. See aic:composition / aic:components.",A rich definition of this classification code.
5 model,08-olmo-2-7b-passport,DPP,$.credentialSubject.materialProvenance[].materialType.schemeId,yes,yes,string,needs extension vocabulary,yes,,,,,"Composition of datasets and models is by tokens or components, not mass fraction and origin country; for the H100 no mass fractions are published. See aic:composition / aic:components.",Classification scheme ID
5 model,08-olmo-2-7b-passport,DPP,$.credentialSubject.materialProvenance[].materialType.schemeName,yes,yes,string,needs extension vocabulary,yes,,,,,"Composition of datasets and models is by tokens or components, not mass fraction and origin country; for the H100 no mass fractions are published. See aic:composition / aic:components.",The name of the classification scheme
5 model,08-olmo-2-7b-passport,DPP,$.credentialSubject.materialProvenance[].massFraction,yes,yes,number,needs extension vocabulary,yes,,,,,"Composition of datasets and models is by tokens or components, not mass fraction and origin country; for the H100 no mass fractions are published. See aic:composition / aic:components.",The mass fraction as a decimal of the product (or facility reporting period)  represented by this material. 
5 model,08-olmo-2-7b-passport,DPP,$.credentialSubject.materialProvenance[].mass,yes,no,object,needs extension vocabulary,yes,,,,,"Composition of datasets and models is by tokens or components, not mass fraction and origin country; for the H100 no mass fractions are published. See aic:composition / aic:components.",The mass of the material component.
5 model,08-olmo-2-7b-passport,DPP,$.credentialSubject.materialProvenance[].mass.value,yes,yes,number,needs extension vocabulary,yes,,,,,"Composition of datasets and models is by tokens or components, not mass fraction and origin country; for the H100 no mass fractions are published. See aic:composition / aic:components.",The numeric value of the measure
5 model,08-olmo-2-7b-passport,DPP,$.credentialSubject.materialProvenance[].mass.upperTolerance,yes,no,number,needs extension vocabulary,yes,,,,,"Composition of datasets and models is by tokens or components, not mass fraction and origin country; for the H100 no mass fractions are published. See aic:composition / aic:components.","The upper tolerance associated with this measure expressed in the same units as the measure.  For example value=10, upperTolerance=0.1, unit=KGM would mean t..."
5 model,08-olmo-2-7b-passport,DPP,$.credentialSubject.materialProvenance[].mass.lowerTolerance,yes,no,number,needs extension vocabulary,yes,,,,,"Composition of datasets and models is by tokens or components, not mass fraction and origin country; for the H100 no mass fractions are published. See aic:composition / aic:components.","The lower tolerance associated with this measure expressed in the same units as the measure.  For example value=10, lowerTolerance=0.1, unit=KGM would mean t..."
5 model,08-olmo-2-7b-passport,DPP,$.credentialSubject.materialProvenance[].mass.unit,yes,yes,string,needs extension vocabulary,yes,,,,,"Composition of datasets and models is by tokens or components, not mass fraction and origin country; for the H100 no mass fractions are published. See aic:composition / aic:components.","Unit of measure drawn from the UNECE Rec20 measure code list.      This is an enumerated value, but the list of valid values are too big, or change too often..."
5 model,08-olmo-2-7b-passport,DPP,$.credentialSubject.materialProvenance[].recycledMassFraction,yes,no,number,needs extension vocabulary,yes,,,,,"Composition of datasets and models is by tokens or components, not mass fraction and origin country; for the H100 no mass fractions are published. See aic:composition / aic:components.",Mass fraction of this material that is recycled (eg 50% recycled Lithium)
5 model,08-olmo-2-7b-passport,DPP,$.credentialSubject.materialProvenance[].hazardous,yes,no,boolean,needs extension vocabulary,yes,,,,,"Composition of datasets and models is by tokens or components, not mass fraction and origin country; for the H100 no mass fractions are published. See aic:composition / aic:components.",Indicates whether this material is hazardous. If true then the materialSafetyInformation property must be present
5 model,08-olmo-2-7b-passport,DPP,$.credentialSubject.materialProvenance[].symbol,yes,no,object,needs extension vocabulary,yes,,,,,"Composition of datasets and models is by tokens or components, not mass fraction and origin country; for the H100 no mass fractions are published. See aic:composition / aic:components.",Based 64 encoded binary used to represent a visual symbol for a given material. 
5 model,08-olmo-2-7b-passport,DPP,$.credentialSubject.materialProvenance[].symbol.name,yes,yes,string,needs extension vocabulary,yes,,,,,"Composition of datasets and models is by tokens or components, not mass fraction and origin country; for the H100 no mass fractions are published. See aic:composition / aic:components.",the display name for this image
5 model,08-olmo-2-7b-passport,DPP,$.credentialSubject.materialProvenance[].symbol.description,yes,no,string,needs extension vocabulary,yes,,,,,"Composition of datasets and models is by tokens or components, not mass fraction and origin country; for the H100 no mass fractions are published. See aic:composition / aic:components.",The detailed description / supporting information for this image.
5 model,08-olmo-2-7b-passport,DPP,$.credentialSubject.materialProvenance[].symbol.imageData,yes,yes,string,needs extension vocabulary,yes,,,,,"Composition of datasets and models is by tokens or components, not mass fraction and origin country; for the H100 no mass fractions are published. See aic:composition / aic:components.",The image data encoded as a base64 string.
5 model,08-olmo-2-7b-passport,DPP,$.credentialSubject.materialProvenance[].symbol.mediaType,yes,yes,string,needs extension vocabulary,yes,,,,,"Composition of datasets and models is by tokens or components, not mass fraction and origin country; for the H100 no mass fractions are published. See aic:composition / aic:components.","The media type of this image (eg image/png)      This is an enumerated value, but the list of valid values are too big, or change too often to include here. ..."
5 model,08-olmo-2-7b-passport,DPP,$.credentialSubject.materialProvenance[].materialSafetyInformation,yes,no,object,needs extension vocabulary,yes,,,,,"Composition of datasets and models is by tokens or components, not mass fraction and origin country; for the H100 no mass fractions are published. See aic:composition / aic:components.",Reference to further information about safe handling of this hazardous material (for example a link to a material safety data sheet)
5 model,08-olmo-2-7b-passport,DPP,$.credentialSubject.materialProvenance[].materialSafetyInformation.linkURL,yes,yes,string,needs extension vocabulary,yes,,,,,"Composition of datasets and models is by tokens or components, not mass fraction and origin country; for the H100 no mass fractions are published. See aic:composition / aic:components.",The URL of the target resource.  
5 model,08-olmo-2-7b-passport,DPP,$.credentialSubject.materialProvenance[].materialSafetyInformation.linkName,yes,yes,string,needs extension vocabulary,yes,,,,,"Composition of datasets and models is by tokens or components, not mass fraction and origin country; for the H100 no mass fractions are published. See aic:composition / aic:components.",Display name for this link.
5 model,08-olmo-2-7b-passport,DPP,$.credentialSubject.materialProvenance[].materialSafetyInformation.digestMultibase,yes,no,string,needs extension vocabulary,yes,,,,,"Composition of datasets and models is by tokens or components, not mass fraction and origin country; for the H100 no mass fractions are published. See aic:composition / aic:components.",An optional multi-base encoded digest to ensure the content of the link has not changed. See https://www.w3.org/TR/vc-data-integrity/#resource-integrity for ...
5 model,08-olmo-2-7b-passport,DPP,$.credentialSubject.materialProvenance[].materialSafetyInformation.mediaType,yes,no,string,needs extension vocabulary,yes,,,,,"Composition of datasets and models is by tokens or components, not mass fraction and origin country; for the H100 no mass fractions are published. See aic:composition / aic:components.",The media type of the target resource.
5 model,08-olmo-2-7b-passport,DPP,$.credentialSubject.materialProvenance[].materialSafetyInformation.linkType,yes,no,string,needs extension vocabulary,yes,,,,,"Composition of datasets and models is by tokens or components, not mass fraction and origin country; for the H100 no mass fractions are published. See aic:composition / aic:components.",The type of the target resource - drawn from a controlled vocabulary 
5 model,08-olmo-2-7b-passport,DPP,$.credentialSubject.packaging,yes,no,object,not published,no,,,,,Not applicable to this item or not used by this reconstruction.,The packaging for this product.
5 model,08-olmo-2-7b-passport,DPP,$.credentialSubject.packaging.description,yes,yes,string,not published,no,,,,,Not applicable to this item or not used by this reconstruction.,Description of the packaging.
5 model,08-olmo-2-7b-passport,DPP,$.credentialSubject.packaging.dimensions,yes,yes,object,not published,no,,,,,Not applicable to this item or not used by this reconstruction.,dimensions of the packaging
5 model,08-olmo-2-7b-passport,DPP,$.credentialSubject.packaging.dimensions.weight,yes,no,object,not published,no,,,,,Not applicable to this item or not used by this reconstruction.,"the weight of the product. EG {""value"":10, ""unit"":""KGM""}"
5 model,08-olmo-2-7b-passport,DPP,$.credentialSubject.packaging.dimensions.weight.value,yes,yes,number,not published,no,,,,,Not applicable to this item or not used by this reconstruction.,The numeric value of the measure
5 model,08-olmo-2-7b-passport,DPP,$.credentialSubject.packaging.dimensions.weight.upperTolerance,yes,no,number,not published,no,,,,,Not applicable to this item or not used by this reconstruction.,"The upper tolerance associated with this measure expressed in the same units as the measure.  For example value=10, upperTolerance=0.1, unit=KGM would mean t..."
5 model,08-olmo-2-7b-passport,DPP,$.credentialSubject.packaging.dimensions.weight.lowerTolerance,yes,no,number,not published,no,,,,,Not applicable to this item or not used by this reconstruction.,"The lower tolerance associated with this measure expressed in the same units as the measure.  For example value=10, lowerTolerance=0.1, unit=KGM would mean t..."
5 model,08-olmo-2-7b-passport,DPP,$.credentialSubject.packaging.dimensions.weight.unit,yes,yes,string,not published,no,,,,,Not applicable to this item or not used by this reconstruction.,"Unit of measure drawn from the UNECE Rec20 measure code list.      This is an enumerated value, but the list of valid values are too big, or change too often..."
5 model,08-olmo-2-7b-passport,DPP,$.credentialSubject.packaging.dimensions.length,yes,no,object,not published,no,,,,,Not applicable to this item or not used by this reconstruction.,"The length of the product or packaging eg {""value"":840, ""unit"":""MMT""}"
5 model,08-olmo-2-7b-passport,DPP,$.credentialSubject.packaging.dimensions.length.value,yes,yes,number,not published,no,,,,,Not applicable to this item or not used by this reconstruction.,The numeric value of the measure
5 model,08-olmo-2-7b-passport,DPP,$.credentialSubject.packaging.dimensions.length.upperTolerance,yes,no,number,not published,no,,,,,Not applicable to this item or not used by this reconstruction.,"The upper tolerance associated with this measure expressed in the same units as the measure.  For example value=10, upperTolerance=0.1, unit=KGM would mean t..."
5 model,08-olmo-2-7b-passport,DPP,$.credentialSubject.packaging.dimensions.length.lowerTolerance,yes,no,number,not published,no,,,,,Not applicable to this item or not used by this reconstruction.,"The lower tolerance associated with this measure expressed in the same units as the measure.  For example value=10, lowerTolerance=0.1, unit=KGM would mean t..."
5 model,08-olmo-2-7b-passport,DPP,$.credentialSubject.packaging.dimensions.length.unit,yes,yes,string,not published,no,,,,,Not applicable to this item or not used by this reconstruction.,"Unit of measure drawn from the UNECE Rec20 measure code list.      This is an enumerated value, but the list of valid values are too big, or change too often..."
5 model,08-olmo-2-7b-passport,DPP,$.credentialSubject.packaging.dimensions.width,yes,no,object,not published,no,,,,,Not applicable to this item or not used by this reconstruction.,"The width of the product or packaging. eg {""value"":150, ""unit"":""MMT""}"
5 model,08-olmo-2-7b-passport,DPP,$.credentialSubject.packaging.dimensions.width.value,yes,yes,number,not published,no,,,,,Not applicable to this item or not used by this reconstruction.,The numeric value of the measure
5 model,08-olmo-2-7b-passport,DPP,$.credentialSubject.packaging.dimensions.width.upperTolerance,yes,no,number,not published,no,,,,,Not applicable to this item or not used by this reconstruction.,"The upper tolerance associated with this measure expressed in the same units as the measure.  For example value=10, upperTolerance=0.1, unit=KGM would mean t..."
5 model,08-olmo-2-7b-passport,DPP,$.credentialSubject.packaging.dimensions.width.lowerTolerance,yes,no,number,not published,no,,,,,Not applicable to this item or not used by this reconstruction.,"The lower tolerance associated with this measure expressed in the same units as the measure.  For example value=10, lowerTolerance=0.1, unit=KGM would mean t..."
5 model,08-olmo-2-7b-passport,DPP,$.credentialSubject.packaging.dimensions.width.unit,yes,yes,string,not published,no,,,,,Not applicable to this item or not used by this reconstruction.,"Unit of measure drawn from the UNECE Rec20 measure code list.      This is an enumerated value, but the list of valid values are too big, or change too often..."
5 model,08-olmo-2-7b-passport,DPP,$.credentialSubject.packaging.dimensions.height,yes,no,object,not published,no,,,,,Not applicable to this item or not used by this reconstruction.,"The height of the product or packaging. eg {""value"":220, ""unit"":""MMT""}"
5 model,08-olmo-2-7b-passport,DPP,$.credentialSubject.packaging.dimensions.height.value,yes,yes,number,not published,no,,,,,Not applicable to this item or not used by this reconstruction.,The numeric value of the measure
5 model,08-olmo-2-7b-passport,DPP,$.credentialSubject.packaging.dimensions.height.upperTolerance,yes,no,number,not published,no,,,,,Not applicable to this item or not used by this reconstruction.,"The upper tolerance associated with this measure expressed in the same units as the measure.  For example value=10, upperTolerance=0.1, unit=KGM would mean t..."
5 model,08-olmo-2-7b-passport,DPP,$.credentialSubject.packaging.dimensions.height.lowerTolerance,yes,no,number,not published,no,,,,,Not applicable to this item or not used by this reconstruction.,"The lower tolerance associated with this measure expressed in the same units as the measure.  For example value=10, lowerTolerance=0.1, unit=KGM would mean t..."
5 model,08-olmo-2-7b-passport,DPP,$.credentialSubject.packaging.dimensions.height.unit,yes,yes,string,not published,no,,,,,Not applicable to this item or not used by this reconstruction.,"Unit of measure drawn from the UNECE Rec20 measure code list.      This is an enumerated value, but the list of valid values are too big, or change too often..."
5 model,08-olmo-2-7b-passport,DPP,$.credentialSubject.packaging.dimensions.volume,yes,no,object,not published,no,,,,,Not applicable to this item or not used by this reconstruction.,"The displacement volume of the product. eg {""value"":7.5, ""unit"":""LTR""}"
5 model,08-olmo-2-7b-passport,DPP,$.credentialSubject.packaging.dimensions.volume.value,yes,yes,number,not published,no,,,,,Not applicable to this item or not used by this reconstruction.,The numeric value of the measure
5 model,08-olmo-2-7b-passport,DPP,$.credentialSubject.packaging.dimensions.volume.upperTolerance,yes,no,number,not published,no,,,,,Not applicable to this item or not used by this reconstruction.,"The upper tolerance associated with this measure expressed in the same units as the measure.  For example value=10, upperTolerance=0.1, unit=KGM would mean t..."
5 model,08-olmo-2-7b-passport,DPP,$.credentialSubject.packaging.dimensions.volume.lowerTolerance,yes,no,number,not published,no,,,,,Not applicable to this item or not used by this reconstruction.,"The lower tolerance associated with this measure expressed in the same units as the measure.  For example value=10, lowerTolerance=0.1, unit=KGM would mean t..."
5 model,08-olmo-2-7b-passport,DPP,$.credentialSubject.packaging.dimensions.volume.unit,yes,yes,string,not published,no,,,,,Not applicable to this item or not used by this reconstruction.,"Unit of measure drawn from the UNECE Rec20 measure code list.      This is an enumerated value, but the list of valid values are too big, or change too often..."
5 model,08-olmo-2-7b-passport,DPP,$.credentialSubject.packaging.materialUsed[],yes,yes,object,not published,no,,,,,Not applicable to this item or not used by this reconstruction.,materials used for the packaging.
5 model,08-olmo-2-7b-passport,DPP,$.credentialSubject.packaging.materialUsed[].name,yes,yes,string,not published,no,,,,,Not applicable to this item or not used by this reconstruction.,"Name of this material (eg ""Egyptian Cotton"")"
5 model,08-olmo-2-7b-passport,DPP,$.credentialSubject.packaging.materialUsed[].originCountry,yes,yes,object,not published,no,,,,,Not applicable to this item or not used by this reconstruction.,A ISO 3166-1 code representing the country of origin of the component or ingredient.
5 model,08-olmo-2-7b-passport,DPP,$.credentialSubject.packaging.materialUsed[].originCountry.countryCode,yes,yes,string,not published,no,,,,,Not applicable to this item or not used by this reconstruction.,"ISO 3166 country code      This is an enumerated value, but the list of valid values are too big, or change too often to include here. You can access the lis..."
5 model,08-olmo-2-7b-passport,DPP,$.credentialSubject.packaging.materialUsed[].originCountry.countryName,yes,no,string,not published,no,,,,,Not applicable to this item or not used by this reconstruction.,Country Name as defined in ISO 3166
5 model,08-olmo-2-7b-passport,DPP,$.credentialSubject.packaging.materialUsed[].materialType,yes,yes,object,not published,no,,,,,Not applicable to this item or not used by this reconstruction.,The type of this material - as a value drawn from a controlled vocabulary eg from UN Framework Classification for Resources (UNFC).
5 model,08-olmo-2-7b-passport,DPP,$.credentialSubject.packaging.materialUsed[].materialType.code,yes,yes,string,not published,no,,,,,Not applicable to this item or not used by this reconstruction.,classification code within the scheme
5 model,08-olmo-2-7b-passport,DPP,$.credentialSubject.packaging.materialUsed[].materialType.name,yes,yes,string,not published,no,,,,,Not applicable to this item or not used by this reconstruction.,Name of the classification represented by the code
5 model,08-olmo-2-7b-passport,DPP,$.credentialSubject.packaging.materialUsed[].materialType.definition,yes,no,string,not published,no,,,,,Not applicable to this item or not used by this reconstruction.,A rich definition of this classification code.
5 model,08-olmo-2-7b-passport,DPP,$.credentialSubject.packaging.materialUsed[].materialType.schemeId,yes,yes,string,not published,no,,,,,Not applicable to this item or not used by this reconstruction.,Classification scheme ID
5 model,08-olmo-2-7b-passport,DPP,$.credentialSubject.packaging.materialUsed[].materialType.schemeName,yes,yes,string,not published,no,,,,,Not applicable to this item or not used by this reconstruction.,The name of the classification scheme
5 model,08-olmo-2-7b-passport,DPP,$.credentialSubject.packaging.materialUsed[].massFraction,yes,yes,number,not published,no,,,,,Not applicable to this item or not used by this reconstruction.,The mass fraction as a decimal of the product (or facility reporting period)  represented by this material. 
5 model,08-olmo-2-7b-passport,DPP,$.credentialSubject.packaging.materialUsed[].mass,yes,no,object,not published,no,,,,,Not applicable to this item or not used by this reconstruction.,The mass of the material component.
5 model,08-olmo-2-7b-passport,DPP,$.credentialSubject.packaging.materialUsed[].mass.value,yes,yes,number,not published,no,,,,,Not applicable to this item or not used by this reconstruction.,The numeric value of the measure
5 model,08-olmo-2-7b-passport,DPP,$.credentialSubject.packaging.materialUsed[].mass.upperTolerance,yes,no,number,not published,no,,,,,Not applicable to this item or not used by this reconstruction.,"The upper tolerance associated with this measure expressed in the same units as the measure.  For example value=10, upperTolerance=0.1, unit=KGM would mean t..."
5 model,08-olmo-2-7b-passport,DPP,$.credentialSubject.packaging.materialUsed[].mass.lowerTolerance,yes,no,number,not published,no,,,,,Not applicable to this item or not used by this reconstruction.,"The lower tolerance associated with this measure expressed in the same units as the measure.  For example value=10, lowerTolerance=0.1, unit=KGM would mean t..."
5 model,08-olmo-2-7b-passport,DPP,$.credentialSubject.packaging.materialUsed[].mass.unit,yes,yes,string,not published,no,,,,,Not applicable to this item or not used by this reconstruction.,"Unit of measure drawn from the UNECE Rec20 measure code list.      This is an enumerated value, but the list of valid values are too big, or change too often..."
5 model,08-olmo-2-7b-passport,DPP,$.credentialSubject.packaging.materialUsed[].recycledMassFraction,yes,no,number,not published,no,,,,,Not applicable to this item or not used by this reconstruction.,Mass fraction of this material that is recycled (eg 50% recycled Lithium)
5 model,08-olmo-2-7b-passport,DPP,$.credentialSubject.packaging.materialUsed[].hazardous,yes,no,boolean,not published,no,,,,,Not applicable to this item or not used by this reconstruction.,Indicates whether this material is hazardous. If true then the materialSafetyInformation property must be present
5 model,08-olmo-2-7b-passport,DPP,$.credentialSubject.packaging.materialUsed[].symbol,yes,no,object,not published,no,,,,,Not applicable to this item or not used by this reconstruction.,Based 64 encoded binary used to represent a visual symbol for a given material. 
5 model,08-olmo-2-7b-passport,DPP,$.credentialSubject.packaging.materialUsed[].symbol.name,yes,yes,string,not published,no,,,,,Not applicable to this item or not used by this reconstruction.,the display name for this image
5 model,08-olmo-2-7b-passport,DPP,$.credentialSubject.packaging.materialUsed[].symbol.description,yes,no,string,not published,no,,,,,Not applicable to this item or not used by this reconstruction.,The detailed description / supporting information for this image.
5 model,08-olmo-2-7b-passport,DPP,$.credentialSubject.packaging.materialUsed[].symbol.imageData,yes,yes,string,not published,no,,,,,Not applicable to this item or not used by this reconstruction.,The image data encoded as a base64 string.
5 model,08-olmo-2-7b-passport,DPP,$.credentialSubject.packaging.materialUsed[].symbol.mediaType,yes,yes,string,not published,no,,,,,Not applicable to this item or not used by this reconstruction.,"The media type of this image (eg image/png)      This is an enumerated value, but the list of valid values are too big, or change too often to include here. ..."
5 model,08-olmo-2-7b-passport,DPP,$.credentialSubject.packaging.materialUsed[].materialSafetyInformation,yes,no,object,not published,no,,,,,Not applicable to this item or not used by this reconstruction.,Reference to further information about safe handling of this hazardous material (for example a link to a material safety data sheet)
5 model,08-olmo-2-7b-passport,DPP,$.credentialSubject.packaging.materialUsed[].materialSafetyInformation.linkURL,yes,yes,string,not published,no,,,,,Not applicable to this item or not used by this reconstruction.,The URL of the target resource.  
5 model,08-olmo-2-7b-passport,DPP,$.credentialSubject.packaging.materialUsed[].materialSafetyInformation.linkName,yes,yes,string,not published,no,,,,,Not applicable to this item or not used by this reconstruction.,Display name for this link.
5 model,08-olmo-2-7b-passport,DPP,$.credentialSubject.packaging.materialUsed[].materialSafetyInformation.digestMultibase,yes,no,string,not published,no,,,,,Not applicable to this item or not used by this reconstruction.,An optional multi-base encoded digest to ensure the content of the link has not changed. See https://www.w3.org/TR/vc-data-integrity/#resource-integrity for ...
5 model,08-olmo-2-7b-passport,DPP,$.credentialSubject.packaging.materialUsed[].materialSafetyInformation.mediaType,yes,no,string,not published,no,,,,,Not applicable to this item or not used by this reconstruction.,The media type of the target resource.
5 model,08-olmo-2-7b-passport,DPP,$.credentialSubject.packaging.materialUsed[].materialSafetyInformation.linkType,yes,no,string,not published,no,,,,,Not applicable to this item or not used by this reconstruction.,The type of the target resource - drawn from a controlled vocabulary 
5 model,08-olmo-2-7b-passport,DPP,$.credentialSubject.packaging.packageLabel[],yes,no,object,not published,no,,,,,Not applicable to this item or not used by this reconstruction.,An array of package labels that may appear on the packaging together with their meaning. Use for small images that represent certification marks or regulator...
5 model,08-olmo-2-7b-passport,DPP,$.credentialSubject.packaging.packageLabel[].name,yes,yes,string,not published,no,,,,,Not applicable to this item or not used by this reconstruction.,the display name for this image
5 model,08-olmo-2-7b-passport,DPP,$.credentialSubject.packaging.packageLabel[].description,yes,no,string,not published,no,,,,,Not applicable to this item or not used by this reconstruction.,The detailed description / supporting information for this image.
5 model,08-olmo-2-7b-passport,DPP,$.credentialSubject.packaging.packageLabel[].imageData,yes,yes,string,not published,no,,,,,Not applicable to this item or not used by this reconstruction.,The image data encoded as a base64 string.
5 model,08-olmo-2-7b-passport,DPP,$.credentialSubject.packaging.packageLabel[].mediaType,yes,yes,string,not published,no,,,,,Not applicable to this item or not used by this reconstruction.,"The media type of this image (eg image/png)      This is an enumerated value, but the list of valid values are too big, or change too often to include here. ..."
5 model,08-olmo-2-7b-passport,DPP,$.credentialSubject.packaging.performanceClaim[],yes,no,object,not published,no,,,,,Not applicable to this item or not used by this reconstruction.,conformity claims made about the packaging.
5 model,08-olmo-2-7b-passport,DPP,$.credentialSubject.packaging.performanceClaim[].type,yes,no,array<string>,not published,no,,,,,Not applicable to this item or not used by this reconstruction.,
5 model,08-olmo-2-7b-passport,DPP,$.credentialSubject.packaging.performanceClaim[].id,yes,yes,string,not published,no,,,,,Not applicable to this item or not used by this reconstruction.,Globally unique identifier of this claim. Typically represented as a URI companyURL/claimID URI or a UUID
5 model,08-olmo-2-7b-passport,DPP,$.credentialSubject.packaging.performanceClaim[].name,yes,yes,string,not published,no,,,,,Not applicable to this item or not used by this reconstruction.,Name of this claim - typically similar or the same as the referenced criterion name.
5 model,08-olmo-2-7b-passport,DPP,$.credentialSubject.packaging.performanceClaim[].description,yes,no,string,not published,no,,,,,Not applicable to this item or not used by this reconstruction.,Description of this conformity claim
5 model,08-olmo-2-7b-passport,DPP,$.credentialSubject.packaging.performanceClaim[].referenceCriteria[],yes,yes,object,not published,no,,,,,Not applicable to this item or not used by this reconstruction.,The criterion against which the claim is made.
5 model,08-olmo-2-7b-passport,DPP,$.credentialSubject.packaging.performanceClaim[].referenceCriteria[].type,yes,no,array<string>,not published,no,,,,,Not applicable to this item or not used by this reconstruction.,
5 model,08-olmo-2-7b-passport,DPP,$.credentialSubject.packaging.performanceClaim[].referenceCriteria[].id,yes,yes,string,not published,no,,,,,Not applicable to this item or not used by this reconstruction.,Globally unique identifier of this conformity criterion. Typically represented as a URI SchemeOwner/CriterionID URI
5 model,08-olmo-2-7b-passport,DPP,$.credentialSubject.packaging.performanceClaim[].referenceCriteria[].name,yes,yes,string,not published,no,,,,,Not applicable to this item or not used by this reconstruction.,Name of this criterion as defined by the scheme owner.
5 model,08-olmo-2-7b-passport,DPP,$.credentialSubject.packaging.performanceClaim[].referenceRegulation[],yes,no,object,not published,no,,,,,Not applicable to this item or not used by this reconstruction.,List of references to regulation to which conformity is claimed claimed for this product
5 model,08-olmo-2-7b-passport,DPP,$.credentialSubject.packaging.performanceClaim[].referenceRegulation[].type,yes,no,array<string>,not published,no,,,,,Not applicable to this item or not used by this reconstruction.,
5 model,08-olmo-2-7b-passport,DPP,$.credentialSubject.packaging.performanceClaim[].referenceRegulation[].id,yes,yes,string,not published,no,,,,,Not applicable to this item or not used by this reconstruction.,Globally unique identifier of this standard. Typically represented as a URI government/regulation URI
5 model,08-olmo-2-7b-passport,DPP,$.credentialSubject.packaging.performanceClaim[].referenceRegulation[].name,yes,yes,string,not published,no,,,,,Not applicable to this item or not used by this reconstruction.,Name of this regulation as defined by the regulator.
5 model,08-olmo-2-7b-passport,DPP,$.credentialSubject.packaging.performanceClaim[].referenceStandard[],yes,no,object,not published,no,,,,,Not applicable to this item or not used by this reconstruction.,List of references to standards to which conformity is claimed claimed for this product
5 model,08-olmo-2-7b-passport,DPP,$.credentialSubject.packaging.performanceClaim[].referenceStandard[].type,yes,no,array<string>,not published,no,,,,,Not applicable to this item or not used by this reconstruction.,
5 model,08-olmo-2-7b-passport,DPP,$.credentialSubject.packaging.performanceClaim[].referenceStandard[].id,yes,yes,string,not published,no,,,,,Not applicable to this item or not used by this reconstruction.,Globally unique identifier of this standard. Typically represented as a URI issuer/standard URI
5 model,08-olmo-2-7b-passport,DPP,$.credentialSubject.packaging.performanceClaim[].referenceStandard[].name,yes,yes,string,not published,no,,,,,Not applicable to this item or not used by this reconstruction.,Name for this standard
5 model,08-olmo-2-7b-passport,DPP,$.credentialSubject.packaging.performanceClaim[].claimDate,yes,yes,string,not published,no,,,,,Not applicable to this item or not used by this reconstruction.,That date on which the claimed performance is applicable.
5 model,08-olmo-2-7b-passport,DPP,$.credentialSubject.packaging.performanceClaim[].applicablePeriod,yes,no,object,not published,no,,,,,Not applicable to this item or not used by this reconstruction.,The applicable reporting period for this facility record.
5 model,08-olmo-2-7b-passport,DPP,$.credentialSubject.packaging.performanceClaim[].applicablePeriod.startDate,yes,yes,string,not published,no,,,,,Not applicable to this item or not used by this reconstruction.,The period start date
5 model,08-olmo-2-7b-passport,DPP,$.credentialSubject.packaging.performanceClaim[].applicablePeriod.endDate,yes,yes,string,not published,no,,,,,Not applicable to this item or not used by this reconstruction.,The period end date
5 model,08-olmo-2-7b-passport,DPP,$.credentialSubject.packaging.performanceClaim[].applicablePeriod.periodInformation,yes,no,string,not published,no,,,,,Not applicable to this item or not used by this reconstruction.,Additional information relevant to this reporting period
5 model,08-olmo-2-7b-passport,DPP,$.credentialSubject.packaging.performanceClaim[].claimedPerformance[],yes,yes,object,not published,no,,,,,Not applicable to this item or not used by this reconstruction.,The claimed performance level 
5 model,08-olmo-2-7b-passport,DPP,$.credentialSubject.packaging.performanceClaim[].claimedPerformance[].metric,yes,no,object,not published,no,,,,,Not applicable to this item or not used by this reconstruction.,The metric (eg material emissions intensity CO2e/Kg or percentage of young workers) that is measured.
5 model,08-olmo-2-7b-passport,DPP,$.credentialSubject.packaging.performanceClaim[].claimedPerformance[].metric.type,yes,no,array<string>,not published,no,,,,,Not applicable to this item or not used by this reconstruction.,
5 model,08-olmo-2-7b-passport,DPP,$.credentialSubject.packaging.performanceClaim[].claimedPerformance[].metric.id,yes,yes,string,not published,no,,,,,Not applicable to this item or not used by this reconstruction.,Globally unique identifier of this reporting metric. 
5 model,08-olmo-2-7b-passport,DPP,$.credentialSubject.packaging.performanceClaim[].claimedPerformance[].metric.name,yes,yes,string,not published,no,,,,,Not applicable to this item or not used by this reconstruction.,"A human readable name for this metric (for example ""water usage per Kg of material"")"
5 model,08-olmo-2-7b-passport,DPP,$.credentialSubject.packaging.performanceClaim[].claimedPerformance[].measure,yes,no,object,not published,no,,,,,Not applicable to this item or not used by this reconstruction.,The measured performance value
5 model,08-olmo-2-7b-passport,DPP,$.credentialSubject.packaging.performanceClaim[].claimedPerformance[].measure.value,yes,yes,number,not published,no,,,,,Not applicable to this item or not used by this reconstruction.,The numeric value of the measure
5 model,08-olmo-2-7b-passport,DPP,$.credentialSubject.packaging.performanceClaim[].claimedPerformance[].measure.upperTolerance,yes,no,number,not published,no,,,,,Not applicable to this item or not used by this reconstruction.,"The upper tolerance associated with this measure expressed in the same units as the measure.  For example value=10, upperTolerance=0.1, unit=KGM would mean t..."
5 model,08-olmo-2-7b-passport,DPP,$.credentialSubject.packaging.performanceClaim[].claimedPerformance[].measure.lowerTolerance,yes,no,number,not published,no,,,,,Not applicable to this item or not used by this reconstruction.,"The lower tolerance associated with this measure expressed in the same units as the measure.  For example value=10, lowerTolerance=0.1, unit=KGM would mean t..."
5 model,08-olmo-2-7b-passport,DPP,$.credentialSubject.packaging.performanceClaim[].claimedPerformance[].measure.unit,yes,yes,string,not published,no,,,,,Not applicable to this item or not used by this reconstruction.,"Unit of measure drawn from the UNECE Rec20 measure code list.      This is an enumerated value, but the list of valid values are too big, or change too often..."
5 model,08-olmo-2-7b-passport,DPP,$.credentialSubject.packaging.performanceClaim[].claimedPerformance[].score,yes,no,object,not published,no,,,,,Not applicable to this item or not used by this reconstruction.,"A performance score (eg ""AA"") drawn from a scoring framework defined by the scheme or criterion."
5 model,08-olmo-2-7b-passport,DPP,$.credentialSubject.packaging.performanceClaim[].claimedPerformance[].score.code,yes,yes,string,not published,no,,,,,Not applicable to this item or not used by this reconstruction.,"The coded value for this score (eg ""AAA"")"
5 model,08-olmo-2-7b-passport,DPP,$.credentialSubject.packaging.performanceClaim[].claimedPerformance[].score.rank,yes,no,integer,not published,no,,,,,Not applicable to this item or not used by this reconstruction.,"The ranking of this score within the scoring framework - using an integer where ""1"" is the highest rank."
5 model,08-olmo-2-7b-passport,DPP,$.credentialSubject.packaging.performanceClaim[].claimedPerformance[].score.definition,yes,no,string,not published,no,,,,,Not applicable to this item or not used by this reconstruction.,A description of the meaning of this score.
5 model,08-olmo-2-7b-passport,DPP,$.credentialSubject.packaging.performanceClaim[].evidence[],yes,no,object,not published,no,,,,,Not applicable to this item or not used by this reconstruction.,A URI pointing to the evidence supporting the claim. SHOULD be a URL to a UNTP Digital Conformity Credential (DCC)
5 model,08-olmo-2-7b-passport,DPP,$.credentialSubject.packaging.performanceClaim[].evidence[].linkURL,yes,yes,string,not published,no,,,,,Not applicable to this item or not used by this reconstruction.,The URL of the target resource.  
5 model,08-olmo-2-7b-passport,DPP,$.credentialSubject.packaging.performanceClaim[].evidence[].linkName,yes,yes,string,not published,no,,,,,Not applicable to this item or not used by this reconstruction.,Display name for this link.
5 model,08-olmo-2-7b-passport,DPP,$.credentialSubject.packaging.performanceClaim[].evidence[].digestMultibase,yes,no,string,not published,no,,,,,Not applicable to this item or not used by this reconstruction.,An optional multi-base encoded digest to ensure the content of the link has not changed. See https://www.w3.org/TR/vc-data-integrity/#resource-integrity for ...
5 model,08-olmo-2-7b-passport,DPP,$.credentialSubject.packaging.performanceClaim[].evidence[].mediaType,yes,no,string,not published,no,,,,,Not applicable to this item or not used by this reconstruction.,The media type of the target resource.
5 model,08-olmo-2-7b-passport,DPP,$.credentialSubject.packaging.performanceClaim[].evidence[].linkType,yes,no,string,not published,no,,,,,Not applicable to this item or not used by this reconstruction.,The type of the target resource - drawn from a controlled vocabulary 
5 model,08-olmo-2-7b-passport,DPP,$.credentialSubject.packaging.performanceClaim[].conformityTopic[],yes,yes,object,not published,no,,,,,Not applicable to this item or not used by this reconstruction.,The conformity topic category for this assessment
5 model,08-olmo-2-7b-passport,DPP,$.credentialSubject.packaging.performanceClaim[].conformityTopic[].type,yes,no,array<string>,not published,no,,,,,Not applicable to this item or not used by this reconstruction.,
5 model,08-olmo-2-7b-passport,DPP,$.credentialSubject.packaging.performanceClaim[].conformityTopic[].id,yes,yes,string,not published,no,,,,,Not applicable to this item or not used by this reconstruction.,The unique identifier for this conformity topic
5 model,08-olmo-2-7b-passport,DPP,$.credentialSubject.packaging.performanceClaim[].conformityTopic[].name,yes,yes,string,not published,no,,,,,Not applicable to this item or not used by this reconstruction.,The human readable name for this conformity topic.
5 model,08-olmo-2-7b-passport,DPP,$.credentialSubject.packaging.performanceClaim[].conformityTopic[].definition,yes,no,string,not published,no,,,,,Not applicable to this item or not used by this reconstruction.,The rich definition of this conformity topic.
5 model,08-olmo-2-7b-passport,DPP,$.credentialSubject.productLabel[],yes,no,object,not published,no,,,,,Not applicable to this item or not used by this reconstruction.,An array of labels that may appear on the product such as certification marks or regulatory labels.
5 model,08-olmo-2-7b-passport,DPP,$.credentialSubject.productLabel[].name,yes,yes,string,not published,no,,,,,Not applicable to this item or not used by this reconstruction.,the display name for this image
5 model,08-olmo-2-7b-passport,DPP,$.credentialSubject.productLabel[].description,yes,no,string,not published,no,,,,,Not applicable to this item or not used by this reconstruction.,The detailed description / supporting information for this image.
5 model,08-olmo-2-7b-passport,DPP,$.credentialSubject.productLabel[].imageData,yes,yes,string,not published,no,,,,,Not applicable to this item or not used by this reconstruction.,The image data encoded as a base64 string.
5 model,08-olmo-2-7b-passport,DPP,$.credentialSubject.productLabel[].mediaType,yes,yes,string,not published,no,,,,,Not applicable to this item or not used by this reconstruction.,"The media type of this image (eg image/png)      This is an enumerated value, but the list of valid values are too big, or change too often to include here. ..."
5 model,08-olmo-2-7b-passport,DPP,$.credentialSubject.performanceClaim[],yes,no,object,needs extension vocabulary,yes,,stated,OLMO2,Table 19,"Computed with Jupiter's metrics for the whole 7B; no per-site split. Metric fit is approximate: the figure excludes PUE overhead (x1.2 gives 157 MWh, ODS calculation).; Pretraining only; not a product carbon footprint. Scope attribution not stated.",A list of performance claims (eg emissions intensity) for this product.
5 model,08-olmo-2-7b-passport,DPP,$.credentialSubject.performanceClaim[].type,yes,no,array<string>,needs extension vocabulary,yes,,stated,OLMO2,Table 19,"Computed with Jupiter's metrics for the whole 7B; no per-site split. Metric fit is approximate: the figure excludes PUE overhead (x1.2 gives 157 MWh, ODS calculation).; Pretraining only; not a product carbon footprint. Scope attribution not stated. (inherited from parent field)",
5 model,08-olmo-2-7b-passport,DPP,$.credentialSubject.performanceClaim[].id,yes,yes,string,needs extension vocabulary,yes,https://example.org/untp-ai/claims/olmo2-7b-gpu-energy | https://example.org/untp-ai/claims/olmo2-7b-emissions | https://example.org/untp-ai/claims/olmo2-7b-water,stated,OLMO2,Table 19,"Computed with Jupiter's metrics for the whole 7B; no per-site split. Metric fit is approximate: the figure excludes PUE overhead (x1.2 gives 157 MWh, ODS calculation).; Pretraining only; not a product carbon footprint. Scope attribution not stated. (inherited from parent field)",Globally unique identifier of this claim. Typically represented as a URI companyURL/claimID URI or a UUID
5 model,08-olmo-2-7b-passport,DPP,$.credentialSubject.performanceClaim[].name,yes,yes,string,needs extension vocabulary,yes,"Total GPU power, pretraining (before PUE) | Carbon emissions, pretraining (location-based) | Water consumption, pretraining (estimated)",stated,OLMO2,Table 19,"Computed with Jupiter's metrics for the whole 7B; no per-site split. Metric fit is approximate: the figure excludes PUE overhead (x1.2 gives 157 MWh, ODS calculation).; Pretraining only; not a product carbon footprint. Scope attribution not stated. (inherited from parent field)",Name of this claim - typically similar or the same as the referenced criterion name.
5 model,08-olmo-2-7b-passport,DPP,$.credentialSubject.performanceClaim[].description,yes,no,string,needs extension vocabulary,yes,"Node power sampled every 25 ms, averaged over training and multiplied by node count. Pretraining only; lower bound; excludes embodied emissions and inference. | P_GPU x PUE x carbon intensity. 131 MWh x 1.2 x 0.332 = 52.2 t (ODS check). | P_GPU x PUE x (WUE on-site 0 + WUE off-site 1.29 L/kWh).",stated,OLMO2,Table 19,"Computed with Jupiter's metrics for the whole 7B; no per-site split. Metric fit is approximate: the figure excludes PUE overhead (x1.2 gives 157 MWh, ODS calculation).; Pretraining only; not a product carbon footprint. Scope attribution not stated. (inherited from parent field)",Description of this conformity claim
5 model,08-olmo-2-7b-passport,DPP,$.credentialSubject.performanceClaim[].referenceCriteria[],yes,yes,object,needs extension vocabulary,yes,,ODS-assigned,OLMO2,§6.5,"Claim requires a reference criterion. No standard for AI training energy or emissions accounting is cited, so the report's own method is referenced. (inherited from parent field)",The criterion against which the claim is made.
5 model,08-olmo-2-7b-passport,DPP,$.credentialSubject.performanceClaim[].referenceCriteria[].type,yes,no,array<string>,needs extension vocabulary,yes,,ODS-assigned,OLMO2,§6.5,"Claim requires a reference criterion. No standard for AI training energy or emissions accounting is cited, so the report's own method is referenced. (inherited from parent field)",
5 model,08-olmo-2-7b-passport,DPP,$.credentialSubject.performanceClaim[].referenceCriteria[].id,yes,yes,string,needs extension vocabulary,yes,https://arxiv.org/abs/2501.00656v3#section-6.5,ODS-assigned,OLMO2,§6.5,"Claim requires a reference criterion. No standard for AI training energy or emissions accounting is cited, so the report's own method is referenced. (inherited from parent field)",Globally unique identifier of this conformity criterion. Typically represented as a URI SchemeOwner/CriterionID URI
5 model,08-olmo-2-7b-passport,DPP,$.credentialSubject.performanceClaim[].referenceCriteria[].name,yes,yes,string,needs extension vocabulary,yes,OLMo 2 report §6.5 environmental accounting method (not a published standard),ODS-assigned,OLMO2,§6.5,"Claim requires a reference criterion. No standard for AI training energy or emissions accounting is cited, so the report's own method is referenced. (inherited from parent field)",Name of this criterion as defined by the scheme owner.
5 model,08-olmo-2-7b-passport,DPP,$.credentialSubject.performanceClaim[].referenceRegulation[],yes,no,object,not published,yes,,,,,,List of references to regulation to which conformity is claimed claimed for this product
5 model,08-olmo-2-7b-passport,DPP,$.credentialSubject.performanceClaim[].referenceRegulation[].type,yes,no,array<string>,not published,yes,,,,,,
5 model,08-olmo-2-7b-passport,DPP,$.credentialSubject.performanceClaim[].referenceRegulation[].id,yes,yes,string,not published,yes,,,,,,Globally unique identifier of this standard. Typically represented as a URI government/regulation URI
5 model,08-olmo-2-7b-passport,DPP,$.credentialSubject.performanceClaim[].referenceRegulation[].name,yes,yes,string,not published,yes,,,,,,Name of this regulation as defined by the regulator.
5 model,08-olmo-2-7b-passport,DPP,$.credentialSubject.performanceClaim[].referenceStandard[],yes,no,object,not published,yes,,,,,,List of references to standards to which conformity is claimed claimed for this product
5 model,08-olmo-2-7b-passport,DPP,$.credentialSubject.performanceClaim[].referenceStandard[].type,yes,no,array<string>,not published,yes,,,,,,
5 model,08-olmo-2-7b-passport,DPP,$.credentialSubject.performanceClaim[].referenceStandard[].id,yes,yes,string,not published,yes,,,,,,Globally unique identifier of this standard. Typically represented as a URI issuer/standard URI
5 model,08-olmo-2-7b-passport,DPP,$.credentialSubject.performanceClaim[].referenceStandard[].name,yes,yes,string,not published,yes,,,,,,Name for this standard
5 model,08-olmo-2-7b-passport,DPP,$.credentialSubject.performanceClaim[].claimDate,yes,yes,string,published,yes,2024-12-31,ODS-assigned,OLMO2,arXiv submission history v1,Date first published (v1); values unchanged in v2 and v3.,That date on which the claimed performance is applicable.
5 model,08-olmo-2-7b-passport,DPP,$.credentialSubject.performanceClaim[].applicablePeriod,yes,no,object,not published,yes,,,,,,The applicable reporting period for this facility record.
5 model,08-olmo-2-7b-passport,DPP,$.credentialSubject.performanceClaim[].applicablePeriod.startDate,yes,yes,string,not published,yes,,,,,,The period start date
5 model,08-olmo-2-7b-passport,DPP,$.credentialSubject.performanceClaim[].applicablePeriod.endDate,yes,yes,string,not published,yes,,,,,,The period end date
5 model,08-olmo-2-7b-passport,DPP,$.credentialSubject.performanceClaim[].applicablePeriod.periodInformation,yes,no,string,not published,yes,,,,,,Additional information relevant to this reporting period
5 model,08-olmo-2-7b-passport,DPP,$.credentialSubject.performanceClaim[].claimedPerformance[],yes,yes,object,needs extension vocabulary,yes,,stated,OLMO2,Table 19,"Computed with Jupiter's metrics for the whole 7B; no per-site split. Metric fit is approximate: the figure excludes PUE overhead (x1.2 gives 157 MWh, ODS calculation).; Pretraining only; not a product carbon footprint. Scope attribution not stated. (inherited from parent field)",The claimed performance level 
5 model,08-olmo-2-7b-passport,DPP,$.credentialSubject.performanceClaim[].claimedPerformance[].metric,yes,no,object,needs extension vocabulary,yes,,stated,OLMO2,Table 19,"Computed with Jupiter's metrics for the whole 7B; no per-site split. Metric fit is approximate: the figure excludes PUE overhead (x1.2 gives 157 MWh, ODS calculation).; Pretraining only; not a product carbon footprint. Scope attribution not stated. (inherited from parent field)",The metric (eg material emissions intensity CO2e/Kg or percentage of young workers) that is measured.
5 model,08-olmo-2-7b-passport,DPP,$.credentialSubject.performanceClaim[].claimedPerformance[].metric.type,yes,no,array<string>,needs extension vocabulary,yes,,stated,OLMO2,Table 19,"Computed with Jupiter's metrics for the whole 7B; no per-site split. Metric fit is approximate: the figure excludes PUE overhead (x1.2 gives 157 MWh, ODS calculation).; Pretraining only; not a product carbon footprint. Scope attribution not stated. (inherited from parent field)",
5 model,08-olmo-2-7b-passport,DPP,$.credentialSubject.performanceClaim[].claimedPerformance[].metric.id,yes,yes,string,needs extension vocabulary,yes,https://vocabulary.uncefact.org/performance-metrics/total-energy-consumption | https://vocabulary.uncefact.org/performance-metrics/total-ghg-emissions | https://vocabulary.uncefact.org/performance-metrics/water-consumption,stated,OLMO2,Table 19,"Computed with Jupiter's metrics for the whole 7B; no per-site split. Metric fit is approximate: the figure excludes PUE overhead (x1.2 gives 157 MWh, ODS calculation).; Pretraining only; not a product carbon footprint. Scope attribution not stated. (inherited from parent field)",Globally unique identifier of this reporting metric. 
5 model,08-olmo-2-7b-passport,DPP,$.credentialSubject.performanceClaim[].claimedPerformance[].metric.name,yes,yes,string,needs extension vocabulary,yes,Total Energy Consumption | Total GHG Emissions | Water Consumption,stated,OLMO2,Table 19,"Computed with Jupiter's metrics for the whole 7B; no per-site split. Metric fit is approximate: the figure excludes PUE overhead (x1.2 gives 157 MWh, ODS calculation).; Pretraining only; not a product carbon footprint. Scope attribution not stated. (inherited from parent field)","A human readable name for this metric (for example ""water usage per Kg of material"")"
5 model,08-olmo-2-7b-passport,DPP,$.credentialSubject.performanceClaim[].claimedPerformance[].measure,yes,no,object,published,yes,,converted,OLMO2,Table 19; §6.5; Table 19 (202 kL),Table 19 prints no unit. tCO2eq inferred from §6.5 ('about 154 tCO2 eq' = 52 + 101).; 202 kL = 202 m3; UNTP metric recommends MTQ.,The measured performance value
5 model,08-olmo-2-7b-passport,DPP,$.credentialSubject.performanceClaim[].claimedPerformance[].measure.value,yes,yes,number,published,yes,131 | 52 | 202,converted,OLMO2,Table 19; §6.5; Table 19 (202 kL),Table 19 prints no unit. tCO2eq inferred from §6.5 ('about 154 tCO2 eq' = 52 + 101).; 202 kL = 202 m3; UNTP metric recommends MTQ. (inherited from parent field),The numeric value of the measure
5 model,08-olmo-2-7b-passport,DPP,$.credentialSubject.performanceClaim[].claimedPerformance[].measure.upperTolerance,yes,no,number,not published,yes,,,,,,"The upper tolerance associated with this measure expressed in the same units as the measure.  For example value=10, upperTolerance=0.1, unit=KGM would mean t..."
5 model,08-olmo-2-7b-passport,DPP,$.credentialSubject.performanceClaim[].claimedPerformance[].measure.lowerTolerance,yes,no,number,not published,yes,,,,,,"The lower tolerance associated with this measure expressed in the same units as the measure.  For example value=10, lowerTolerance=0.1, unit=KGM would mean t..."
5 model,08-olmo-2-7b-passport,DPP,$.credentialSubject.performanceClaim[].claimedPerformance[].measure.unit,yes,yes,string,published,yes,MWH | TNE | MTQ,converted,OLMO2,Table 19; §6.5; Table 19 (202 kL),Table 19 prints no unit. tCO2eq inferred from §6.5 ('about 154 tCO2 eq' = 52 + 101).; 202 kL = 202 m3; UNTP metric recommends MTQ. (inherited from parent field),"Unit of measure drawn from the UNECE Rec20 measure code list.      This is an enumerated value, but the list of valid values are too big, or change too often..."
5 model,08-olmo-2-7b-passport,DPP,$.credentialSubject.performanceClaim[].claimedPerformance[].score,yes,no,object,not published,yes,,,,,,"A performance score (eg ""AA"") drawn from a scoring framework defined by the scheme or criterion."
5 model,08-olmo-2-7b-passport,DPP,$.credentialSubject.performanceClaim[].claimedPerformance[].score.code,yes,yes,string,not published,yes,,,,,,"The coded value for this score (eg ""AAA"")"
5 model,08-olmo-2-7b-passport,DPP,$.credentialSubject.performanceClaim[].claimedPerformance[].score.rank,yes,no,integer,not published,yes,,,,,,"The ranking of this score within the scoring framework - using an integer where ""1"" is the highest rank."
5 model,08-olmo-2-7b-passport,DPP,$.credentialSubject.performanceClaim[].claimedPerformance[].score.definition,yes,no,string,not published,yes,,,,,,A description of the meaning of this score.
5 model,08-olmo-2-7b-passport,DPP,$.credentialSubject.performanceClaim[].evidence[],yes,no,object,needs extension vocabulary,yes,,stated,OLMO2,Table 19,"Computed with Jupiter's metrics for the whole 7B; no per-site split. Metric fit is approximate: the figure excludes PUE overhead (x1.2 gives 157 MWh, ODS calculation).; Pretraining only; not a product carbon footprint. Scope attribution not stated. (inherited from parent field)",A URI pointing to the evidence supporting the claim. SHOULD be a URL to a UNTP Digital Conformity Credential (DCC)
5 model,08-olmo-2-7b-passport,DPP,$.credentialSubject.performanceClaim[].evidence[].linkURL,yes,yes,string,needs extension vocabulary,yes,https://arxiv.org/abs/2501.00656v3,stated,OLMO2,Table 19,"Computed with Jupiter's metrics for the whole 7B; no per-site split. Metric fit is approximate: the figure excludes PUE overhead (x1.2 gives 157 MWh, ODS calculation).; Pretraining only; not a product carbon footprint. Scope attribution not stated. (inherited from parent field)",The URL of the target resource.  
5 model,08-olmo-2-7b-passport,DPP,$.credentialSubject.performanceClaim[].evidence[].linkName,yes,yes,string,needs extension vocabulary,yes,OLMo 2 technical report (arXiv:2501.00656v3),stated,OLMO2,Table 19,"Computed with Jupiter's metrics for the whole 7B; no per-site split. Metric fit is approximate: the figure excludes PUE overhead (x1.2 gives 157 MWh, ODS calculation).; Pretraining only; not a product carbon footprint. Scope attribution not stated. (inherited from parent field)",Display name for this link.
5 model,08-olmo-2-7b-passport,DPP,$.credentialSubject.performanceClaim[].evidence[].digestMultibase,yes,no,string,not published,yes,,,,,,An optional multi-base encoded digest to ensure the content of the link has not changed. See https://www.w3.org/TR/vc-data-integrity/#resource-integrity for ...
5 model,08-olmo-2-7b-passport,DPP,$.credentialSubject.performanceClaim[].evidence[].mediaType,yes,no,string,needs extension vocabulary,yes,text/html,stated,OLMO2,Table 19,"Computed with Jupiter's metrics for the whole 7B; no per-site split. Metric fit is approximate: the figure excludes PUE overhead (x1.2 gives 157 MWh, ODS calculation).; Pretraining only; not a product carbon footprint. Scope attribution not stated. (inherited from parent field)",The media type of the target resource.
5 model,08-olmo-2-7b-passport,DPP,$.credentialSubject.performanceClaim[].evidence[].linkType,yes,no,string,not published,yes,,,,,,The type of the target resource - drawn from a controlled vocabulary 
5 model,08-olmo-2-7b-passport,DPP,$.credentialSubject.performanceClaim[].conformityTopic[],yes,yes,object,needs extension vocabulary,yes,,stated,OLMO2,Table 19,"Computed with Jupiter's metrics for the whole 7B; no per-site split. Metric fit is approximate: the figure excludes PUE overhead (x1.2 gives 157 MWh, ODS calculation).; Pretraining only; not a product carbon footprint. Scope attribution not stated. (inherited from parent field)",The conformity topic category for this assessment
5 model,08-olmo-2-7b-passport,DPP,$.credentialSubject.performanceClaim[].conformityTopic[].type,yes,no,array<string>,needs extension vocabulary,yes,,stated,OLMO2,Table 19,"Computed with Jupiter's metrics for the whole 7B; no per-site split. Metric fit is approximate: the figure excludes PUE overhead (x1.2 gives 157 MWh, ODS calculation).; Pretraining only; not a product carbon footprint. Scope attribution not stated. (inherited from parent field)",
5 model,08-olmo-2-7b-passport,DPP,$.credentialSubject.performanceClaim[].conformityTopic[].id,yes,yes,string,needs extension vocabulary,yes,https://vocabulary.uncefact.org/conformity-topics/energy-optimization | https://vocabulary.uncefact.org/conformity-topics/greenhouse-gas-emissions | https://vocabulary.uncefact.org/conformity-topics/water-conservation,stated,OLMO2,Table 19,"Computed with Jupiter's metrics for the whole 7B; no per-site split. Metric fit is approximate: the figure excludes PUE overhead (x1.2 gives 157 MWh, ODS calculation).; Pretraining only; not a product carbon footprint. Scope attribution not stated. (inherited from parent field)",The unique identifier for this conformity topic
5 model,08-olmo-2-7b-passport,DPP,$.credentialSubject.performanceClaim[].conformityTopic[].name,yes,yes,string,needs extension vocabulary,yes,Energy Optimization | Greenhouse Gas Emissions | Water Conservation,stated,OLMO2,Table 19,"Computed with Jupiter's metrics for the whole 7B; no per-site split. Metric fit is approximate: the figure excludes PUE overhead (x1.2 gives 157 MWh, ODS calculation).; Pretraining only; not a product carbon footprint. Scope attribution not stated. (inherited from parent field)",The human readable name for this conformity topic.
5 model,08-olmo-2-7b-passport,DPP,$.credentialSubject.performanceClaim[].conformityTopic[].definition,yes,no,string,not published,yes,,,,,,The rich definition of this conformity topic.
5 model,08-olmo-2-7b-passport,DPP,$.issuingSoftware,yes,no,object,not published,no,,,,,Not applicable to this item or not used by this reconstruction.,Optional metadata identifying the software product (and its vendor) that issued this credential. Useful for vendor traceability and conformity testing. Issue...
5 model,08-olmo-2-7b-passport,DPP,$.issuingSoftware.id,yes,yes,string,not published,no,,,,,Not applicable to this item or not used by this reconstruction.,A resolvable identifier for the specific version of the software product that issued this credential.
5 model,08-olmo-2-7b-passport,DPP,$.issuingSoftware.name,yes,yes,string,not published,no,,,,,Not applicable to this item or not used by this reconstruction.,The name of the software product that issued this credential.
5 model,08-olmo-2-7b-passport,DPP,$.issuingSoftware.version,yes,yes,string,not published,no,,,,,Not applicable to this item or not used by this reconstruction.,The version of the software product that issued this credential.
5 model,08-olmo-2-7b-passport,DPP,$.issuingSoftware.vendor,yes,yes,object,not published,no,,,,,Not applicable to this item or not used by this reconstruction.,The vendor of the software product that issued this credential.
5 model,08-olmo-2-7b-passport,DPP,$.issuingSoftware.vendor.id,yes,yes,string,not published,no,,,,,Not applicable to this item or not used by this reconstruction.,The decentralised identifier (DID) or other resolvable identifier of the software vendor.
5 model,08-olmo-2-7b-passport,DPP,$.issuingSoftware.vendor.name,yes,yes,string,not published,no,,,,,Not applicable to this item or not used by this reconstruction.,The name of the software vendor.
5 model,08-olmo-2-7b-passport,DPP,$.description,yes (additional property),no,,issuer-controlled,yes,Reconstructed by Open Data Services (ODS) from public sources for the AI Supply Chains field work (September 2026). None of the parties named in this credent...,issuer-controlled,ODS,,VCDM 2.0 'description'; allowed by the UNTP schema's additionalProperties.,
5 model,08-olmo-2-7b-passport,DPP,$.credentialSubject.characteristics.aic:architecture,no,no,extension,needs extension vocabulary,yes,Olmo2ForCausalLM (decoder-only transformer),stated,HF-MODEL-CONFIG,architectures,,Proposed AI compute and models extension property
5 model,08-olmo-2-7b-passport,DPP,$.credentialSubject.characteristics.aic:parameterCount,no,no,extension,needs extension vocabulary,yes,,stated,HF-MODEL,safetensors.total,Rec 20 has no parameter unit.,Proposed AI compute and models extension property
5 model,08-olmo-2-7b-passport,DPP,$.credentialSubject.characteristics.aic:layerCount,no,no,extension,needs extension vocabulary,yes,32,stated,HF-MODEL-CONFIG,num_hidden_layers,,Proposed AI compute and models extension property
5 model,08-olmo-2-7b-passport,DPP,$.credentialSubject.characteristics.aic:hiddenSize,no,no,extension,needs extension vocabulary,yes,4096,stated,HF-MODEL-CONFIG,hidden_size,,Proposed AI compute and models extension property
5 model,08-olmo-2-7b-passport,DPP,$.credentialSubject.characteristics.aic:contextLength,no,no,extension,needs extension vocabulary,yes,,stated,HF-MODEL-CONFIG,max_position_embeddings,,Proposed AI compute and models extension property
5 model,08-olmo-2-7b-passport,DPP,$.credentialSubject.characteristics.aic:vocabularySize,no,no,extension,needs extension vocabulary,yes,100352,stated,HF-MODEL-CONFIG,vocab_size,,Proposed AI compute and models extension property
5 model,08-olmo-2-7b-passport,DPP,$.credentialSubject.characteristics.aic:tensorDtype,no,no,extension,needs extension vocabulary,yes,float32,stated,HF-MODEL-CONFIG,torch_dtype,,Proposed AI compute and models extension property
5 model,08-olmo-2-7b-passport,DPP,$.credentialSubject.characteristics.aic:licence,no,no,extension,needs extension vocabulary,yes,Apache-2.0,stated,HF-MODEL,cardData.license,,Proposed AI compute and models extension property
5 model,08-olmo-2-7b-passport,DPP,$.credentialSubject.characteristics.aic:artefactFiles,no,no,extension,needs extension vocabulary,yes,,stated,HF-MODEL,"tree/main lfs.oid, size",Identifier rule: repo + commit + SHA-256 of each weights file.,Proposed AI compute and models extension property
5 model,08-olmo-2-7b-passport,DPP,$.credentialSubject.characteristics.aic:totalArtefactSize,no,no,extension,needs extension vocabulary,yes,,calculated,HF-MODEL,,Sum of the six safetensors files.,Proposed AI compute and models extension property
5 model,08-olmo-2-7b-passport,DPP,$.credentialSubject.characteristics.aic:trainingCompute,no,no,extension,needs extension vocabulary,yes,,stated,OLMO2,Table 6,"Approximation (6 x tokens x parameters, Kaplan et al.). Rec 20 has no FLOP unit.",Proposed AI compute and models extension property
5 model,08-olmo-2-7b-passport,DPP,$.credentialSubject.characteristics.aic:trainingTokens,no,no,extension,needs extension vocabulary,yes,,stated,OLMO2,§2.3,3.90T stage 1 + 3 x 50B stage 2. §3 and Table 3 say stage 1 stopped at 4T; unresolved inconsistency.,Proposed AI compute and models extension property
5 model,08-olmo-2-7b-passport,DPP,$.credentialSubject.characteristics.aic:trainingData,no,no,extension,needs extension vocabulary,yes,,stated,OLMO2; HF-MODEL,"§2.3, §4.5; cardData.datasets",,Proposed AI compute and models extension property
5 model,08-olmo-2-7b-passport,DPP,$.credentialSubject.performanceClaim[].referenceCriteria,yes (additional property),no,,needs extension vocabulary,yes,,ODS-assigned,OLMO2,§6.5,"Claim requires a reference criterion. No standard for AI training energy or emissions accounting is cited, so the report's own method is referenced.",
5 model,08-olmo-2-7b-passport,DPP,$.credentialSubject.aic:producedAtFacilities,no,no,extension,needs extension vocabulary,yes,,stated,OLMO2,§6.1,Share of training at each site not published.,Proposed AI compute and models extension property
5 model,08-olmo-2-7b-passport,DPP,$.credentialSubject.aic:producedAtFacilities[].id,no,no,extension,issuer-controlled,yes,https://example.org/untp-ai/facility/ai2-jupiter | https://example.org/untp-ai/facility/ai2-augusta,issuer-controlled,ODS,,ODS-minted facility URI (see DFR).,Proposed AI compute and models extension property
5 model,08-olmo-2-7b-passport,DPP,$.credentialSubject.aic:producedAtFacilities[].name,no,no,extension,published,yes,"Jupiter cluster (Ai2), Austin, Texas | Augusta cluster (Ai2 on Google Cloud), Council Bluffs, Iowa",stated,OLMO2,§6.1.1; §6.1.2,,Proposed AI compute and models extension property
all,(no DCC produced),DCC,$,yes,yes,object,not published,yes,,,,,"No third-party conformity assessment is published for any claim in this chain (PUE, grid intensity, energy, emissions, water, dataset licences).",A Digital Conformity Credential (DCC) credential.
all,(no DCC produced),DCC,$.type,yes,no,array<string>,not published,yes,,,,,"No third-party conformity assessment is published for any claim in this chain (PUE, grid intensity, energy, emissions, water, dataset licences).",
all,(no DCC produced),DCC,$.@context,yes,yes,array<string>,not published,yes,,,,,"No third-party conformity assessment is published for any claim in this chain (PUE, grid intensity, energy, emissions, water, dataset licences).",A list of JSON-LD context URIs that define the semantic meaning of properties within the credential. 
all,(no DCC produced),DCC,$.id,yes,yes,string,not published,yes,,,,,"No third-party conformity assessment is published for any claim in this chain (PUE, grid intensity, energy, emissions, water, dataset licences).",A unique identifier (URI) assigned to this verifiable credential.
all,(no DCC produced),DCC,$.issuer,yes,yes,object,not published,yes,,,,,"No third-party conformity assessment is published for any claim in this chain (PUE, grid intensity, energy, emissions, water, dataset licences).","The organisation that is the issuer of this VC. Note that the ""id"" property MUST be a W3C DID.  Other identifiers such as tax registration numbers can be lis..."
all,(no DCC produced),DCC,$.issuer.type,yes,no,array<string>,not published,yes,,,,,"No third-party conformity assessment is published for any claim in this chain (PUE, grid intensity, energy, emissions, water, dataset licences).",
all,(no DCC produced),DCC,$.issuer.id,yes,yes,string,not published,yes,,,,,"No third-party conformity assessment is published for any claim in this chain (PUE, grid intensity, energy, emissions, water, dataset licences).",The W3C DID of the issuer - should be a did:web or did:webvh
all,(no DCC produced),DCC,$.issuer.name,yes,yes,string,not published,yes,,,,,"No third-party conformity assessment is published for any claim in this chain (PUE, grid intensity, energy, emissions, water, dataset licences).",The name of the issuer person or organisation
all,(no DCC produced),DCC,$.issuer.issuerAlsoKnownAs[],yes,no,object,not published,yes,,,,,"No third-party conformity assessment is published for any claim in this chain (PUE, grid intensity, energy, emissions, water, dataset licences).",An optional list of other registered identifiers for this credential issuer 
all,(no DCC produced),DCC,$.issuer.issuerAlsoKnownAs[].type,yes,no,array<string>,not published,yes,,,,,"No third-party conformity assessment is published for any claim in this chain (PUE, grid intensity, energy, emissions, water, dataset licences).",
all,(no DCC produced),DCC,$.issuer.issuerAlsoKnownAs[].id,yes,yes,string,not published,yes,,,,,"No third-party conformity assessment is published for any claim in this chain (PUE, grid intensity, energy, emissions, water, dataset licences).",Globally unique identifier of this party. Typically represented as a URI identifierScheme/Identifier URI
all,(no DCC produced),DCC,$.issuer.issuerAlsoKnownAs[].name,yes,yes,string,not published,yes,,,,,"No third-party conformity assessment is published for any claim in this chain (PUE, grid intensity, energy, emissions, water, dataset licences).",Legal registered name of this party.
all,(no DCC produced),DCC,$.issuer.issuerAlsoKnownAs[].registeredId,yes,no,string,not published,yes,,,,,"No third-party conformity assessment is published for any claim in this chain (PUE, grid intensity, energy, emissions, water, dataset licences).",The registration number (alphanumeric) of the Party within the register. Unique within the register.
all,(no DCC produced),DCC,$.validFrom,yes,yes,string,not published,yes,,,,,"No third-party conformity assessment is published for any claim in this chain (PUE, grid intensity, energy, emissions, water, dataset licences).",The date and time from which the credential is valid.
all,(no DCC produced),DCC,$.validUntil,yes,no,string,not published,yes,,,,,"No third-party conformity assessment is published for any claim in this chain (PUE, grid intensity, energy, emissions, water, dataset licences).",The expiry date (if applicable) of this verifiable credential.
all,(no DCC produced),DCC,$.name,yes,yes,string,not published,yes,,,,,"No third-party conformity assessment is published for any claim in this chain (PUE, grid intensity, energy, emissions, water, dataset licences).","Name of this verifiable credential instance (eg the title of a digital product passport, facility record, lifecycle event, or conformity credential)"
all,(no DCC produced),DCC,$.credentialStatus,yes,no,object,not published,yes,,,,,"No third-party conformity assessment is published for any claim in this chain (PUE, grid intensity, energy, emissions, water, dataset licences).",A W3C VCDM2.0 compliant object containing credential status information.
all,(no DCC produced),DCC,$.credentialStatus.type,yes,yes,string enum['BitstringStatusListEntry'],not published,yes,,,,,"No third-party conformity assessment is published for any claim in this chain (PUE, grid intensity, energy, emissions, water, dataset licences).","The type of status list - must be set to ""The type property MUST be BitstringStatusListEntry."""
all,(no DCC produced),DCC,$.credentialStatus.id,yes,no,string,not published,yes,,,,,"No third-party conformity assessment is published for any claim in this chain (PUE, grid intensity, energy, emissions, water, dataset licences).",optional identifier of this status list entry.
all,(no DCC produced),DCC,$.credentialStatus.statusPurpose,yes,yes,"string enum['refresh', 'revocation', 'suspension', 'message']",not published,yes,,,,,"No third-party conformity assessment is published for any claim in this chain (PUE, grid intensity, energy, emissions, water, dataset licences).",Status purpose drawn from a standard list but extensible as per w3c bitstring status list specification.
all,(no DCC produced),DCC,$.credentialStatus.statusListIndex,yes,yes,integer,not published,yes,,,,,"No third-party conformity assessment is published for any claim in this chain (PUE, grid intensity, energy, emissions, water, dataset licences).","	The statusListIndex property MUST be an arbitrary size integer greater than or equal to 0, expressed as a string in base 10. The value identifies the positi..."
all,(no DCC produced),DCC,$.credentialStatus.statusListCredential,yes,yes,string,not published,yes,,,,,"No third-party conformity assessment is published for any claim in this chain (PUE, grid intensity, energy, emissions, water, dataset licences).","The statusListCredential property MUST be a URL to a verifiable credential. When the URL is dereferenced, the resulting verifiable credential MUST have type ..."
all,(no DCC produced),DCC,$.renderMethod[],yes,no,object,not published,yes,,,,,"No third-party conformity assessment is published for any claim in this chain (PUE, grid intensity, energy, emissions, water, dataset licences).",Human rendering information for this credential. An array of render methods (eg RenderTemplate2024) that may be used to display the credential.
all,(no DCC produced),DCC,$.renderMethod[].type,yes,no,array<string>,not published,yes,,,,,"No third-party conformity assessment is published for any claim in this chain (PUE, grid intensity, energy, emissions, water, dataset licences).",
all,(no DCC produced),DCC,$.renderMethod[].name,yes,no,string,not published,yes,,,,,"No third-party conformity assessment is published for any claim in this chain (PUE, grid intensity, energy, emissions, water, dataset licences).",Human facing display name for selection
all,(no DCC produced),DCC,$.renderMethod[].mediaQuery,yes,no,string,not published,yes,,,,,"No third-party conformity assessment is published for any claim in this chain (PUE, grid intensity, energy, emissions, water, dataset licences).",Media query as defined in https://www.w3.org/TR/mediaqueries-4/
all,(no DCC produced),DCC,$.renderMethod[].template,yes,no,string,not published,yes,,,,,"No third-party conformity assessment is published for any claim in this chain (PUE, grid intensity, energy, emissions, water, dataset licences).",An inline template field for use cases where remote retrieval of a render method is suboptimal
all,(no DCC produced),DCC,$.renderMethod[].url,yes,no,string,not published,yes,,,,,"No third-party conformity assessment is published for any claim in this chain (PUE, grid intensity, energy, emissions, water, dataset licences).",URL for remotely hosted template
all,(no DCC produced),DCC,$.renderMethod[].mediaType,yes,no,string,not published,yes,,,,,"No third-party conformity assessment is published for any claim in this chain (PUE, grid intensity, energy, emissions, water, dataset licences).",media type of the rendered output (eg text/html)
all,(no DCC produced),DCC,$.renderMethod[].digestMultibase,yes,no,string,not published,yes,,,,,"No third-party conformity assessment is published for any claim in this chain (PUE, grid intensity, energy, emissions, water, dataset licences).",Used for resource integrity and/or validation of the inline `template`
all,(no DCC produced),DCC,$.credentialSubject,yes,yes,object,not published,yes,,,,,"No third-party conformity assessment is published for any claim in this chain (PUE, grid intensity, energy, emissions, water, dataset licences).",The attestation that is the subject of this digital conformity credential.
all,(no DCC produced),DCC,$.credentialSubject.type,yes,no,array<string>,not published,yes,,,,,"No third-party conformity assessment is published for any claim in this chain (PUE, grid intensity, energy, emissions, water, dataset licences).",
all,(no DCC produced),DCC,$.credentialSubject.id,yes,yes,string,not published,yes,,,,,"No third-party conformity assessment is published for any claim in this chain (PUE, grid intensity, energy, emissions, water, dataset licences).",Globally unique identifier of this attestation. Typically represented as a URI AssessmentBody/CertificateID URI or a UUID
all,(no DCC produced),DCC,$.credentialSubject.name,yes,yes,string,not published,yes,,,,,"No third-party conformity assessment is published for any claim in this chain (PUE, grid intensity, energy, emissions, water, dataset licences).",Name of this attestation - typically the title of the certificate.
all,(no DCC produced),DCC,$.credentialSubject.description,yes,no,string,not published,yes,,,,,"No third-party conformity assessment is published for any claim in this chain (PUE, grid intensity, energy, emissions, water, dataset licences).",Description of this attestation.
all,(no DCC produced),DCC,$.credentialSubject.assessorLevel,yes,yes,"string enum['self', 'commercial', 'buyer', 'membership', 'unspecified', '3rdParty', 'hybrid']",not published,yes,,,,,"No third-party conformity assessment is published for any claim in this chain (PUE, grid intensity, energy, emissions, water, dataset licences).",Assurance code pertaining to assessor (relation to the object under assessment)
all,(no DCC produced),DCC,$.credentialSubject.assessmentLevel,yes,yes,"string enum['authority-benchmark', 'authority-mandate', 'authority-globalmra', 'authority-peer', 'authority-extended-mra', 'scheme-self', 'scheme-cab', 'no-endorsement']",not published,yes,,,,,"No third-party conformity assessment is published for any claim in this chain (PUE, grid intensity, energy, emissions, water, dataset licences).",Assurance pertaining to assessment (any authority or support for the assessment process)
all,(no DCC produced),DCC,$.credentialSubject.attestationType,yes,yes,"string enum['certification', 'declaration', 'inspection', 'testing', 'verification', 'validation', 'calibration']",not published,yes,,,,,"No third-party conformity assessment is published for any claim in this chain (PUE, grid intensity, energy, emissions, water, dataset licences).",The type of criterion (optional or mandatory).
all,(no DCC produced),DCC,$.credentialSubject.issuedToParty,yes,yes,object,not published,yes,,,,,"No third-party conformity assessment is published for any claim in this chain (PUE, grid intensity, energy, emissions, water, dataset licences).",The party to whom the conformity attestation was issued.
all,(no DCC produced),DCC,$.credentialSubject.issuedToParty.type,yes,no,array<string>,not published,yes,,,,,"No third-party conformity assessment is published for any claim in this chain (PUE, grid intensity, energy, emissions, water, dataset licences).",
all,(no DCC produced),DCC,$.credentialSubject.issuedToParty.id,yes,yes,string,not published,yes,,,,,"No third-party conformity assessment is published for any claim in this chain (PUE, grid intensity, energy, emissions, water, dataset licences).",Globally unique identifier of this party. Typically represented as a URI identifierScheme/Identifier URI
all,(no DCC produced),DCC,$.credentialSubject.issuedToParty.name,yes,yes,string,not published,yes,,,,,"No third-party conformity assessment is published for any claim in this chain (PUE, grid intensity, energy, emissions, water, dataset licences).",Legal registered name of this party.
all,(no DCC produced),DCC,$.credentialSubject.issuedToParty.registeredId,yes,no,string,not published,yes,,,,,"No third-party conformity assessment is published for any claim in this chain (PUE, grid intensity, energy, emissions, water, dataset licences).",The registration number (alphanumeric) of the Party within the register. Unique within the register.
all,(no DCC produced),DCC,$.credentialSubject.issuedToParty.description,yes,no,string,not published,yes,,,,,"No third-party conformity assessment is published for any claim in this chain (PUE, grid intensity, energy, emissions, water, dataset licences).",Description of the party including function and other names.
all,(no DCC produced),DCC,$.credentialSubject.authorisation[],yes,no,object,not published,yes,,,,,"No third-party conformity assessment is published for any claim in this chain (PUE, grid intensity, energy, emissions, water, dataset licences).",The authority under which a conformity claim is issued.  For example a national accreditation authority may authorise a test lab to issue test certificates a...
all,(no DCC produced),DCC,$.credentialSubject.authorisation[].name,yes,yes,string,not published,yes,,,,,"No third-party conformity assessment is published for any claim in this chain (PUE, grid intensity, energy, emissions, water, dataset licences).",The name of the accreditation.
all,(no DCC produced),DCC,$.credentialSubject.authorisation[].trustmark,yes,no,object,not published,yes,,,,,"No third-party conformity assessment is published for any claim in this chain (PUE, grid intensity, energy, emissions, water, dataset licences).",The trust mark image awarded by the AB to the CAB to indicate accreditation.
all,(no DCC produced),DCC,$.credentialSubject.authorisation[].trustmark.name,yes,yes,string,not published,yes,,,,,"No third-party conformity assessment is published for any claim in this chain (PUE, grid intensity, energy, emissions, water, dataset licences).",the display name for this image
all,(no DCC produced),DCC,$.credentialSubject.authorisation[].trustmark.description,yes,no,string,not published,yes,,,,,"No third-party conformity assessment is published for any claim in this chain (PUE, grid intensity, energy, emissions, water, dataset licences).",The detailed description / supporting information for this image.
all,(no DCC produced),DCC,$.credentialSubject.authorisation[].trustmark.imageData,yes,yes,string,not published,yes,,,,,"No third-party conformity assessment is published for any claim in this chain (PUE, grid intensity, energy, emissions, water, dataset licences).",The image data encoded as a base64 string.
all,(no DCC produced),DCC,$.credentialSubject.authorisation[].trustmark.mediaType,yes,yes,string,not published,yes,,,,,"No third-party conformity assessment is published for any claim in this chain (PUE, grid intensity, energy, emissions, water, dataset licences).","The media type of this image (eg image/png)      This is an enumerated value, but the list of valid values are too big, or change too often to include here. ..."
all,(no DCC produced),DCC,$.credentialSubject.authorisation[].issuingAuthority,yes,yes,object,not published,yes,,,,,"No third-party conformity assessment is published for any claim in this chain (PUE, grid intensity, energy, emissions, water, dataset licences).",The competent authority that issued the accreditation.
all,(no DCC produced),DCC,$.credentialSubject.authorisation[].issuingAuthority.type,yes,no,array<string>,not published,yes,,,,,"No third-party conformity assessment is published for any claim in this chain (PUE, grid intensity, energy, emissions, water, dataset licences).",
all,(no DCC produced),DCC,$.credentialSubject.authorisation[].issuingAuthority.id,yes,yes,string,not published,yes,,,,,"No third-party conformity assessment is published for any claim in this chain (PUE, grid intensity, energy, emissions, water, dataset licences).",Globally unique identifier of this party. Typically represented as a URI identifierScheme/Identifier URI
all,(no DCC produced),DCC,$.credentialSubject.authorisation[].issuingAuthority.name,yes,yes,string,not published,yes,,,,,"No third-party conformity assessment is published for any claim in this chain (PUE, grid intensity, energy, emissions, water, dataset licences).",Legal registered name of this party.
all,(no DCC produced),DCC,$.credentialSubject.authorisation[].issuingAuthority.registeredId,yes,no,string,not published,yes,,,,,"No third-party conformity assessment is published for any claim in this chain (PUE, grid intensity, energy, emissions, water, dataset licences).",The registration number (alphanumeric) of the Party within the register. Unique within the register.
all,(no DCC produced),DCC,$.credentialSubject.authorisation[].endorsementEvidence,yes,no,object,not published,yes,,,,,"No third-party conformity assessment is published for any claim in this chain (PUE, grid intensity, energy, emissions, water, dataset licences).",The evidence that supports the authority under which the attestation is issued - for an example an accreditation certificate.
all,(no DCC produced),DCC,$.credentialSubject.authorisation[].endorsementEvidence.linkURL,yes,yes,string,not published,yes,,,,,"No third-party conformity assessment is published for any claim in this chain (PUE, grid intensity, energy, emissions, water, dataset licences).",The URL of the target resource.  
all,(no DCC produced),DCC,$.credentialSubject.authorisation[].endorsementEvidence.linkName,yes,yes,string,not published,yes,,,,,"No third-party conformity assessment is published for any claim in this chain (PUE, grid intensity, energy, emissions, water, dataset licences).",Display name for this link.
all,(no DCC produced),DCC,$.credentialSubject.authorisation[].endorsementEvidence.digestMultibase,yes,no,string,not published,yes,,,,,"No third-party conformity assessment is published for any claim in this chain (PUE, grid intensity, energy, emissions, water, dataset licences).",An optional multi-base encoded digest to ensure the content of the link has not changed. See https://www.w3.org/TR/vc-data-integrity/#resource-integrity for ...
all,(no DCC produced),DCC,$.credentialSubject.authorisation[].endorsementEvidence.mediaType,yes,no,string,not published,yes,,,,,"No third-party conformity assessment is published for any claim in this chain (PUE, grid intensity, energy, emissions, water, dataset licences).",The media type of the target resource.
all,(no DCC produced),DCC,$.credentialSubject.authorisation[].endorsementEvidence.linkType,yes,no,string,not published,yes,,,,,"No third-party conformity assessment is published for any claim in this chain (PUE, grid intensity, energy, emissions, water, dataset licences).",The type of the target resource - drawn from a controlled vocabulary 
all,(no DCC produced),DCC,$.credentialSubject.referenceScheme,yes,yes,object,not published,yes,,,,,"No third-party conformity assessment is published for any claim in this chain (PUE, grid intensity, energy, emissions, water, dataset licences).",The conformity scheme under which this attestation is made.
all,(no DCC produced),DCC,$.credentialSubject.referenceScheme.type,yes,no,array<string>,not published,yes,,,,,"No third-party conformity assessment is published for any claim in this chain (PUE, grid intensity, energy, emissions, water, dataset licences).",
all,(no DCC produced),DCC,$.credentialSubject.referenceScheme.id,yes,yes,string,not published,yes,,,,,"No third-party conformity assessment is published for any claim in this chain (PUE, grid intensity, energy, emissions, water, dataset licences).",Globally unique identifier of this conformity scheme. Typically represented as a URI SchemeOwner/SchemeName URI
all,(no DCC produced),DCC,$.credentialSubject.referenceScheme.name,yes,yes,string,not published,yes,,,,,"No third-party conformity assessment is published for any claim in this chain (PUE, grid intensity, energy, emissions, water, dataset licences).",Name of this scheme as defined by the scheme owner.
all,(no DCC produced),DCC,$.credentialSubject.referenceProfile,yes,no,object,not published,yes,,,,,"No third-party conformity assessment is published for any claim in this chain (PUE, grid intensity, energy, emissions, water, dataset licences).",The specific versioned conformity profile (comprising a set of versioned criteria) against which this conformity attestation is made.
all,(no DCC produced),DCC,$.credentialSubject.referenceProfile.type,yes,no,array<string>,not published,yes,,,,,"No third-party conformity assessment is published for any claim in this chain (PUE, grid intensity, energy, emissions, water, dataset licences).",
all,(no DCC produced),DCC,$.credentialSubject.referenceProfile.id,yes,yes,string,not published,yes,,,,,"No third-party conformity assessment is published for any claim in this chain (PUE, grid intensity, energy, emissions, water, dataset licences).",Globally unique identifier of this context specific conformity profile. Typically represented as a URI SchemeOwner/profileID URI
all,(no DCC produced),DCC,$.credentialSubject.referenceProfile.name,yes,yes,string,not published,yes,,,,,"No third-party conformity assessment is published for any claim in this chain (PUE, grid intensity, energy, emissions, water, dataset licences).",Name of this conformity profile as defined by the scheme owner.
all,(no DCC produced),DCC,$.credentialSubject.profileScore,yes,no,object,not published,yes,,,,,"No third-party conformity assessment is published for any claim in this chain (PUE, grid intensity, energy, emissions, water, dataset licences).",The overall performance against a scheme level performance measurement framework for the referenced profile or scheme.
all,(no DCC produced),DCC,$.credentialSubject.profileScore.code,yes,yes,string,not published,yes,,,,,"No third-party conformity assessment is published for any claim in this chain (PUE, grid intensity, energy, emissions, water, dataset licences).","The coded value for this score (eg ""AAA"")"
all,(no DCC produced),DCC,$.credentialSubject.profileScore.rank,yes,no,integer,not published,yes,,,,,"No third-party conformity assessment is published for any claim in this chain (PUE, grid intensity, energy, emissions, water, dataset licences).","The ranking of this score within the scoring framework - using an integer where ""1"" is the highest rank."
all,(no DCC produced),DCC,$.credentialSubject.profileScore.definition,yes,no,string,not published,yes,,,,,"No third-party conformity assessment is published for any claim in this chain (PUE, grid intensity, energy, emissions, water, dataset licences).",A description of the meaning of this score.
all,(no DCC produced),DCC,$.credentialSubject.conformityCertificate,yes,no,object,not published,yes,,,,,"No third-party conformity assessment is published for any claim in this chain (PUE, grid intensity, energy, emissions, water, dataset licences).",A reference to the human / printable version of this conformity attestation - typically represented as a PDF document. The document may have more details tha...
all,(no DCC produced),DCC,$.credentialSubject.conformityCertificate.linkURL,yes,yes,string,not published,yes,,,,,"No third-party conformity assessment is published for any claim in this chain (PUE, grid intensity, energy, emissions, water, dataset licences).",The URL of the target resource.  
all,(no DCC produced),DCC,$.credentialSubject.conformityCertificate.linkName,yes,yes,string,not published,yes,,,,,"No third-party conformity assessment is published for any claim in this chain (PUE, grid intensity, energy, emissions, water, dataset licences).",Display name for this link.
all,(no DCC produced),DCC,$.credentialSubject.conformityCertificate.digestMultibase,yes,no,string,not published,yes,,,,,"No third-party conformity assessment is published for any claim in this chain (PUE, grid intensity, energy, emissions, water, dataset licences).",An optional multi-base encoded digest to ensure the content of the link has not changed. See https://www.w3.org/TR/vc-data-integrity/#resource-integrity for ...
all,(no DCC produced),DCC,$.credentialSubject.conformityCertificate.mediaType,yes,no,string,not published,yes,,,,,"No third-party conformity assessment is published for any claim in this chain (PUE, grid intensity, energy, emissions, water, dataset licences).",The media type of the target resource.
all,(no DCC produced),DCC,$.credentialSubject.conformityCertificate.linkType,yes,no,string,not published,yes,,,,,"No third-party conformity assessment is published for any claim in this chain (PUE, grid intensity, energy, emissions, water, dataset licences).",The type of the target resource - drawn from a controlled vocabulary 
all,(no DCC produced),DCC,$.credentialSubject.auditableEvidence,yes,no,object,not published,yes,,,,,"No third-party conformity assessment is published for any claim in this chain (PUE, grid intensity, energy, emissions, water, dataset licences).","Auditable evidence supporting this assessment such as raw measurements, supporting documents. This is usually private data and would normally be encrypted."
all,(no DCC produced),DCC,$.credentialSubject.auditableEvidence.linkURL,yes,yes,string,not published,yes,,,,,"No third-party conformity assessment is published for any claim in this chain (PUE, grid intensity, energy, emissions, water, dataset licences).",The URL of the target resource.  
all,(no DCC produced),DCC,$.credentialSubject.auditableEvidence.linkName,yes,yes,string,not published,yes,,,,,"No third-party conformity assessment is published for any claim in this chain (PUE, grid intensity, energy, emissions, water, dataset licences).",Display name for this link.
all,(no DCC produced),DCC,$.credentialSubject.auditableEvidence.digestMultibase,yes,no,string,not published,yes,,,,,"No third-party conformity assessment is published for any claim in this chain (PUE, grid intensity, energy, emissions, water, dataset licences).",An optional multi-base encoded digest to ensure the content of the link has not changed. See https://www.w3.org/TR/vc-data-integrity/#resource-integrity for ...
all,(no DCC produced),DCC,$.credentialSubject.auditableEvidence.mediaType,yes,no,string,not published,yes,,,,,"No third-party conformity assessment is published for any claim in this chain (PUE, grid intensity, energy, emissions, water, dataset licences).",The media type of the target resource.
all,(no DCC produced),DCC,$.credentialSubject.auditableEvidence.linkType,yes,no,string,not published,yes,,,,,"No third-party conformity assessment is published for any claim in this chain (PUE, grid intensity, energy, emissions, water, dataset licences).",The type of the target resource - drawn from a controlled vocabulary 
all,(no DCC produced),DCC,$.credentialSubject.trustmark,yes,no,object,not published,yes,,,,,"No third-party conformity assessment is published for any claim in this chain (PUE, grid intensity, energy, emissions, water, dataset licences).",A trust mark as a small binary image encoded as base64 with a description.  Maye be displayed on the conformity credential rendering.
all,(no DCC produced),DCC,$.credentialSubject.trustmark.name,yes,yes,string,not published,yes,,,,,"No third-party conformity assessment is published for any claim in this chain (PUE, grid intensity, energy, emissions, water, dataset licences).",the display name for this image
all,(no DCC produced),DCC,$.credentialSubject.trustmark.description,yes,no,string,not published,yes,,,,,"No third-party conformity assessment is published for any claim in this chain (PUE, grid intensity, energy, emissions, water, dataset licences).",The detailed description / supporting information for this image.
all,(no DCC produced),DCC,$.credentialSubject.trustmark.imageData,yes,yes,string,not published,yes,,,,,"No third-party conformity assessment is published for any claim in this chain (PUE, grid intensity, energy, emissions, water, dataset licences).",The image data encoded as a base64 string.
all,(no DCC produced),DCC,$.credentialSubject.trustmark.mediaType,yes,yes,string,not published,yes,,,,,"No third-party conformity assessment is published for any claim in this chain (PUE, grid intensity, energy, emissions, water, dataset licences).","The media type of this image (eg image/png)      This is an enumerated value, but the list of valid values are too big, or change too often to include here. ..."
all,(no DCC produced),DCC,$.credentialSubject.conformityAssessment[],yes,no,object,not published,yes,,,,,"No third-party conformity assessment is published for any claim in this chain (PUE, grid intensity, energy, emissions, water, dataset licences).",A list of individual assessment made under this attestation. 
all,(no DCC produced),DCC,$.credentialSubject.conformityAssessment[].type,yes,no,array<string>,not published,yes,,,,,"No third-party conformity assessment is published for any claim in this chain (PUE, grid intensity, energy, emissions, water, dataset licences).",
all,(no DCC produced),DCC,$.credentialSubject.conformityAssessment[].id,yes,yes,string,not published,yes,,,,,"No third-party conformity assessment is published for any claim in this chain (PUE, grid intensity, energy, emissions, water, dataset licences).",Globally unique identifier of this assessment. Typically represented as a URI AssessmentBody/Assessment URI or a UUID
all,(no DCC produced),DCC,$.credentialSubject.conformityAssessment[].name,yes,yes,string,not published,yes,,,,,"No third-party conformity assessment is published for any claim in this chain (PUE, grid intensity, energy, emissions, water, dataset licences).",Name of this assessment - typically similar or the same as the referenced criterion name.
all,(no DCC produced),DCC,$.credentialSubject.conformityAssessment[].description,yes,no,string,not published,yes,,,,,"No third-party conformity assessment is published for any claim in this chain (PUE, grid intensity, energy, emissions, water, dataset licences).",Description of this conformity assessment 
all,(no DCC produced),DCC,$.credentialSubject.conformityAssessment[].assessmentCriteria[],yes,yes,object,not published,yes,,,,,"No third-party conformity assessment is published for any claim in this chain (PUE, grid intensity, energy, emissions, water, dataset licences).",The specification against which the assessment is made.
all,(no DCC produced),DCC,$.credentialSubject.conformityAssessment[].assessmentCriteria[].type,yes,no,array<string>,not published,yes,,,,,"No third-party conformity assessment is published for any claim in this chain (PUE, grid intensity, energy, emissions, water, dataset licences).",
all,(no DCC produced),DCC,$.credentialSubject.conformityAssessment[].assessmentCriteria[].id,yes,yes,string,not published,yes,,,,,"No third-party conformity assessment is published for any claim in this chain (PUE, grid intensity, energy, emissions, water, dataset licences).",Globally unique identifier of this conformity criterion. Typically represented as a URI SchemeOwner/CriterionID URI
all,(no DCC produced),DCC,$.credentialSubject.conformityAssessment[].assessmentCriteria[].name,yes,yes,string,not published,yes,,,,,"No third-party conformity assessment is published for any claim in this chain (PUE, grid intensity, energy, emissions, water, dataset licences).",Name of this criterion as defined by the scheme owner.
all,(no DCC produced),DCC,$.credentialSubject.conformityAssessment[].assessmentDate,yes,yes,string,not published,yes,,,,,"No third-party conformity assessment is published for any claim in this chain (PUE, grid intensity, energy, emissions, water, dataset licences).",The date on which this assessment was made. 
all,(no DCC produced),DCC,$.credentialSubject.conformityAssessment[].assessedPerformance[],yes,yes,object,not published,yes,,,,,"No third-party conformity assessment is published for any claim in this chain (PUE, grid intensity, energy, emissions, water, dataset licences).",The assessed performance against criteria.
all,(no DCC produced),DCC,$.credentialSubject.conformityAssessment[].assessedPerformance[].metric,yes,no,object,not published,yes,,,,,"No third-party conformity assessment is published for any claim in this chain (PUE, grid intensity, energy, emissions, water, dataset licences).",The metric (eg material emissions intensity CO2e/Kg or percentage of young workers) that is measured.
all,(no DCC produced),DCC,$.credentialSubject.conformityAssessment[].assessedPerformance[].metric.type,yes,no,array<string>,not published,yes,,,,,"No third-party conformity assessment is published for any claim in this chain (PUE, grid intensity, energy, emissions, water, dataset licences).",
all,(no DCC produced),DCC,$.credentialSubject.conformityAssessment[].assessedPerformance[].metric.id,yes,yes,string,not published,yes,,,,,"No third-party conformity assessment is published for any claim in this chain (PUE, grid intensity, energy, emissions, water, dataset licences).",Globally unique identifier of this reporting metric. 
all,(no DCC produced),DCC,$.credentialSubject.conformityAssessment[].assessedPerformance[].metric.name,yes,yes,string,not published,yes,,,,,"No third-party conformity assessment is published for any claim in this chain (PUE, grid intensity, energy, emissions, water, dataset licences).","A human readable name for this metric (for example ""water usage per Kg of material"")"
all,(no DCC produced),DCC,$.credentialSubject.conformityAssessment[].assessedPerformance[].measure,yes,no,object,not published,yes,,,,,"No third-party conformity assessment is published for any claim in this chain (PUE, grid intensity, energy, emissions, water, dataset licences).",The measured performance value
all,(no DCC produced),DCC,$.credentialSubject.conformityAssessment[].assessedPerformance[].measure.value,yes,yes,number,not published,yes,,,,,"No third-party conformity assessment is published for any claim in this chain (PUE, grid intensity, energy, emissions, water, dataset licences).",The numeric value of the measure
all,(no DCC produced),DCC,$.credentialSubject.conformityAssessment[].assessedPerformance[].measure.upperTolerance,yes,no,number,not published,yes,,,,,"No third-party conformity assessment is published for any claim in this chain (PUE, grid intensity, energy, emissions, water, dataset licences).","The upper tolerance associated with this measure expressed in the same units as the measure.  For example value=10, upperTolerance=0.1, unit=KGM would mean t..."
all,(no DCC produced),DCC,$.credentialSubject.conformityAssessment[].assessedPerformance[].measure.lowerTolerance,yes,no,number,not published,yes,,,,,"No third-party conformity assessment is published for any claim in this chain (PUE, grid intensity, energy, emissions, water, dataset licences).","The lower tolerance associated with this measure expressed in the same units as the measure.  For example value=10, lowerTolerance=0.1, unit=KGM would mean t..."
all,(no DCC produced),DCC,$.credentialSubject.conformityAssessment[].assessedPerformance[].measure.unit,yes,yes,string,not published,yes,,,,,"No third-party conformity assessment is published for any claim in this chain (PUE, grid intensity, energy, emissions, water, dataset licences).","Unit of measure drawn from the UNECE Rec20 measure code list.      This is an enumerated value, but the list of valid values are too big, or change too often..."
all,(no DCC produced),DCC,$.credentialSubject.conformityAssessment[].assessedPerformance[].score,yes,no,object,not published,yes,,,,,"No third-party conformity assessment is published for any claim in this chain (PUE, grid intensity, energy, emissions, water, dataset licences).","A performance score (eg ""AA"") drawn from a scoring framework defined by the scheme or criterion."
all,(no DCC produced),DCC,$.credentialSubject.conformityAssessment[].assessedPerformance[].score.code,yes,yes,string,not published,yes,,,,,"No third-party conformity assessment is published for any claim in this chain (PUE, grid intensity, energy, emissions, water, dataset licences).","The coded value for this score (eg ""AAA"")"
all,(no DCC produced),DCC,$.credentialSubject.conformityAssessment[].assessedPerformance[].score.rank,yes,no,integer,not published,yes,,,,,"No third-party conformity assessment is published for any claim in this chain (PUE, grid intensity, energy, emissions, water, dataset licences).","The ranking of this score within the scoring framework - using an integer where ""1"" is the highest rank."
all,(no DCC produced),DCC,$.credentialSubject.conformityAssessment[].assessedPerformance[].score.definition,yes,no,string,not published,yes,,,,,"No third-party conformity assessment is published for any claim in this chain (PUE, grid intensity, energy, emissions, water, dataset licences).",A description of the meaning of this score.
all,(no DCC produced),DCC,$.credentialSubject.conformityAssessment[].assessedProduct[],yes,no,object,not published,yes,,,,,"No third-party conformity assessment is published for any claim in this chain (PUE, grid intensity, energy, emissions, water, dataset licences).",The product which is the subject of this assessment.
all,(no DCC produced),DCC,$.credentialSubject.conformityAssessment[].assessedProduct[].product,yes,yes,object,not published,yes,,,,,"No third-party conformity assessment is published for any claim in this chain (PUE, grid intensity, energy, emissions, water, dataset licences).","The product, serial or batch that is the subject of this assessment"
all,(no DCC produced),DCC,$.credentialSubject.conformityAssessment[].assessedProduct[].product.type,yes,no,array<string>,not published,yes,,,,,"No third-party conformity assessment is published for any claim in this chain (PUE, grid intensity, energy, emissions, water, dataset licences).",
all,(no DCC produced),DCC,$.credentialSubject.conformityAssessment[].assessedProduct[].product.id,yes,yes,string,not published,yes,,,,,"No third-party conformity assessment is published for any claim in this chain (PUE, grid intensity, energy, emissions, water, dataset licences).","Globally unique identifier of this product. Typically represented as a URI identifierScheme/Identifier URI or, if self-issued, as a did."
all,(no DCC produced),DCC,$.credentialSubject.conformityAssessment[].assessedProduct[].product.name,yes,yes,string,not published,yes,,,,,"No third-party conformity assessment is published for any claim in this chain (PUE, grid intensity, energy, emissions, water, dataset licences).",The product name as known to the market.
all,(no DCC produced),DCC,$.credentialSubject.conformityAssessment[].assessedProduct[].product.modelNumber,yes,no,string,not published,yes,,,,,"No third-party conformity assessment is published for any claim in this chain (PUE, grid intensity, energy, emissions, water, dataset licences).","Where available, the model number (for manufactured products) or material identification (for bulk materials)"
all,(no DCC produced),DCC,$.credentialSubject.conformityAssessment[].assessedProduct[].product.batchNumber,yes,no,string,not published,yes,,,,,"No third-party conformity assessment is published for any claim in this chain (PUE, grid intensity, energy, emissions, water, dataset licences).",Identifier of the specific production batch of the product.  Unique within the product class.
all,(no DCC produced),DCC,$.credentialSubject.conformityAssessment[].assessedProduct[].product.itemNumber,yes,no,string,not published,yes,,,,,"No third-party conformity assessment is published for any claim in this chain (PUE, grid intensity, energy, emissions, water, dataset licences).",A number or code representing a specific serialised item of the product. Unique within product class.
all,(no DCC produced),DCC,$.credentialSubject.conformityAssessment[].assessedProduct[].idVerifiedByCAB,yes,no,boolean,not published,yes,,,,,"No third-party conformity assessment is published for any claim in this chain (PUE, grid intensity, energy, emissions, water, dataset licences).",Indicates whether the conformity assessment body has verified the identity product that is the subject of the assessment.
all,(no DCC produced),DCC,$.credentialSubject.conformityAssessment[].assessedFacility[],yes,no,object,not published,yes,,,,,"No third-party conformity assessment is published for any claim in this chain (PUE, grid intensity, energy, emissions, water, dataset licences).",The facility which is the subject of this assessment.
all,(no DCC produced),DCC,$.credentialSubject.conformityAssessment[].assessedFacility[].facility,yes,yes,object,not published,yes,,,,,"No third-party conformity assessment is published for any claim in this chain (PUE, grid intensity, energy, emissions, water, dataset licences).",The facility which is the subject of this assessment
all,(no DCC produced),DCC,$.credentialSubject.conformityAssessment[].assessedFacility[].facility.type,yes,no,array<string>,not published,yes,,,,,"No third-party conformity assessment is published for any claim in this chain (PUE, grid intensity, energy, emissions, water, dataset licences).",
all,(no DCC produced),DCC,$.credentialSubject.conformityAssessment[].assessedFacility[].facility.id,yes,yes,string,not published,yes,,,,,"No third-party conformity assessment is published for any claim in this chain (PUE, grid intensity, energy, emissions, water, dataset licences).",Globally unique identifier of this facility. Typically represented as a URI identifierScheme/Identifier URI
all,(no DCC produced),DCC,$.credentialSubject.conformityAssessment[].assessedFacility[].facility.name,yes,yes,string,not published,yes,,,,,"No third-party conformity assessment is published for any claim in this chain (PUE, grid intensity, energy, emissions, water, dataset licences).",Name of this facility as defined the location register.
all,(no DCC produced),DCC,$.credentialSubject.conformityAssessment[].assessedFacility[].facility.registeredId,yes,no,string,not published,yes,,,,,"No third-party conformity assessment is published for any claim in this chain (PUE, grid intensity, energy, emissions, water, dataset licences).",The registration number (alphanumeric) of the facility within the identifier scheme. Unique within the register.
all,(no DCC produced),DCC,$.credentialSubject.conformityAssessment[].assessedFacility[].idVerifiedByCAB,yes,no,boolean,not published,yes,,,,,"No third-party conformity assessment is published for any claim in this chain (PUE, grid intensity, energy, emissions, water, dataset licences).",Indicates whether the conformity assessment body has verified the identity of the facility which is the subject of the assessment.
all,(no DCC produced),DCC,$.credentialSubject.conformityAssessment[].assessedOrganisation,yes,no,object,not published,yes,,,,,"No third-party conformity assessment is published for any claim in this chain (PUE, grid intensity, energy, emissions, water, dataset licences).",An organisation that is the subject of this assessment.
all,(no DCC produced),DCC,$.credentialSubject.conformityAssessment[].assessedOrganisation.type,yes,no,array<string>,not published,yes,,,,,"No third-party conformity assessment is published for any claim in this chain (PUE, grid intensity, energy, emissions, water, dataset licences).",
all,(no DCC produced),DCC,$.credentialSubject.conformityAssessment[].assessedOrganisation.id,yes,yes,string,not published,yes,,,,,"No third-party conformity assessment is published for any claim in this chain (PUE, grid intensity, energy, emissions, water, dataset licences).",Globally unique identifier of this party. Typically represented as a URI identifierScheme/Identifier URI
all,(no DCC produced),DCC,$.credentialSubject.conformityAssessment[].assessedOrganisation.name,yes,yes,string,not published,yes,,,,,"No third-party conformity assessment is published for any claim in this chain (PUE, grid intensity, energy, emissions, water, dataset licences).",Legal registered name of this party.
all,(no DCC produced),DCC,$.credentialSubject.conformityAssessment[].referenceStandard[],yes,no,object,not published,yes,,,,,"No third-party conformity assessment is published for any claim in this chain (PUE, grid intensity, energy, emissions, water, dataset licences).",The reference to the standard that defines the specification / criteria
all,(no DCC produced),DCC,$.credentialSubject.conformityAssessment[].referenceStandard[].type,yes,no,array<string>,not published,yes,,,,,"No third-party conformity assessment is published for any claim in this chain (PUE, grid intensity, energy, emissions, water, dataset licences).",
all,(no DCC produced),DCC,$.credentialSubject.conformityAssessment[].referenceStandard[].id,yes,yes,string,not published,yes,,,,,"No third-party conformity assessment is published for any claim in this chain (PUE, grid intensity, energy, emissions, water, dataset licences).",Globally unique identifier of this standard. Typically represented as a URI issuer/standard URI
all,(no DCC produced),DCC,$.credentialSubject.conformityAssessment[].referenceStandard[].name,yes,yes,string,not published,yes,,,,,"No third-party conformity assessment is published for any claim in this chain (PUE, grid intensity, energy, emissions, water, dataset licences).",Name for this standard
all,(no DCC produced),DCC,$.credentialSubject.conformityAssessment[].referenceRegulation[],yes,no,object,not published,yes,,,,,"No third-party conformity assessment is published for any claim in this chain (PUE, grid intensity, energy, emissions, water, dataset licences).",The reference to the regulation that defines the assessment criteria
all,(no DCC produced),DCC,$.credentialSubject.conformityAssessment[].referenceRegulation[].type,yes,no,array<string>,not published,yes,,,,,"No third-party conformity assessment is published for any claim in this chain (PUE, grid intensity, energy, emissions, water, dataset licences).",
all,(no DCC produced),DCC,$.credentialSubject.conformityAssessment[].referenceRegulation[].id,yes,yes,string,not published,yes,,,,,"No third-party conformity assessment is published for any claim in this chain (PUE, grid intensity, energy, emissions, water, dataset licences).",Globally unique identifier of this standard. Typically represented as a URI government/regulation URI
all,(no DCC produced),DCC,$.credentialSubject.conformityAssessment[].referenceRegulation[].name,yes,yes,string,not published,yes,,,,,"No third-party conformity assessment is published for any claim in this chain (PUE, grid intensity, energy, emissions, water, dataset licences).",Name of this regulation as defined by the regulator.
all,(no DCC produced),DCC,$.credentialSubject.conformityAssessment[].specifiedCondition,yes,no,array<string>,not published,yes,,,,,"No third-party conformity assessment is published for any claim in this chain (PUE, grid intensity, energy, emissions, water, dataset licences).","A list of specific conditions that constrain this conformity assessment. For example a specific jurisdiction, material type, or test method."
all,(no DCC produced),DCC,$.credentialSubject.conformityAssessment[].evidence[],yes,no,object,not published,yes,,,,,"No third-party conformity assessment is published for any claim in this chain (PUE, grid intensity, energy, emissions, water, dataset licences).",Evidence to support this specific assessment.
all,(no DCC produced),DCC,$.credentialSubject.conformityAssessment[].evidence[].linkURL,yes,yes,string,not published,yes,,,,,"No third-party conformity assessment is published for any claim in this chain (PUE, grid intensity, energy, emissions, water, dataset licences).",The URL of the target resource.  
all,(no DCC produced),DCC,$.credentialSubject.conformityAssessment[].evidence[].linkName,yes,yes,string,not published,yes,,,,,"No third-party conformity assessment is published for any claim in this chain (PUE, grid intensity, energy, emissions, water, dataset licences).",Display name for this link.
all,(no DCC produced),DCC,$.credentialSubject.conformityAssessment[].evidence[].digestMultibase,yes,no,string,not published,yes,,,,,"No third-party conformity assessment is published for any claim in this chain (PUE, grid intensity, energy, emissions, water, dataset licences).",An optional multi-base encoded digest to ensure the content of the link has not changed. See https://www.w3.org/TR/vc-data-integrity/#resource-integrity for ...
all,(no DCC produced),DCC,$.credentialSubject.conformityAssessment[].evidence[].mediaType,yes,no,string,not published,yes,,,,,"No third-party conformity assessment is published for any claim in this chain (PUE, grid intensity, energy, emissions, water, dataset licences).",The media type of the target resource.
all,(no DCC produced),DCC,$.credentialSubject.conformityAssessment[].evidence[].linkType,yes,no,string,not published,yes,,,,,"No third-party conformity assessment is published for any claim in this chain (PUE, grid intensity, energy, emissions, water, dataset licences).",The type of the target resource - drawn from a controlled vocabulary 
all,(no DCC produced),DCC,$.credentialSubject.conformityAssessment[].conformityTopic[],yes,yes,object,not published,yes,,,,,"No third-party conformity assessment is published for any claim in this chain (PUE, grid intensity, energy, emissions, water, dataset licences).",The UNTP conformity topic used to categorise this assessment. Should match the topic defined by the scheme criterion.
all,(no DCC produced),DCC,$.credentialSubject.conformityAssessment[].conformityTopic[].type,yes,no,array<string>,not published,yes,,,,,"No third-party conformity assessment is published for any claim in this chain (PUE, grid intensity, energy, emissions, water, dataset licences).",
all,(no DCC produced),DCC,$.credentialSubject.conformityAssessment[].conformityTopic[].id,yes,yes,string,not published,yes,,,,,"No third-party conformity assessment is published for any claim in this chain (PUE, grid intensity, energy, emissions, water, dataset licences).",The unique identifier for this conformity topic
all,(no DCC produced),DCC,$.credentialSubject.conformityAssessment[].conformityTopic[].name,yes,yes,string,not published,yes,,,,,"No third-party conformity assessment is published for any claim in this chain (PUE, grid intensity, energy, emissions, water, dataset licences).",The human readable name for this conformity topic.
all,(no DCC produced),DCC,$.credentialSubject.conformityAssessment[].conformityTopic[].definition,yes,no,string,not published,yes,,,,,"No third-party conformity assessment is published for any claim in this chain (PUE, grid intensity, energy, emissions, water, dataset licences).",The rich definition of this conformity topic.
all,(no DCC produced),DCC,$.credentialSubject.conformityAssessment[].conformance,yes,no,boolean,not published,yes,,,,,"No third-party conformity assessment is published for any claim in this chain (PUE, grid intensity, energy, emissions, water, dataset licences).",An indicator (true / false) whether the outcome of this assessment is conformant to the requirements defined by the standard or criterion.
all,(no DCC produced),DCC,$.issuingSoftware,yes,no,object,not published,yes,,,,,"No third-party conformity assessment is published for any claim in this chain (PUE, grid intensity, energy, emissions, water, dataset licences).",Optional metadata identifying the software product (and its vendor) that issued this credential. Useful for vendor traceability and conformity testing. Issue...
all,(no DCC produced),DCC,$.issuingSoftware.id,yes,yes,string,not published,yes,,,,,"No third-party conformity assessment is published for any claim in this chain (PUE, grid intensity, energy, emissions, water, dataset licences).",A resolvable identifier for the specific version of the software product that issued this credential.
all,(no DCC produced),DCC,$.issuingSoftware.name,yes,yes,string,not published,yes,,,,,"No third-party conformity assessment is published for any claim in this chain (PUE, grid intensity, energy, emissions, water, dataset licences).",The name of the software product that issued this credential.
all,(no DCC produced),DCC,$.issuingSoftware.version,yes,yes,string,not published,yes,,,,,"No third-party conformity assessment is published for any claim in this chain (PUE, grid intensity, energy, emissions, water, dataset licences).",The version of the software product that issued this credential.
all,(no DCC produced),DCC,$.issuingSoftware.vendor,yes,yes,object,not published,yes,,,,,"No third-party conformity assessment is published for any claim in this chain (PUE, grid intensity, energy, emissions, water, dataset licences).",The vendor of the software product that issued this credential.
all,(no DCC produced),DCC,$.issuingSoftware.vendor.id,yes,yes,string,not published,yes,,,,,"No third-party conformity assessment is published for any claim in this chain (PUE, grid intensity, energy, emissions, water, dataset licences).",The decentralised identifier (DID) or other resolvable identifier of the software vendor.
all,(no DCC produced),DCC,$.issuingSoftware.vendor.name,yes,yes,string,not published,yes,,,,,"No third-party conformity assessment is published for any claim in this chain (PUE, grid intensity, energy, emissions, water, dataset licences).",The name of the software vendor.
